q_table,orig_attr,orig_value,orig_n_D,new_attr,new_value,new_n_D,n_candidates_considered,n_candidates_verified
0_1438042988458.74_20150728002308-00103-ip-10-236-191-2_666285279_1.csv,0,Miscellaneous,3,4,50,93,28,20
1_1438042987127.36_20150728002307-00144-ip-10-236-191-2_676020729_0.csv,2,14 Instagram Adult Improv Comedy Show Full Bar/Restaurant,3,4,2,252,31,20
0_1438042988061.16_20150728002308-00282-ip-10-236-191-2_894007386_3.csv,1,"Find an advisor early. They will be able to direct you to the path that is best for you and want the best for you. Also, make sure to take Research Methods as most students go into university without proper writing skills.",1,0,Tips for prospective students,369,10,10
0_1438042988458.74_20150728002308-00249-ip-10-236-191-2_328699461_4.csv,2,1,562,2,1,562,14,14
1_1438042990112.50_20150728002310-00273-ip-10-236-191-2_869240800_0.csv,2,27 Sep 2009 13:40:19 GMT,1,0,RapidApp-1.0601,2,149,20
0_1438042988061.16_20150728002308-00096-ip-10-236-191-2_895004754_0.csv,0,"The ""it"" girls, c1986:",1,0,"The ""it"" girls, c1986:",1,3,3
1_1438042987127.36_20150728002307-00114-ip-10-236-191-2_902351685_191.csv,1,There is a list of 100 things to do before you leave Mizzou. Try them all! They are all fun. Don't forget to ride the tiger.,1,0,Tips for prospective students,365,12,12
1_1438042987127.36_20150728002307-00182-ip-10-236-191-2_150862475_5.csv,6,0,265,2,3,381,27,20
1_1438042987127.36_20150728002307-00015-ip-10-236-191-2_372255835_10.csv,2,100 Million,1,2,100 Million,1,16,16
0_1438042988458.74_20150728002308-00325-ip-10-236-191-2_265100376_0.csv,0,"The dividing head & deluxe accessories, c1982:",1,0,"The dividing head & deluxe accessories, c1982:",1,9,9
1_1438042987127.36_20150728002307-00000-ip-10-236-191-2_300770320_2.csv,0,22,88,0,1,329,138,20
0_1438042988061.16_20150728002308-00164-ip-10-236-191-2_873456340_3.csv,1,http://mibbit.com/chat/,1,0,1,177,7,7
0_1438042988458.74_20150728002308-00046-ip-10-236-191-2_688841822_2.csv,3,-,57,3,-,57,34,20
1_1438042990112.50_20150728002310-00103-ip-10-236-191-2_381157664_0.csv,0,Personal Property In Transit,3,2,0,38,43,20
1_1438042987127.36_20150728002307-00080-ip-10-236-191-2_899463259_102.csv,0,What to do for fun,287,0,Tips for prospective students,366,20,20
1_1438042987127.36_20150728002307-00140-ip-10-236-191-2_74640728_1.csv,1,Data Output Y LSB Register,1,0,11,85,28,20
1_1438042990112.50_20150728002310-00154-ip-10-236-191-2_303864106_21.csv,7,1,304,8,3,371,58,20
0_1438042988458.74_20150728002308-00264-ip-10-236-191-2_704598375_3.csv,0,02/07/11,1,1,Ajax,2,12,12
0_1438042988061.16_20150728002308-00310-ip-10-236-191-2_342423429_0.csv,0,20-49,1,1,$0.99,2,10,10
1_1438042988061.16_20150728002308-00116-ip-10-236-191-2_764081199_5.csv,0,Barrow,2,2,Washington,17,51,20
0_1438042988458.74_20150728002308-00095-ip-10-236-191-2_520943855_0.csv,1,Mods/Gms/Admins??? Author: beautifuldreams Replies: 5 Views: 558,1,3,2,308,23,20
0_1438042988061.16_20150728002308-00322-ip-10-236-191-2_739065442_3.csv,2,114,4,2,19,38,12,12
1_1438042987127.36_20150728002307-00145-ip-10-236-191-2_499439925_0.csv,0,8,430,0,3,502,83,20
1_1438042990112.50_20150728002310-00013-ip-10-236-191-2_321346784_4.csv,0,Small,109,2,1,534,9,9
0_1438042988061.16_20150728002308-00143-ip-10-236-191-2_392191488_0.csv,2,Video: HowToETLTransactionData.wmv Video: HowToETLTransactionData.mov,1,0,3/4,2,72,20
1_1438042987127.36_20150728002307-00040-ip-10-236-191-2_17801588_1.csv,0,hulkcanada,1,0,hulkcanada,1,6,6
1_1438042987127.36_20150728002307-00050-ip-10-236-191-2_732552166_0.csv,0,ara_lle4_sample.pdf,1,0,ara_lle4_sample.pdf,1,4,4
1_1438042987127.36_20150728002307-00263-ip-10-236-191-2_379683688_1.csv,1,Mini DisplayPort/Thunderbolt I/O,1,0,Video,6,18,18
1_1438042990112.50_20150728002310-00139-ip-10-236-191-2_473436377_9.csv,2,Maintenance fee reminder mailed,52,1,AS,109,20,20
1_1438042987127.36_20150728002307-00017-ip-10-236-191-2_861030184_5.csv,0,AbeBooks,3,1,No price,4,4,4
1_1438042990112.50_20150728002310-00304-ip-10-236-191-2_45966862_1.csv,1,"Bears 31, Packers 30",1,1,"Bears 31, Packers 30",1,12,12
0_1438042988458.74_20150728002308-00228-ip-10-236-191-2_891010931_1.csv,1,add,37,1,add,37,44,20
1_1438042987127.36_20150728002307-00033-ip-10-236-191-2_482136553_0.csv,1,$ 5.49,1,0,1,263,12,12
0_1438042988061.16_20150728002308-00234-ip-10-236-191-2_710361395_1.csv,3,91,5,8,10,245,83,20
1_1438042987127.36_20150728002307-00155-ip-10-236-191-2_478402679_2.csv,2,"Home Design, Shopping",1,2,"Home Design, Shopping",1,5,5
1_1438042987127.36_20150728002307-00337-ip-10-236-191-2_652633433_0.csv,1,Internet Game Database,1,3,Events,4,19,19
0_1438042988061.16_20150728002308-00109-ip-10-236-191-2_681611335_21.csv,4,2491,1,1,1,474,28,20
0_1438042988061.16_20150728002308-00096-ip-10-236-191-2_920768028_81.csv,0,FR Doc.,29,0,FR Doc.,29,7,7
0_1438042988061.16_20150728002308-00244-ip-10-236-191-2_65898746_2.csv,0,26,302,3,1,527,31,20
0_1438042988061.16_20150728002308-00295-ip-10-236-191-2_159128928_26.csv,2,7.5,9,2,3,164,14,14
0_1438042988061.16_20150728002308-00215-ip-10-236-191-2_362876303_35.csv,1,09-04-1993,1,2,3,353,47,20
1_1438042990112.50_20150728002310-00312-ip-10-236-191-2_3243890_59.csv,3,880,1,0,1,253,24,20
1_1438042990112.50_20150728002310-00085-ip-10-236-191-2_403435483_3.csv,1,1,229,1,1,229,4,4
0_1438042988061.16_20150728002308-00274-ip-10-236-191-2_901881144_4.csv,0,California Thoroughbred Breeders' Association S.,3,1,FL,4,11,11
1_1438042987127.36_20150728002307-00326-ip-10-236-191-2_165468224_3.csv,10,-,150,10,-,150,45,20
0_1438042988061.16_20150728002308-00299-ip-10-236-191-2_392046213_1.csv,8,Impossible ON condition,1,7,1,187,14,14
0_1438042988061.16_20150728002308-00194-ip-10-236-191-2_846810834_13.csv,4,259,6,2,8,355,39,20
0_1438042988458.74_20150728002308-00166-ip-10-236-191-2_494514030_0.csv,1,"Health condition (e.g. ""rheumatoid arthritis"") Medical procedure (e.g. ""total knee replacement"")",137,1,"Health condition (e.g. ""rheumatoid arthritis"") Medical procedure (e.g. ""total knee replacement"")",137,8,8
0_1438042988458.74_20150728002308-00219-ip-10-236-191-2_349121579_52.csv,4,--,21,2,--,22,10,10
1_1438042988061.16_20150728002308-00169-ip-10-236-191-2_572089000_10.csv,0,Mangalover2000,1,0,Mangalover2000,1,4,4
1_1438042990112.50_20150728002310-00168-ip-10-236-191-2_306374627_15.csv,14,-0.046,1,6,1,240,228,20
0_1438042988458.74_20150728002308-00057-ip-10-236-191-2_915467340_134.csv,1,$38.69,1,1,$38.69,1,8,8
0_1438042988061.16_20150728002308-00171-ip-10-236-191-2_336251839_0.csv,4,Manufacturer:,2,3,6,77,28,20
0_1438042988061.16_20150728002308-00187-ip-10-236-191-2_496359241_7.csv,2,80D,37,5,2B,43,84,20
0_1438042988061.16_20150728002308-00058-ip-10-236-191-2_507528600_8.csv,2,"Zinc finger, LIM-type",1,2,"Zinc finger, LIM-type",1,6,6
1_1438042990112.50_20150728002310-00286-ip-10-236-191-2_318221297_4.csv,1,"3029 x 2106 10.1"" x 7"" (300 dpi) 25.7 x 17.8 (300 dpi)",1,2,1,548,11,11
0_1438042988061.16_20150728002308-00132-ip-10-236-191-2_10266597_7.csv,1,Targeted detection of phosphatidylserine in biomimetic membranes and in vitro cell systems using annexin V-containing cubosomes,1,1,Targeted detection of phosphatidylserine in biomimetic membranes and in vitro cell systems using annexin V-containing cubosomes,1,6,6
1_1438042990112.50_20150728002310-00108-ip-10-236-191-2_24078703_0.csv,0,ec66017f5d...,1,5,0,189,128,20
0_1438042988061.16_20150728002308-00265-ip-10-236-191-2_909292875_28.csv,0,Read Notice,47,9,Item Details,52,22,20
1_1438042987127.36_20150728002307-00067-ip-10-236-191-2_400755031_0.csv,0,"Lebanon Taxi (6:30 a.m. - 10:00 p.m., 7 days/week)",1,0,"Lebanon Taxi (6:30 a.m. - 10:00 p.m., 7 days/week)",1,24,20
