q_table,attr,value,n_D
0_1438042988458.74_20150728002308-00249-ip-10-236-191-2_328699461_4.csv,2,1,562
1_1438042990112.50_20150728002310-00286-ip-10-236-191-2_318221297_4.csv,2,1,548
1_1438042990112.50_20150728002310-00013-ip-10-236-191-2_321346784_4.csv,2,1,534
0_1438042988061.16_20150728002308-00244-ip-10-236-191-2_65898746_2.csv,3,1,527
1_1438042987127.36_20150728002307-00145-ip-10-236-191-2_499439925_0.csv,0,3,502
0_1438042988061.16_20150728002308-00109-ip-10-236-191-2_681611335_21.csv,1,1,474
1_1438042987127.36_20150728002307-00182-ip-10-236-191-2_150862475_5.csv,2,3,381
1_1438042990112.50_20150728002310-00154-ip-10-236-191-2_303864106_21.csv,8,3,371
0_1438042988061.16_20150728002308-00282-ip-10-236-191-2_894007386_3.csv,0,Tips for prospective students,369
1_1438042987127.36_20150728002307-00080-ip-10-236-191-2_899463259_102.csv,0,Tips for prospective students,366
1_1438042987127.36_20150728002307-00114-ip-10-236-191-2_902351685_191.csv,0,Tips for prospective students,365
0_1438042988061.16_20150728002308-00194-ip-10-236-191-2_846810834_13.csv,2,8,355
0_1438042988061.16_20150728002308-00215-ip-10-236-191-2_362876303_35.csv,2,3,353
1_1438042987127.36_20150728002307-00000-ip-10-236-191-2_300770320_2.csv,0,1,329
0_1438042988458.74_20150728002308-00095-ip-10-236-191-2_520943855_0.csv,3,2,308
1_1438042987127.36_20150728002307-00033-ip-10-236-191-2_482136553_0.csv,0,1,263
1_1438042990112.50_20150728002310-00312-ip-10-236-191-2_3243890_59.csv,0,1,253
1_1438042987127.36_20150728002307-00144-ip-10-236-191-2_676020729_0.csv,4,2,252
0_1438042988061.16_20150728002308-00234-ip-10-236-191-2_710361395_1.csv,8,10,245
1_1438042990112.50_20150728002310-00168-ip-10-236-191-2_306374627_15.csv,6,1,240
1_1438042990112.50_20150728002310-00085-ip-10-236-191-2_403435483_3.csv,1,1,229
1_1438042990112.50_20150728002310-00108-ip-10-236-191-2_24078703_0.csv,5,0,189
0_1438042988061.16_20150728002308-00299-ip-10-236-191-2_392046213_1.csv,7,1,187
0_1438042988061.16_20150728002308-00164-ip-10-236-191-2_873456340_3.csv,0,1,177
0_1438042988061.16_20150728002308-00295-ip-10-236-191-2_159128928_26.csv,2,3,164
1_1438042987127.36_20150728002307-00326-ip-10-236-191-2_165468224_3.csv,10,-,150
0_1438042988458.74_20150728002308-00166-ip-10-236-191-2_494514030_0.csv,1,"Health condition (e.g. ""rheumatoid arthritis"") Medical procedure (e.g. ""total knee replacement"")",137
1_1438042990112.50_20150728002310-00139-ip-10-236-191-2_473436377_9.csv,1,AS,109
