q_table,attr,k,alpha,n_D,pool_size_requested,n_pool,clamped,F_min_pool,F_max_pool,n_P,F_min_P,F_max_P
311_calls_historic_data_a_fair.csv,1,3,2.0,22,6,6,False,0.30856152602986897,0.43814136402027026,6,0.4375925906741119,0.43868727579717337
abandoned_wells_a_fair.csv,6,3,2.0,19,6,6,False,0.2197033735495274,0.42943250312748776,6,0.42681063461342567,0.43201754385964913
albums_a_fair.csv,4,3,2.0,11,6,6,False,0.1693973896139961,0.43808579668348957,6,0.43056215360253364,0.4475023862551702
animal_tag_data_a_fair.csv,3,3,2.0,15,6,6,False,0.158790367938472,0.2746034991383591,6,0.2684653625352069,0.27280091811246876
animal_tag_data_b_fair.csv,1,3,2.0,17,6,6,False,0.2963706421171639,0.431873792659369,6,0.42881150219400616,0.4347128346486425
business_rates_a_fair.csv,9,3,2.0,16,6,6,False,0.2623696894966932,0.4159689314853743,6,0.41328874581992064,0.4177692593050575
cdc_nutrition_physical_activity_and_obesity_legislation_a_fair.csv,1,3,2.0,17,6,6,False,0.49430672983797086,0.5030756746852342,6,0.5023919320777486,0.503167693832694
cihr_co-applicant_a_fair.csv,3,3,2.0,19,6,6,False,0.11663187794538529,0.24981273561543468,6,0.24108616309565384,0.25711595003540827
cihr_co-applicant_b_fair.csv,2,3,2.0,11,6,6,False,0.3890155826059864,0.4402833699830051,6,0.43686845383657086,0.4461190865813746
civic_building_locations_a_fair.csv,3,3,2.0,15,6,6,False,0.018441403926234383,0.44873046875,6,0.43424317617866004,0.45397225725094575
complaint_by_practice_b_fair.csv,1,3,2.0,9,6,6,False,0.08224151201573592,0.40575546153533215,6,0.2823667252489748,0.43495548448439797
contributors_parties_a_fair.csv,2,3,2.0,25,6,6,False,0.2674407163239201,0.4134354049646675,6,0.40835658797797725,0.41192330736968247
contributors_parties_b_fair.csv,0,3,2.0,24,6,6,False,1.0,1.0,6,1.0,1.0
data_mill_a_fair.csv,4,3,2.0,7,6,6,False,0.3074483594297291,0.3602890843030909,6,0.27969958641216885,0.44264936975492325
data_mill_b_fair.csv,3,3,2.0,14,6,6,False,0.07465040528650854,0.1801539728984972,6,0.16036305565101378,0.2759435401609402
deaths_2012_2018_a_fair.csv,5,3,2.0,20,6,6,False,0.5158638258452988,0.6941203385952871,6,0.6719144800777453,0.6787750791974657
immigration_records_a_fair.csv,2,3,2.0,24,6,6,False,0.1257892478391467,0.4298073257280272,6,0.42215880233148717,0.429785405676366
ipopayments_a_fair.csv,0,3,2.0,16,6,6,False,0.8243474018053184,1.0,6,1.0,1.0
ipopayments_b_fair.csv,2,3,2.0,9,6,6,False,0.38262376773913986,0.4355179704016913,6,0.4285960973925056,0.4385137945376404
job_pay_scales_a_fair.csv,4,3,2.0,12,6,6,False,0.21792260692464357,0.4272930648769575,6,0.42027027027027025,0.43773119605425403
lane_description_a_fair.csv,1,3,2.0,10,6,6,False,0.025328213567379777,0.42017444487225997,6,0.30169610071690856,0.43709423087379695
lane_description_b_fair.csv,9,3,2.0,6,6,6,True,0.7672378411656064,0.7672378411656064,6,0.5558424790187217,0.8997547783439712
mines_a_fair.csv,5,3,2.0,16,6,6,False,0.13221525843392137,0.43248603024500804,6,0.424332049210886,0.43456698611037575
mines_b_fair.csv,2,3,2.0,6,6,6,True,0.3396339633963396,0.3396339633963396,6,0.2542857142857143,0.4160839160839161
minister_meetings_a_fair.csv,4,3,2.0,8,6,6,False,0.3111111111111111,0.4294478527607362,6,0.3918918918918919,0.46236559139784944
monthly_data_feed_a_fair.csv,11,3,2.0,8,6,6,False,0.7593423019431988,1.0,6,1.0,1.0
monthly_data_feed_b_fair.csv,1,3,2.0,6,6,6,True,0.22436295835922934,0.22436295835922934,6,0.21178751454051958,0.2896014119723489
new_york_city_restaurant_inspection_results_a_fair.csv,6,3,2.0,22,6,6,False,0.2475944269361258,0.41755666858610113,6,0.4158425351898471,0.4174027933562986
oil_and_gas_summary_production_data_1967_1999_a_fair.csv,2,3,2.0,27,6,6,False,0.22805533325711672,0.4327587080216793,6,0.43003082874931997,0.4365948333556418
practice_reference_a_fair.csv,6,3,2.0,30,6,6,False,0.24911591355599214,0.2940905955392044,6,0.2897681854516387,0.2954264524103832
practice_reference_b_fair.csv,5,3,2.0,30,6,6,False,0.266939687267312,0.4329896907216495,6,0.4307385229540918,0.4344612991054065
prescribing_a_fair.csv,14,3,2.0,10,6,6,False,0.13679290972491281,0.24165857995637502,6,0.22443669906803632,0.2582072861776842
prescribing_b_fair.csv,13,3,2.0,13,6,6,False,0.20388852252961978,0.42586213077143675,6,0.4147452929916288,0.4388057695151295
psyckes_antipsychotic_polypharmacy_quality_indicators_beginning_2012_a_fair.csv,3,3,2.0,16,6,6,False,0.7205164802336774,0.7223088923556942,6,0.721999010629698,0.7220352071041614
purchasing_card_a_fair.csv,1,3,2.0,14,6,6,False,0.12448979591836734,0.4258130081300813,6,0.4168765743073048,0.43194600674915634
report_card_discipline_for_2015_16_a_fair.csv,2,3,2.0,19,6,6,False,0.28507538606871613,0.4472245351805214,6,0.4469706634794228,0.44744753301893514
senior_officials_expenses_a_fair.csv,1,3,2.0,6,6,6,True,0.4925255704169945,0.4925255704169945,6,0.2708333333333333,0.5837173579109063
stockport_contracts_b_fair.csv,15,3,2.0,11,6,6,False,0.31521378853165394,0.4294617563739377,6,0.4201117318435754,0.43258832011535686
time_spent_watching_vcr_movies_a_fair.csv,4,3,2.0,6,6,6,True,1.0,1.0,6,1.0,1.0
tuition_assistance_program_tap_recipients_a_fair.csv,5,3,2.0,16,6,6,False,0.6201047284503585,0.6246751720445552,6,0.623637928514591,0.6241900647948164
ydn_spending_data_a_fair.csv,1,3,2.0,7,6,6,False,0.230978015018547,0.25146298023916547,6,0.24401532077880625,0.25715981599643867
ydn_spending_data_b_fair.csv,11,3,2.0,10,6,6,False,0.3838505244755245,0.42525204032645225,6,0.41591440989635575,0.4303410826404208
311_calls_historic_data_a_fair.csv,1,5,2.0,22,10,10,False,0.2990437183448831,0.4366853616125003,10,0.4352243208204614,0.4384090737809933
abandoned_wells_a_fair.csv,6,5,2.0,19,10,10,False,0.20705810459846208,0.41039440301376184,10,0.39184262494303507,0.4309654657710835
albums_a_fair.csv,4,5,2.0,11,10,10,False,0.2986271676300578,0.3353759294960066,10,0.19491118578972635,0.44212678936605315
animal_tag_data_a_fair.csv,3,5,2.0,15,10,10,False,0.18785767234988882,0.26639834508518245,10,0.2592443455590287,0.27418422606707127
animal_tag_data_b_fair.csv,1,5,2.0,17,10,10,False,0.30588601858146386,0.41412996210474,10,0.3934669517760827,0.43323557916199923
cdc_nutrition_physical_activity_and_obesity_legislation_a_fair.csv,1,5,2.0,17,10,10,False,0.4963489854474855,0.5024222631521924,10,0.5015779242091444,0.5031774237267717
cihr_co-applicant_a_fair.csv,3,5,2.0,19,10,10,False,0.10081876507972982,0.24016796182232764,10,0.22788528682307427,0.25161975182107693
cihr_co-applicant_b_fair.csv,2,5,2.0,11,10,10,False,0.4071974089435674,0.42719339799047595,10,0.415652608190001,0.44277768597197703
civic_building_locations_a_fair.csv,3,5,2.0,15,10,10,False,0.08147837043259135,0.4161772557394554,10,0.3464566929133858,0.4523682810005322
contributors_parties_a_fair.csv,2,5,2.0,25,10,10,False,0.25079338978870347,0.4129050504357961,10,0.4073460335654926,0.4133024527860249
contributors_parties_b_fair.csv,0,5,2.0,24,10,10,False,1.0,1.0,10,1.0,1.0
data_mill_a_fair.csv,4,5,2.0,7,10,7,True,0.32951573305948234,0.32951573305948234,7,0.2788940536999902,0.3963998338533466
deaths_2012_2018_a_fair.csv,5,5,2.0,20,10,10,False,0.53517403436628,0.6973991707500943,10,0.6755813953488372,0.6920111657583411
immigration_records_a_fair.csv,2,5,2.0,24,10,10,False,0.08942688463714298,0.4247557639703009,10,0.41392131431041934,0.43122345871729023
ipopayments_a_fair.csv,0,5,2.0,16,10,10,False,0.881001570118172,1.0,10,1.0,1.0
ipopayments_b_fair.csv,2,5,2.0,9,10,9,True,0.4052190373174689,0.4052190373174689,9,0.37353212824910936,0.43742268041237115
job_pay_scales_a_fair.csv,4,5,2.0,12,10,10,False,0.3008849557522124,0.3611859838274933,10,0.2906458797327394,0.4301628106255356
lane_description_a_fair.csv,1,5,2.0,10,10,10,True,0.269015177888276,0.269015177888276,10,0.017393140628299567,0.42521164600021205
mines_a_fair.csv,5,5,2.0,16,10,10,False,0.25943782897575285,0.42713074779377613,10,0.417354117809353,0.4332843532255771
minister_meetings_a_fair.csv,4,5,2.0,8,10,8,True,0.36097560975609755,0.36097560975609755,8,0.2831858407079646,0.4527027027027027
monthly_data_feed_a_fair.csv,11,5,2.0,8,10,8,True,0.8168373151308305,0.8168373151308305,8,0.7145390070921985,1.0
new_york_city_restaurant_inspection_results_a_fair.csv,6,5,2.0,22,10,10,False,0.23569403546533932,0.416724511440351,10,0.41471134891579836,0.417680660213471
oil_and_gas_summary_production_data_1967_1999_a_fair.csv,2,5,2.0,27,10,10,False,0.20762532360555425,0.42651601181012944,10,0.4205314827352742,0.43432032301480483
practice_reference_a_fair.csv,6,5,2.0,30,10,10,False,0.2467399642035285,0.29187299737838623,10,0.28738690792974986,0.2947396963123644
practice_reference_b_fair.csv,5,5,2.0,30,10,10,False,0.2524875621890547,0.43097497842968074,10,0.4282258064516129,0.43347193347193347
prescribing_a_fair.csv,14,5,2.0,10,10,10,True,0.20020226067849003,0.20020226067849003,10,0.09424441261699364,0.2548452953700815
prescribing_b_fair.csv,13,5,2.0,13,10,10,False,0.2888427813834166,0.395142759039645,10,0.29604128480700165,0.43059331368142256
psyckes_antipsychotic_polypharmacy_quality_indicators_beginning_2012_a_fair.csv,3,5,2.0,16,10,10,False,0.7207439654914775,0.7220888415138323,10,0.7215894220593757,0.7222266473981862
purchasing_card_a_fair.csv,1,5,2.0,14,10,10,False,0.22087879681509878,0.36119990164740595,10,0.2793478260869565,0.427293934681182
report_card_discipline_for_2015_16_a_fair.csv,2,5,2.0,19,10,10,False,0.27951269912125726,0.4451235849147963,10,0.44303724653659937,0.447325041728727
time_spent_watching_vcr_movies_a_fair.csv,4,5,2.0,6,10,6,True,1.0,1.0,6,1.0,1.0
tuition_assistance_program_tap_recipients_a_fair.csv,5,5,2.0,16,10,10,False,0.6210356288634176,0.6241418942006026,10,0.6227245421143073,0.6245965995613239
ydn_spending_data_a_fair.csv,1,5,2.0,7,10,7,True,0.23719331894829376,0.23719331894829376,7,0.22521324914146448,0.2530815109343936
ydn_spending_data_b_fair.csv,11,5,2.0,10,10,10,True,0.4038178207674076,0.4038178207674076,10,0.37750952986022873,0.4269101184653842
