q_table,n_cand,n_aligned,F_max,starmie,exhaustive,nl
311_calls_historic_data_a_fair.csv,105,84,0.43421891439440663,True,True,True
abandoned_wells_a_fair.csv,131,131,0.39290341871822987,False,True,True
albums_a_fair.csv,177,44,0.4388050112431738,False,True,True
animal_tag_data_a_fair.csv,105,105,0.4040908243326592,False,True,True
animal_tag_data_b_fair.csv,107,107,0.4197971063320044,False,True,True
biodiversity_a_fair.csv,163,2,0.4343838193791157,True,True,True
business_rates_a_fair.csv,40,38,0.39731365722424433,False,True,True
cdc_nutrition_physical_activity_and_obesity_legislation_a_fair.csv,119,86,0.49939732411908877,False,True,False
cihr_co-applicant_a_fair.csv,134,112,0.4324054587663535,False,True,True
cihr_co-applicant_b_fair.csv,138,108,0.4268898389884472,False,True,False
civic_building_locations_a_fair.csv,90,84,0.1933744221879815,False,False,False
complaint_by_practice_a_fair.csv,119,86,0.7804888908678036,True,True,True
complaint_by_practice_b_fair.csv,113,91,0.332296867907399,False,True,False
contributors_parties_a_fair.csv,127,127,0.42265781563126253,False,True,True
contributors_parties_b_fair.csv,141,141,1.0,True,True,True
data_mill_a_fair.csv,73,73,0.4285822415501486,False,True,True
data_mill_b_fair.csv,70,66,0.4498916813804676,False,True,False
deaths_2012_2018_a_fair.csv,111,49,0.1627258833048638,False,False,False
immigration_records_a_fair.csv,174,76,0.44745062232687777,False,True,True
ipopayments_a_fair.csv,105,105,1.0,True,True,True
ipopayments_b_fair.csv,106,106,0.4341177746448324,False,True,True
job_pay_scales_a_fair.csv,127,77,0.36161879895561355,False,True,False
lane_description_a_fair.csv,65,65,0.44080586052295206,False,True,True
lane_description_b_fair.csv,41,31,0.9353019046866355,True,True,True
mines_a_fair.csv,118,111,0.4323883592574009,False,True,True
mines_b_fair.csv,132,132,0.414980107247881,False,True,False
minister_meetings_a_fair.csv,151,151,0.39436619718309857,True,True,True
monthly_data_feed_a_fair.csv,67,67,1.0,True,True,True
monthly_data_feed_b_fair.csv,68,68,0.2651120287010086,False,False,False
new_york_city_restaurant_inspection_results_a_fair.csv,113,113,0.43816036261331665,True,True,True
oil_and_gas_summary_production_data_1967_1999_a_fair.csv,139,139,0.41983309851522704,False,True,True
practice_reference_a_fair.csv,112,112,0.41556256572029443,False,True,True
practice_reference_b_fair.csv,112,112,0.42057982850142916,False,True,True
prescribing_a_fair.csv,54,54,0.4335996830218583,False,True,True
prescribing_b_fair.csv,54,54,0.42975101252292275,False,True,True
psyckes_antipsychotic_polypharmacy_quality_indicators_beginning_2012_a_fair.csv,130,81,0.7156191053904257,True,True,True
purchasing_card_a_fair.csv,100,100,0.4381846635367762,False,True,True
report_card_discipline_for_2015_16_a_fair.csv,115,68,0.39960768053074763,True,True,True
senior_officials_expenses_a_fair.csv,136,12,0.20708446866485014,False,False,False
stockport_contracts_a_fair.csv,67,59,0.16028776978417267,False,False,False
stockport_contracts_b_fair.csv,51,51,0.226691042047532,False,False,False
time_spent_watching_vcr_movies_a_fair.csv,178,115,0.9500134372480517,False,True,False
tuition_assistance_program_tap_recipients_a_fair.csv,137,52,0.5182593053661093,True,True,True
wholesale_markets_a_fair.csv,115,115,0.43220096557126697,False,True,True
workforce_management_information_a_fair.csv,27,27,0.41324921135646686,False,True,True
workforce_management_information_b_fair.csv,26,26,0.38562091503267976,False,True,True
ydn_spending_data_a_fair.csv,102,102,0.4278986009142541,False,True,True
ydn_spending_data_b_fair.csv,95,95,0.4079391891891892,False,True,True
