bench,approach,q_table,k,gt_size,n_candidates,n_returned,feasible,F,prec,rec,ideal_recall,starmie_sum_score,duts_sum_U,tables,extras
santos3,starmie,311_calls_historic_data_a_fair.csv,5,22,105,5,True,0.3648,1.0,0.22727272727272727,0.22727272727272727,35.68178129196167,35.68178129196167,311_calls_historic_data_a__311_calls_historic_data_a_fair.csv;311_calls_historic_data_a.csv;311_calls_historic_data_5.csv;311_calls_historic_data_2__311_calls_historic_data_a_fair.csv;311_calls_historic_data_1__311_calls_historic_data_a_fair.csv,{}
santos3,starmie,311_calls_historic_data_a_fair.csv,10,22,105,10,True,0.3524,1.0,0.45454545454545453,0.45454545454545453,68.59034430980682,68.59034430980682,311_calls_historic_data_a__311_calls_historic_data_a_fair.csv;311_calls_historic_data_a.csv;311_calls_historic_data_5.csv;311_calls_historic_data_2__311_calls_historic_data_a_fair.csv;311_calls_historic_data_1__311_calls_historic_data_a_fair.csv;311_calls_historic_data_1.csv;311_calls_historic_data_5__311_calls_historic_data_a_fair.csv;311_calls_historic_data_6__311_calls_historic_data_a_fair.csv;311_calls_historic_data_6.csv;311_calls_historic_data_7.csv,{}
santos3,starmie,311_calls_historic_data_a_fair.csv,20,22,105,20,True,0.3346,1.0,0.9090909090909091,0.9090909090909091,131.43487679958344,131.43487679958344,311_calls_historic_data_a__311_calls_historic_data_a_fair.csv;311_calls_historic_data_a.csv;311_calls_historic_data_5.csv;311_calls_historic_data_2__311_calls_historic_data_a_fair.csv;311_calls_historic_data_1__311_calls_historic_data_a_fair.csv;311_calls_historic_data_1.csv;311_calls_historic_data_5__311_calls_historic_data_a_fair.csv;311_calls_historic_data_6__311_calls_historic_data_a_fair.csv;311_calls_historic_data_6.csv;311_calls_historic_data_7.csv;311_calls_historic_data_3__311_calls_historic_data_a_fair.csv;311_calls_historic_data_4__311_calls_historic_data_a_fair.csv;311_calls_historic_data_4.csv;311_calls_historic_data_3.csv;311_calls_historic_data_0.csv;311_calls_historic_data_0__311_calls_historic_data_a_fair.csv;311_calls_historic_data_7__311_calls_historic_data_a_fair.csv;311_calls_historic_data_2.csv;311_calls_historic_data_8.csv;311_calls_historic_data_8__311_calls_historic_data_a_fair.csv,{}
santos3,starmie,abandoned_wells_a_fair.csv,5,22,133,5,False,0.1703,1.0,0.22727272727272727,0.22727272727272727,32.97387796640396,32.97387796640396,abandoned_wells_a__abandoned_wells_a_fair.csv;abandoned_wells_a.csv;abandoned_wells_7.csv;abandoned_wells_7__abandoned_wells_a_fair.csv;abandoned_wells_5__abandoned_wells_a_fair.csv,{}
santos3,starmie,abandoned_wells_a_fair.csv,10,22,133,10,False,0.1194,1.0,0.45454545454545453,0.45454545454545453,64.20327895879745,64.20327895879745,abandoned_wells_a__abandoned_wells_a_fair.csv;abandoned_wells_a.csv;abandoned_wells_7.csv;abandoned_wells_7__abandoned_wells_a_fair.csv;abandoned_wells_5__abandoned_wells_a_fair.csv;abandoned_wells_5.csv;abandoned_wells_1__abandoned_wells_a_fair.csv;abandoned_wells_1.csv;abandoned_wells_9.csv;abandoned_wells_8.csv,{}
santos3,starmie,abandoned_wells_a_fair.csv,20,22,133,20,False,0.0678,0.9,0.8181818181818182,0.9090909090909091,122.11192101240158,122.11192101240158,abandoned_wells_a__abandoned_wells_a_fair.csv;abandoned_wells_a.csv;abandoned_wells_7.csv;abandoned_wells_7__abandoned_wells_a_fair.csv;abandoned_wells_5__abandoned_wells_a_fair.csv;abandoned_wells_5.csv;abandoned_wells_1__abandoned_wells_a_fair.csv;abandoned_wells_1.csv;abandoned_wells_9.csv;abandoned_wells_8.csv;abandoned_wells_9__abandoned_wells_a_fair.csv;abandoned_wells_8__abandoned_wells_a_fair.csv;abandoned_wells_0.csv;abandoned_wells_2.csv;abandoned_wells_2__abandoned_wells_a_fair.csv;abandoned_wells_0__abandoned_wells_a_fair.csv;abandoned_wells_6__abandoned_wells_a_fair.csv;abandoned_wells_6.csv;oil_and_gas_summary_production_data_1967_1999_0.csv;oil_and_gas_summary_production_data_1967_1999_7__oil_and_gas_summary_production_data_1967_1999_a_fair.csv,{}
santos3,starmie,albums_a_fair.csv,5,12,173,5,False,0.2134,0.4,0.16666666666666666,0.4166666666666667,23.691838264465332,23.691838264465332,albums_a__albums_a_fair.csv;albums_a.csv;film_locations_in_san_francisco_2.csv;film_locations_in_san_francisco_0.csv;film_locations_in_san_francisco_3.csv,{}
santos3,starmie,albums_a_fair.csv,10,12,173,10,False,0.0467,0.2,0.16666666666666666,0.8333333333333334,42.57486832141876,42.57486832141876,albums_a__albums_a_fair.csv;albums_a.csv;film_locations_in_san_francisco_2.csv;film_locations_in_san_francisco_0.csv;film_locations_in_san_francisco_3.csv;film_locations_in_san_francisco_a.csv;oil_and_gas_summary_production_data_1967_1999_4.csv;oil_and_gas_summary_production_data_1967_1999_4__oil_and_gas_summary_production_data_1967_1999_a_fair.csv;film_locations_in_san_francisco_1.csv;complaint_by_practice_b__complaint_by_practice_b_fair.csv,{}
santos3,starmie,albums_a_fair.csv,20,12,173,20,False,0.0097,0.15,0.25,1.0,77.50555396080017,77.50555396080017,albums_a__albums_a_fair.csv;albums_a.csv;film_locations_in_san_francisco_2.csv;film_locations_in_san_francisco_0.csv;film_locations_in_san_francisco_3.csv;film_locations_in_san_francisco_a.csv;oil_and_gas_summary_production_data_1967_1999_4.csv;oil_and_gas_summary_production_data_1967_1999_4__oil_and_gas_summary_production_data_1967_1999_a_fair.csv;film_locations_in_san_francisco_1.csv;complaint_by_practice_b__complaint_by_practice_b_fair.csv;complaint_by_practice_b__complaint_by_practice_a_fair.csv;complaint_by_practice_b.csv;mines_b__mines_b_fair.csv;mines_b.csv;oil_and_gas_summary_production_data_1967_1999_1.csv;complaint_by_practice_a.csv;film_locations_in_san_francisco_7.csv;film_locations_in_san_francisco_4.csv;film_locations_in_san_francisco_5.csv;albums_12.csv,{}
santos3,starmie,biodiversity_a_fair.csv,5,2,164,5,True,0.3434,0.4,1.0,1.0,13.940578639507294,13.940578639507294,biodiversity_a__biodiversity_a_fair.csv;biodiversity_a.csv;psyckes_antipsychotic_polypharmacy_quality_indicators_beginning_2012_a.csv;practice_reference_b__practice_reference_b_fair.csv;practice_reference_b__practice_reference_a_fair.csv,{}
santos3,starmie,biodiversity_a_fair.csv,10,2,164,10,True,0.3434,0.2,1.0,1.0,13.940578639507294,13.940578639507294,biodiversity_a__biodiversity_a_fair.csv;biodiversity_a.csv;psyckes_antipsychotic_polypharmacy_quality_indicators_beginning_2012_a.csv;practice_reference_b__practice_reference_b_fair.csv;practice_reference_b__practice_reference_a_fair.csv;practice_reference_b.csv;practice_reference_8__practice_reference_b_fair.csv;practice_reference_8__practice_reference_a_fair.csv;practice_reference_3__practice_reference_b_fair.csv;practice_reference_3__practice_reference_a_fair.csv,{}
santos3,starmie,biodiversity_a_fair.csv,20,2,164,20,True,0.3434,0.1,1.0,1.0,13.940578639507294,13.940578639507294,biodiversity_a__biodiversity_a_fair.csv;biodiversity_a.csv;psyckes_antipsychotic_polypharmacy_quality_indicators_beginning_2012_a.csv;practice_reference_b__practice_reference_b_fair.csv;practice_reference_b__practice_reference_a_fair.csv;practice_reference_b.csv;practice_reference_8__practice_reference_b_fair.csv;practice_reference_8__practice_reference_a_fair.csv;practice_reference_3__practice_reference_b_fair.csv;practice_reference_3__practice_reference_a_fair.csv;practice_reference_11__practice_reference_b_fair.csv;practice_reference_11.csv;oil_and_gas_summary_production_data_1967_1999_8__oil_and_gas_summary_production_data_1967_1999_a_fair.csv;oil_and_gas_summary_production_data_1967_1999_8.csv;oil_and_gas_summary_production_data_1967_1999_4__oil_and_gas_summary_production_data_1967_1999_a_fair.csv;oil_and_gas_summary_production_data_1967_1999_4.csv;oil_and_gas_summary_production_data_1967_1999_3__oil_and_gas_summary_production_data_1967_1999_a_fair.csv;oil_and_gas_summary_production_data_1967_1999_3.csv;oil_and_gas_summary_production_data_1967_1999_1__oil_and_gas_summary_production_data_1967_1999_a_fair.csv;oil_and_gas_summary_production_data_1967_1999_0__oil_and_gas_summary_production_data_1967_1999_a_fair.csv,{}
santos3,starmie,cdc_nutrition_physical_activity_and_obesity_legislation_a_fair.csv,5,22,118,5,True,0.3124,1.0,0.22727272727272727,0.22727272727272727,37.75982999801636,37.75982999801636,cdc_nutrition_physical_activity_and_obesity_legislation_a.csv;cdc_nutrition_physical_activity_and_obesity_legislation_a__cdc_nutrition_physical_activity_and_obesity_legislation_a_fair.csv;cdc_nutrition_physical_activity_and_obesity_legislation_2.csv;cdc_nutrition_physical_activity_and_obesity_legislation_2__cdc_nutrition_physical_activity_and_obesity_legislation_a_fair.csv;cdc_nutrition_physical_activity_and_obesity_legislation_0__cdc_nutrition_physical_activity_and_obesity_legislation_a_fair.csv,{}
santos3,starmie,cdc_nutrition_physical_activity_and_obesity_legislation_a_fair.csv,10,22,118,10,False,0.192,1.0,0.45454545454545453,0.45454545454545453,72.50879263877869,72.50879263877869,cdc_nutrition_physical_activity_and_obesity_legislation_a.csv;cdc_nutrition_physical_activity_and_obesity_legislation_a__cdc_nutrition_physical_activity_and_obesity_legislation_a_fair.csv;cdc_nutrition_physical_activity_and_obesity_legislation_2.csv;cdc_nutrition_physical_activity_and_obesity_legislation_2__cdc_nutrition_physical_activity_and_obesity_legislation_a_fair.csv;cdc_nutrition_physical_activity_and_obesity_legislation_0__cdc_nutrition_physical_activity_and_obesity_legislation_a_fair.csv;cdc_nutrition_physical_activity_and_obesity_legislation_0.csv;cdc_nutrition_physical_activity_and_obesity_legislation_9.csv;cdc_nutrition_physical_activity_and_obesity_legislation_9__cdc_nutrition_physical_activity_and_obesity_legislation_a_fair.csv;cdc_nutrition_physical_activity_and_obesity_legislation_8__cdc_nutrition_physical_activity_and_obesity_legislation_a_fair.csv;cdc_nutrition_physical_activity_and_obesity_legislation_8.csv,{}
santos3,starmie,cdc_nutrition_physical_activity_and_obesity_legislation_a_fair.csv,20,22,118,20,False,0.142,0.9,0.8181818181818182,0.9090909090909091,136.28083157539368,136.28083157539368,cdc_nutrition_physical_activity_and_obesity_legislation_a.csv;cdc_nutrition_physical_activity_and_obesity_legislation_a__cdc_nutrition_physical_activity_and_obesity_legislation_a_fair.csv;cdc_nutrition_physical_activity_and_obesity_legislation_2.csv;cdc_nutrition_physical_activity_and_obesity_legislation_2__cdc_nutrition_physical_activity_and_obesity_legislation_a_fair.csv;cdc_nutrition_physical_activity_and_obesity_legislation_0__cdc_nutrition_physical_activity_and_obesity_legislation_a_fair.csv;cdc_nutrition_physical_activity_and_obesity_legislation_0.csv;cdc_nutrition_physical_activity_and_obesity_legislation_9.csv;cdc_nutrition_physical_activity_and_obesity_legislation_9__cdc_nutrition_physical_activity_and_obesity_legislation_a_fair.csv;cdc_nutrition_physical_activity_and_obesity_legislation_8__cdc_nutrition_physical_activity_and_obesity_legislation_a_fair.csv;cdc_nutrition_physical_activity_and_obesity_legislation_8.csv;cdc_nutrition_physical_activity_and_obesity_legislation_5.csv;cdc_nutrition_physical_activity_and_obesity_legislation_5__cdc_nutrition_physical_activity_and_obesity_legislation_a_fair.csv;cdc_nutrition_physical_activity_and_obesity_legislation_1.csv;cdc_nutrition_physical_activity_and_obesity_legislation_1__cdc_nutrition_physical_activity_and_obesity_legislation_a_fair.csv;cdc_nutrition_physical_activity_and_obesity_legislation_6__cdc_nutrition_physical_activity_and_obesity_legislation_a_fair.csv;cdc_nutrition_physical_activity_and_obesity_legislation_6.csv;mines_11.csv;mines_11__mines_b_fair.csv;cdc_nutrition_physical_activity_and_obesity_legislation_4__cdc_nutrition_physical_activity_and_obesity_legislation_a_fair.csv;cdc_nutrition_physical_activity_and_obesity_legislation_4.csv,{}
santos3,starmie,animal_tag_data_b_fair.csv,5,36,107,5,False,0.2787,1.0,0.1388888888888889,0.1388888888888889,53.8341851234436,53.8341851234436,animal_tag_data_b.csv;animal_tag_data_b__animal_tag_data_b_fair.csv;animal_tag_data_b__animal_tag_data_a_fair.csv;animal_tag_data_3.csv;animal_tag_data_1.csv,{}
santos3,starmie,animal_tag_data_b_fair.csv,10,36,107,10,False,0.2504,1.0,0.2777777777777778,0.2777777777777778,106.17686611413956,106.17686611413956,animal_tag_data_b.csv;animal_tag_data_b__animal_tag_data_b_fair.csv;animal_tag_data_b__animal_tag_data_a_fair.csv;animal_tag_data_3.csv;animal_tag_data_1.csv;animal_tag_data_3__animal_tag_data_b_fair.csv;animal_tag_data_3__animal_tag_data_a_fair.csv;animal_tag_data_1__animal_tag_data_b_fair.csv;animal_tag_data_1__animal_tag_data_a_fair.csv;animal_tag_data_0.csv,{}
santos3,starmie,animal_tag_data_b_fair.csv,20,36,107,20,False,0.1817,1.0,0.5555555555555556,0.5555555555555556,206.7266331911087,206.7266331911087,animal_tag_data_b.csv;animal_tag_data_b__animal_tag_data_b_fair.csv;animal_tag_data_b__animal_tag_data_a_fair.csv;animal_tag_data_3.csv;animal_tag_data_1.csv;animal_tag_data_3__animal_tag_data_b_fair.csv;animal_tag_data_3__animal_tag_data_a_fair.csv;animal_tag_data_1__animal_tag_data_b_fair.csv;animal_tag_data_1__animal_tag_data_a_fair.csv;animal_tag_data_0.csv;animal_tag_data_6__animal_tag_data_b_fair.csv;animal_tag_data_6__animal_tag_data_a_fair.csv;animal_tag_data_6.csv;animal_tag_data_0__animal_tag_data_b_fair.csv;animal_tag_data_0__animal_tag_data_a_fair.csv;animal_tag_data_9.csv;animal_tag_data_4__animal_tag_data_b_fair.csv;animal_tag_data_4__animal_tag_data_a_fair.csv;animal_tag_data_9__animal_tag_data_b_fair.csv;animal_tag_data_9__animal_tag_data_a_fair.csv,{}
santos3,starmie,complaint_by_practice_a_fair.csv,5,12,119,5,True,0.6418,1.0,0.4166666666666667,0.4166666666666667,40.30226266384125,40.30226266384125,complaint_by_practice_a__complaint_by_practice_b_fair.csv;complaint_by_practice_a__complaint_by_practice_a_fair.csv;complaint_by_practice_a.csv;complaint_by_practice_b__complaint_by_practice_b_fair.csv;complaint_by_practice_b__complaint_by_practice_a_fair.csv,{}
santos3,starmie,complaint_by_practice_a_fair.csv,10,12,119,10,True,0.6063,0.9,0.75,0.8333333333333334,73.13439291715622,73.13439291715622,complaint_by_practice_a__complaint_by_practice_b_fair.csv;complaint_by_practice_a__complaint_by_practice_a_fair.csv;complaint_by_practice_a.csv;complaint_by_practice_b__complaint_by_practice_b_fair.csv;complaint_by_practice_b__complaint_by_practice_a_fair.csv;complaint_by_practice_b.csv;complaint_by_practice_10__complaint_by_practice_b_fair.csv;complaint_by_practice_10__complaint_by_practice_a_fair.csv;complaint_by_practice_10.csv;ipopayments_b__ipopayments_b_fair.csv,{}
santos3,starmie,complaint_by_practice_a_fair.csv,20,12,119,20,True,0.5743,0.6,1.0,1.0,134.4112502336502,134.4112502336502,complaint_by_practice_a__complaint_by_practice_b_fair.csv;complaint_by_practice_a__complaint_by_practice_a_fair.csv;complaint_by_practice_a.csv;complaint_by_practice_b__complaint_by_practice_b_fair.csv;complaint_by_practice_b__complaint_by_practice_a_fair.csv;complaint_by_practice_b.csv;complaint_by_practice_10__complaint_by_practice_b_fair.csv;complaint_by_practice_10__complaint_by_practice_a_fair.csv;complaint_by_practice_10.csv;ipopayments_b__ipopayments_b_fair.csv;ipopayments_b__ipopayments_a_fair.csv;ipopayments_b.csv;complaint_by_practice_1__complaint_by_practice_b_fair.csv;complaint_by_practice_1__complaint_by_practice_a_fair.csv;complaint_by_practice_1.csv;ydn_spending_data_a.csv;ipopayments_1__ipopayments_b_fair.csv;mines_11.csv;ipopayments_4__ipopayments_b_fair.csv;ipopayments_4__ipopayments_a_fair.csv,{}
santos3,starmie,cihr_co-applicant_b_fair.csv,5,36,138,5,False,0.1654,1.0,0.1388888888888889,0.1388888888888889,54.59536784887314,54.59536784887314,cihr_co-applicant_b__cihr_co-applicant_b_fair.csv;cihr_co-applicant_b__cihr_co-applicant_a_fair.csv;cihr_co-applicant_b.csv;cihr_co-applicant_9__cihr_co-applicant_b_fair.csv;cihr_co-applicant_9__cihr_co-applicant_a_fair.csv,{}
santos3,starmie,cihr_co-applicant_b_fair.csv,10,36,138,10,False,0.1023,1.0,0.2777777777777778,0.2777777777777778,108.52500182390213,108.52500182390213,cihr_co-applicant_b__cihr_co-applicant_b_fair.csv;cihr_co-applicant_b__cihr_co-applicant_a_fair.csv;cihr_co-applicant_b.csv;cihr_co-applicant_9__cihr_co-applicant_b_fair.csv;cihr_co-applicant_9__cihr_co-applicant_a_fair.csv;cihr_co-applicant_9.csv;cihr_co-applicant_8__cihr_co-applicant_b_fair.csv;cihr_co-applicant_8__cihr_co-applicant_a_fair.csv;cihr_co-applicant_8.csv;cihr_co-applicant_0__cihr_co-applicant_b_fair.csv,{}
santos3,starmie,cihr_co-applicant_b_fair.csv,20,36,138,20,False,0.059,1.0,0.5555555555555556,0.5555555555555556,214.98091107606888,214.98091107606888,cihr_co-applicant_b__cihr_co-applicant_b_fair.csv;cihr_co-applicant_b__cihr_co-applicant_a_fair.csv;cihr_co-applicant_b.csv;cihr_co-applicant_9__cihr_co-applicant_b_fair.csv;cihr_co-applicant_9__cihr_co-applicant_a_fair.csv;cihr_co-applicant_9.csv;cihr_co-applicant_8__cihr_co-applicant_b_fair.csv;cihr_co-applicant_8__cihr_co-applicant_a_fair.csv;cihr_co-applicant_8.csv;cihr_co-applicant_0__cihr_co-applicant_b_fair.csv;cihr_co-applicant_0__cihr_co-applicant_a_fair.csv;cihr_co-applicant_0.csv;cihr_co-applicant_1__cihr_co-applicant_b_fair.csv;cihr_co-applicant_1__cihr_co-applicant_a_fair.csv;cihr_co-applicant_1.csv;cihr_co-applicant_4__cihr_co-applicant_b_fair.csv;cihr_co-applicant_4__cihr_co-applicant_a_fair.csv;cihr_co-applicant_4.csv;cihr_co-applicant_5__cihr_co-applicant_b_fair.csv;cihr_co-applicant_5__cihr_co-applicant_a_fair.csv,{}
santos3,starmie,animal_tag_data_a_fair.csv,5,36,106,5,False,0.2271,1.0,0.1388888888888889,0.1388888888888889,58.70166319608688,58.70166319608688,animal_tag_data_a__animal_tag_data_b_fair.csv;animal_tag_data_a__animal_tag_data_a_fair.csv;animal_tag_data_a.csv;animal_tag_data_7.csv;animal_tag_data_7__animal_tag_data_b_fair.csv,{}
santos3,starmie,animal_tag_data_a_fair.csv,10,36,106,10,False,0.1962,1.0,0.2777777777777778,0.2777777777777778,114.71002459526062,114.71002459526062,animal_tag_data_a__animal_tag_data_b_fair.csv;animal_tag_data_a__animal_tag_data_a_fair.csv;animal_tag_data_a.csv;animal_tag_data_7.csv;animal_tag_data_7__animal_tag_data_b_fair.csv;animal_tag_data_7__animal_tag_data_a_fair.csv;animal_tag_data_6.csv;animal_tag_data_8.csv;animal_tag_data_8__animal_tag_data_b_fair.csv;animal_tag_data_8__animal_tag_data_a_fair.csv,{}
santos3,starmie,animal_tag_data_a_fair.csv,20,36,106,20,False,0.1653,1.0,0.5555555555555556,0.5555555555555556,221.4802029132843,221.4802029132843,animal_tag_data_a__animal_tag_data_b_fair.csv;animal_tag_data_a__animal_tag_data_a_fair.csv;animal_tag_data_a.csv;animal_tag_data_7.csv;animal_tag_data_7__animal_tag_data_b_fair.csv;animal_tag_data_7__animal_tag_data_a_fair.csv;animal_tag_data_6.csv;animal_tag_data_8.csv;animal_tag_data_8__animal_tag_data_b_fair.csv;animal_tag_data_8__animal_tag_data_a_fair.csv;animal_tag_data_5.csv;animal_tag_data_6__animal_tag_data_b_fair.csv;animal_tag_data_6__animal_tag_data_a_fair.csv;animal_tag_data_9__animal_tag_data_b_fair.csv;animal_tag_data_9__animal_tag_data_a_fair.csv;animal_tag_data_9.csv;animal_tag_data_5__animal_tag_data_b_fair.csv;animal_tag_data_5__animal_tag_data_a_fair.csv;animal_tag_data_3.csv;animal_tag_data_2__animal_tag_data_b_fair.csv,{}
santos3,starmie,cihr_co-applicant_a_fair.csv,5,36,134,5,False,0.2418,1.0,0.1388888888888889,0.1388888888888889,59.56290674209595,59.56290674209595,cihr_co-applicant_a__cihr_co-applicant_b_fair.csv;cihr_co-applicant_a__cihr_co-applicant_a_fair.csv;cihr_co-applicant_a.csv;cihr_co-applicant_4__cihr_co-applicant_b_fair.csv;cihr_co-applicant_4__cihr_co-applicant_a_fair.csv,{}
santos3,starmie,cihr_co-applicant_a_fair.csv,10,36,134,10,False,0.1901,1.0,0.2777777777777778,0.2777777777777778,118.5554381608963,118.5554381608963,cihr_co-applicant_a__cihr_co-applicant_b_fair.csv;cihr_co-applicant_a__cihr_co-applicant_a_fair.csv;cihr_co-applicant_a.csv;cihr_co-applicant_4__cihr_co-applicant_b_fair.csv;cihr_co-applicant_4__cihr_co-applicant_a_fair.csv;cihr_co-applicant_4.csv;cihr_co-applicant_2__cihr_co-applicant_b_fair.csv;cihr_co-applicant_2__cihr_co-applicant_a_fair.csv;cihr_co-applicant_2.csv;cihr_co-applicant_5__cihr_co-applicant_b_fair.csv,{}
santos3,starmie,cihr_co-applicant_a_fair.csv,20,36,134,20,False,0.1869,1.0,0.5555555555555556,0.5555555555555556,235.78543412685394,235.78543412685394,cihr_co-applicant_a__cihr_co-applicant_b_fair.csv;cihr_co-applicant_a__cihr_co-applicant_a_fair.csv;cihr_co-applicant_a.csv;cihr_co-applicant_4__cihr_co-applicant_b_fair.csv;cihr_co-applicant_4__cihr_co-applicant_a_fair.csv;cihr_co-applicant_4.csv;cihr_co-applicant_2__cihr_co-applicant_b_fair.csv;cihr_co-applicant_2__cihr_co-applicant_a_fair.csv;cihr_co-applicant_2.csv;cihr_co-applicant_5__cihr_co-applicant_b_fair.csv;cihr_co-applicant_5__cihr_co-applicant_a_fair.csv;cihr_co-applicant_5.csv;cihr_co-applicant_3__cihr_co-applicant_b_fair.csv;cihr_co-applicant_3__cihr_co-applicant_a_fair.csv;cihr_co-applicant_3.csv;cihr_co-applicant_7__cihr_co-applicant_b_fair.csv;cihr_co-applicant_7__cihr_co-applicant_a_fair.csv;cihr_co-applicant_7.csv;cihr_co-applicant_0__cihr_co-applicant_b_fair.csv;cihr_co-applicant_0__cihr_co-applicant_a_fair.csv,{}
santos3,starmie,contributors_parties_b_fair.csv,5,63,141,5,True,1.0,1.0,0.07936507936507936,0.07936507936507936,24.471802532672882,24.471802532672882,contributors_parties_b__contributors_parties_b_fair.csv;contributors_parties_b__contributors_parties_a_fair.csv;contributors_parties_b.csv;contributors_parties_16.csv;contributors_parties_16__contributors_parties_b_fair.csv,{}
santos3,starmie,contributors_parties_b_fair.csv,10,63,141,10,True,1.0,1.0,0.15873015873015872,0.15873015873015872,47.60942488908768,47.60942488908768,contributors_parties_b__contributors_parties_b_fair.csv;contributors_parties_b__contributors_parties_a_fair.csv;contributors_parties_b.csv;contributors_parties_16.csv;contributors_parties_16__contributors_parties_b_fair.csv;contributors_parties_16__contributors_parties_a_fair.csv;contributors_parties_18.csv;contributors_parties_17.csv;contributors_parties_18__contributors_parties_b_fair.csv;contributors_parties_18__contributors_parties_a_fair.csv,{}
santos3,starmie,contributors_parties_b_fair.csv,20,63,141,20,True,0.6068,1.0,0.31746031746031744,0.31746031746031744,92.17878985404968,92.17878985404968,contributors_parties_b__contributors_parties_b_fair.csv;contributors_parties_b__contributors_parties_a_fair.csv;contributors_parties_b.csv;contributors_parties_16.csv;contributors_parties_16__contributors_parties_b_fair.csv;contributors_parties_16__contributors_parties_a_fair.csv;contributors_parties_18.csv;contributors_parties_17.csv;contributors_parties_18__contributors_parties_b_fair.csv;contributors_parties_18__contributors_parties_a_fair.csv;contributors_parties_17__contributors_parties_b_fair.csv;contributors_parties_17__contributors_parties_a_fair.csv;contributors_parties_12__contributors_parties_b_fair.csv;contributors_parties_12__contributors_parties_a_fair.csv;contributors_parties_15__contributors_parties_b_fair.csv;contributors_parties_15__contributors_parties_a_fair.csv;contributors_parties_15.csv;contributors_parties_6__contributors_parties_b_fair.csv;contributors_parties_6__contributors_parties_a_fair.csv;contributors_parties_6.csv,{}
santos3,starmie,contributors_parties_a_fair.csv,5,63,127,5,False,0.2055,0.6,0.047619047619047616,0.07936507936507936,40.52938532829285,40.52938532829285,contributors_parties_a__contributors_parties_b_fair.csv;contributors_parties_a__contributors_parties_a_fair.csv;contributors_parties_a.csv;cihr_co-applicant_3__cihr_co-applicant_b_fair.csv;cihr_co-applicant_3__cihr_co-applicant_a_fair.csv,{}
santos3,starmie,contributors_parties_a_fair.csv,10,63,127,10,False,0.1087,0.3,0.047619047619047616,0.15873015873015872,74.33166265487671,74.33166265487671,contributors_parties_a__contributors_parties_b_fair.csv;contributors_parties_a__contributors_parties_a_fair.csv;contributors_parties_a.csv;cihr_co-applicant_3__cihr_co-applicant_b_fair.csv;cihr_co-applicant_3__cihr_co-applicant_a_fair.csv;cihr_co-applicant_3.csv;cihr_co-applicant_6__cihr_co-applicant_b_fair.csv;cihr_co-applicant_6__cihr_co-applicant_a_fair.csv;cihr_co-applicant_6.csv;cihr_co-applicant_4__cihr_co-applicant_b_fair.csv,{}
santos3,starmie,contributors_parties_a_fair.csv,20,63,127,20,False,0.0596,0.15,0.047619047619047616,0.31746031746031744,141.10916513204575,141.10916513204575,contributors_parties_a__contributors_parties_b_fair.csv;contributors_parties_a__contributors_parties_a_fair.csv;contributors_parties_a.csv;cihr_co-applicant_3__cihr_co-applicant_b_fair.csv;cihr_co-applicant_3__cihr_co-applicant_a_fair.csv;cihr_co-applicant_3.csv;cihr_co-applicant_6__cihr_co-applicant_b_fair.csv;cihr_co-applicant_6__cihr_co-applicant_a_fair.csv;cihr_co-applicant_6.csv;cihr_co-applicant_4__cihr_co-applicant_b_fair.csv;cihr_co-applicant_4__cihr_co-applicant_a_fair.csv;cihr_co-applicant_4.csv;cihr_co-applicant_2__cihr_co-applicant_b_fair.csv;cihr_co-applicant_2__cihr_co-applicant_a_fair.csv;cihr_co-applicant_2.csv;cihr_co-applicant_a__cihr_co-applicant_b_fair.csv;cihr_co-applicant_a__cihr_co-applicant_a_fair.csv;cihr_co-applicant_a.csv;cihr_co-applicant_7__cihr_co-applicant_b_fair.csv;cihr_co-applicant_7__cihr_co-applicant_a_fair.csv,{}
santos3,starmie,deaths_2012_2018_a_fair.csv,5,22,110,5,False,0.2639,1.0,0.22727272727272727,0.22727272727272727,38.771437764167786,38.771437764167786,deaths_2012_2018_a__deaths_2012_2018_a_fair.csv;deaths_2012_2018_a.csv;deaths_2012_2018_6.csv;deaths_2012_2018_8__deaths_2012_2018_a_fair.csv;deaths_2012_2018_5__deaths_2012_2018_a_fair.csv,{}
santos3,starmie,deaths_2012_2018_a_fair.csv,10,22,110,10,False,0.1407,1.0,0.45454545454545453,0.45454545454545453,73.88695764541626,73.88695764541626,deaths_2012_2018_a__deaths_2012_2018_a_fair.csv;deaths_2012_2018_a.csv;deaths_2012_2018_6.csv;deaths_2012_2018_8__deaths_2012_2018_a_fair.csv;deaths_2012_2018_5__deaths_2012_2018_a_fair.csv;deaths_2012_2018_6__deaths_2012_2018_a_fair.csv;deaths_2012_2018_9.csv;deaths_2012_2018_8.csv;deaths_2012_2018_3.csv;deaths_2012_2018_4__deaths_2012_2018_a_fair.csv,{}
santos3,starmie,deaths_2012_2018_a_fair.csv,20,22,110,20,False,0.0702,1.0,0.9090909090909091,0.9090909090909091,140.96545094251633,140.96545094251633,deaths_2012_2018_a__deaths_2012_2018_a_fair.csv;deaths_2012_2018_a.csv;deaths_2012_2018_6.csv;deaths_2012_2018_8__deaths_2012_2018_a_fair.csv;deaths_2012_2018_5__deaths_2012_2018_a_fair.csv;deaths_2012_2018_6__deaths_2012_2018_a_fair.csv;deaths_2012_2018_9.csv;deaths_2012_2018_8.csv;deaths_2012_2018_3.csv;deaths_2012_2018_4__deaths_2012_2018_a_fair.csv;deaths_2012_2018_7.csv;deaths_2012_2018_7__deaths_2012_2018_a_fair.csv;deaths_2012_2018_1.csv;deaths_2012_2018_3__deaths_2012_2018_a_fair.csv;deaths_2012_2018_4.csv;deaths_2012_2018_1__deaths_2012_2018_a_fair.csv;deaths_2012_2018_5.csv;deaths_2012_2018_9__deaths_2012_2018_a_fair.csv;deaths_2012_2018_2.csv;deaths_2012_2018_2__deaths_2012_2018_a_fair.csv,{}
santos3,starmie,complaint_by_practice_b_fair.csv,5,12,115,5,False,0.2722,1.0,0.4166666666666667,0.4166666666666667,52.878885209560394,52.878885209560394,complaint_by_practice_b__complaint_by_practice_b_fair.csv;complaint_by_practice_b__complaint_by_practice_a_fair.csv;complaint_by_practice_b.csv;complaint_by_practice_1__complaint_by_practice_b_fair.csv;complaint_by_practice_1__complaint_by_practice_a_fair.csv,{}
santos3,starmie,complaint_by_practice_b_fair.csv,10,12,115,10,False,0.2198,0.9,0.75,0.8333333333333334,94.54836744070053,94.54836744070053,complaint_by_practice_b__complaint_by_practice_b_fair.csv;complaint_by_practice_b__complaint_by_practice_a_fair.csv;complaint_by_practice_b.csv;complaint_by_practice_1__complaint_by_practice_b_fair.csv;complaint_by_practice_1__complaint_by_practice_a_fair.csv;complaint_by_practice_1.csv;complaint_by_practice_10__complaint_by_practice_b_fair.csv;complaint_by_practice_10__complaint_by_practice_a_fair.csv;complaint_by_practice_10.csv;new_york_city_restaurant_inspection_results_7.csv,{}
santos3,starmie,complaint_by_practice_b_fair.csv,20,12,115,20,False,0.0685,0.5,0.8333333333333334,1.0,167.63134914636612,167.63134914636612,complaint_by_practice_b__complaint_by_practice_b_fair.csv;complaint_by_practice_b__complaint_by_practice_a_fair.csv;complaint_by_practice_b.csv;complaint_by_practice_1__complaint_by_practice_b_fair.csv;complaint_by_practice_1__complaint_by_practice_a_fair.csv;complaint_by_practice_1.csv;complaint_by_practice_10__complaint_by_practice_b_fair.csv;complaint_by_practice_10__complaint_by_practice_a_fair.csv;complaint_by_practice_10.csv;new_york_city_restaurant_inspection_results_7.csv;new_york_city_restaurant_inspection_results_7__new_york_city_restaurant_inspection_results_a_fair.csv;new_york_city_restaurant_inspection_results_9__new_york_city_restaurant_inspection_results_a_fair.csv;new_york_city_restaurant_inspection_results_9.csv;new_york_city_restaurant_inspection_results_2.csv;new_york_city_restaurant_inspection_results_2__new_york_city_restaurant_inspection_results_a_fair.csv;new_york_city_restaurant_inspection_results_3.csv;complaint_by_practice_a.csv;new_york_city_restaurant_inspection_results_0__new_york_city_restaurant_inspection_results_a_fair.csv;new_york_city_restaurant_inspection_results_3__new_york_city_restaurant_inspection_results_a_fair.csv;new_york_city_restaurant_inspection_results_6.csv,{}
santos3,starmie,immigration_records_a_fair.csv,5,32,173,5,False,0.2427,1.0,0.15625,0.15625,36.84619015455246,36.84543824195862,immigration_records_a__immigration_records_a_fair.csv;immigration_records_a.csv;immigration_records_14.csv;immigration_records_13.csv;immigration_records_14__immigration_records_a_fair.csv,{}
santos3,starmie,immigration_records_a_fair.csv,10,32,173,10,False,0.1873,0.9,0.28125,0.3125,63.435301780700684,63.43382143974304,immigration_records_a__immigration_records_a_fair.csv;immigration_records_a.csv;immigration_records_14.csv;immigration_records_13.csv;immigration_records_14__immigration_records_a_fair.csv;immigration_records_12.csv;immigration_records_13__immigration_records_a_fair.csv;immigration_records_12__immigration_records_a_fair.csv;oil_and_gas_summary_production_data_1967_1999_5__oil_and_gas_summary_production_data_1967_1999_a_fair.csv;immigration_records_5__immigration_records_a_fair.csv,{}
santos3,starmie,immigration_records_a_fair.csv,20,32,173,20,False,0.1149,0.7,0.4375,0.625,113.0990320444107,113.09660339355469,immigration_records_a__immigration_records_a_fair.csv;immigration_records_a.csv;immigration_records_14.csv;immigration_records_13.csv;immigration_records_14__immigration_records_a_fair.csv;immigration_records_12.csv;immigration_records_13__immigration_records_a_fair.csv;immigration_records_12__immigration_records_a_fair.csv;oil_and_gas_summary_production_data_1967_1999_5__oil_and_gas_summary_production_data_1967_1999_a_fair.csv;immigration_records_5__immigration_records_a_fair.csv;immigration_records_5.csv;immigration_records_11.csv;oil_and_gas_summary_production_data_1967_1999_4.csv;oil_and_gas_summary_production_data_1967_1999_1.csv;oil_and_gas_summary_production_data_1967_1999_1__oil_and_gas_summary_production_data_1967_1999_a_fair.csv;immigration_records_7__immigration_records_a_fair.csv;immigration_records_7.csv;oil_and_gas_summary_production_data_1967_1999_4__oil_and_gas_summary_production_data_1967_1999_a_fair.csv;immigration_records_11__immigration_records_a_fair.csv;oil_and_gas_summary_production_data_1967_1999_5.csv,{}
santos3,starmie,civic_building_locations_a_fair.csv,5,20,90,5,False,0.0192,1.0,0.25,0.25,74.4145176410675,74.4145176410675,civic_building_locations_a__civic_building_locations_a_fair.csv;civic_building_locations_a.csv;civic_building_locations_9__civic_building_locations_a_fair.csv;civic_building_locations_9.csv;civic_building_locations_5__civic_building_locations_a_fair.csv,{}
santos3,starmie,civic_building_locations_a_fair.csv,10,20,90,10,False,0.0121,1.0,0.5,0.5,148.24415063858032,148.24415063858032,civic_building_locations_a__civic_building_locations_a_fair.csv;civic_building_locations_a.csv;civic_building_locations_9__civic_building_locations_a_fair.csv;civic_building_locations_9.csv;civic_building_locations_5__civic_building_locations_a_fair.csv;civic_building_locations_5.csv;civic_building_locations_6__civic_building_locations_a_fair.csv;civic_building_locations_6.csv;civic_building_locations_4__civic_building_locations_a_fair.csv;civic_building_locations_4.csv,{}
santos3,starmie,civic_building_locations_a_fair.csv,20,20,90,20,False,0.0039,0.9,0.9,1.0,285.63294821977615,285.63294821977615,civic_building_locations_a__civic_building_locations_a_fair.csv;civic_building_locations_a.csv;civic_building_locations_9__civic_building_locations_a_fair.csv;civic_building_locations_9.csv;civic_building_locations_5__civic_building_locations_a_fair.csv;civic_building_locations_5.csv;civic_building_locations_6__civic_building_locations_a_fair.csv;civic_building_locations_6.csv;civic_building_locations_4__civic_building_locations_a_fair.csv;civic_building_locations_4.csv;civic_building_locations_3__civic_building_locations_a_fair.csv;civic_building_locations_3.csv;civic_building_locations_8__civic_building_locations_a_fair.csv;civic_building_locations_8.csv;civic_building_locations_10__civic_building_locations_a_fair.csv;civic_building_locations_10.csv;civic_building_locations_7.csv;civic_building_locations_7__civic_building_locations_a_fair.csv;data_mill_10__data_mill_a_fair.csv;data_mill_10.csv,{}
santos3,starmie,ipopayments_a_fair.csv,5,45,105,5,True,1.0,1.0,0.1111111111111111,0.1111111111111111,43.53132230043411,43.53132230043411,ipopayments_a.csv;ipopayments_a__ipopayments_b_fair.csv;ipopayments_a__ipopayments_a_fair.csv;ipopayments_5__ipopayments_b_fair.csv;ipopayments_12__ipopayments_b_fair.csv,{}
santos3,starmie,ipopayments_a_fair.csv,10,45,105,10,True,1.0,1.0,0.2222222222222222,0.2222222222222222,84.89081406593323,84.89081406593323,ipopayments_a.csv;ipopayments_a__ipopayments_b_fair.csv;ipopayments_a__ipopayments_a_fair.csv;ipopayments_5__ipopayments_b_fair.csv;ipopayments_12__ipopayments_b_fair.csv;ipopayments_12__ipopayments_a_fair.csv;ipopayments_12.csv;ipopayments_5__ipopayments_a_fair.csv;ipopayments_5.csv;ipopayments_4__ipopayments_b_fair.csv,{}
santos3,starmie,ipopayments_a_fair.csv,20,45,105,20,True,0.956,1.0,0.4444444444444444,0.4444444444444444,166.49661934375763,166.49661934375763,ipopayments_a.csv;ipopayments_a__ipopayments_b_fair.csv;ipopayments_a__ipopayments_a_fair.csv;ipopayments_5__ipopayments_b_fair.csv;ipopayments_12__ipopayments_b_fair.csv;ipopayments_12__ipopayments_a_fair.csv;ipopayments_12.csv;ipopayments_5__ipopayments_a_fair.csv;ipopayments_5.csv;ipopayments_4__ipopayments_b_fair.csv;ipopayments_4__ipopayments_a_fair.csv;ipopayments_4.csv;ipopayments_3__ipopayments_b_fair.csv;ipopayments_3__ipopayments_a_fair.csv;ipopayments_3.csv;ipopayments_1__ipopayments_b_fair.csv;ipopayments_1__ipopayments_a_fair.csv;ipopayments_1.csv;ipopayments_7__ipopayments_b_fair.csv;ipopayments_2__ipopayments_a_fair.csv,{}
santos3,starmie,job_pay_scales_a_fair.csv,5,20,127,5,True,0.296,1.0,0.25,0.25,49.87653177976608,49.87653177976608,job_pay_scales_a__job_pay_scales_a_fair.csv;job_pay_scales_1__job_pay_scales_a_fair.csv;job_pay_scales_a.csv;job_pay_scales_1.csv;job_pay_scales_0.csv,{}
santos3,starmie,job_pay_scales_a_fair.csv,10,20,127,10,False,0.1657,1.0,0.5,0.5,98.98451143503189,98.98451143503189,job_pay_scales_a__job_pay_scales_a_fair.csv;job_pay_scales_1__job_pay_scales_a_fair.csv;job_pay_scales_a.csv;job_pay_scales_1.csv;job_pay_scales_0.csv;job_pay_scales_0__job_pay_scales_a_fair.csv;job_pay_scales_6__job_pay_scales_a_fair.csv;job_pay_scales_6.csv;job_pay_scales_8__job_pay_scales_a_fair.csv;job_pay_scales_8.csv,{}
santos3,starmie,job_pay_scales_a_fair.csv,20,20,127,20,False,0.0091,1.0,1.0,1.0,189.78355956077576,189.78355956077576,job_pay_scales_a__job_pay_scales_a_fair.csv;job_pay_scales_1__job_pay_scales_a_fair.csv;job_pay_scales_a.csv;job_pay_scales_1.csv;job_pay_scales_0.csv;job_pay_scales_0__job_pay_scales_a_fair.csv;job_pay_scales_6__job_pay_scales_a_fair.csv;job_pay_scales_6.csv;job_pay_scales_8__job_pay_scales_a_fair.csv;job_pay_scales_8.csv;job_pay_scales_4__job_pay_scales_a_fair.csv;job_pay_scales_4.csv;job_pay_scales_3.csv;job_pay_scales_9__job_pay_scales_a_fair.csv;job_pay_scales_3__job_pay_scales_a_fair.csv;job_pay_scales_9.csv;job_pay_scales_12__job_pay_scales_a_fair.csv;job_pay_scales_12.csv;job_pay_scales_10__job_pay_scales_a_fair.csv;job_pay_scales_10.csv,{}
santos3,starmie,ipopayments_b_fair.csv,5,45,106,5,False,0.2586,1.0,0.1111111111111111,0.1111111111111111,43.628670275211334,43.628670275211334,ipopayments_b__ipopayments_b_fair.csv;ipopayments_b__ipopayments_a_fair.csv;ipopayments_b.csv;ipopayments_7__ipopayments_b_fair.csv;ipopayments_1__ipopayments_b_fair.csv,{}
santos3,starmie,ipopayments_b_fair.csv,10,45,106,10,False,0.215,1.0,0.2222222222222222,0.2222222222222222,84.58554977178574,84.58554977178574,ipopayments_b__ipopayments_b_fair.csv;ipopayments_b__ipopayments_a_fair.csv;ipopayments_b.csv;ipopayments_7__ipopayments_b_fair.csv;ipopayments_1__ipopayments_b_fair.csv;ipopayments_10__ipopayments_b_fair.csv;ipopayments_10__ipopayments_a_fair.csv;ipopayments_10.csv;ipopayments_1__ipopayments_a_fair.csv;ipopayments_1.csv,{}
santos3,starmie,ipopayments_b_fair.csv,20,45,106,20,False,0.1543,1.0,0.4444444444444444,0.4444444444444444,165.205251455307,165.205251455307,ipopayments_b__ipopayments_b_fair.csv;ipopayments_b__ipopayments_a_fair.csv;ipopayments_b.csv;ipopayments_7__ipopayments_b_fair.csv;ipopayments_1__ipopayments_b_fair.csv;ipopayments_10__ipopayments_b_fair.csv;ipopayments_10__ipopayments_a_fair.csv;ipopayments_10.csv;ipopayments_1__ipopayments_a_fair.csv;ipopayments_1.csv;ipopayments_4__ipopayments_b_fair.csv;ipopayments_4__ipopayments_a_fair.csv;ipopayments_4.csv;ipopayments_7__ipopayments_a_fair.csv;ipopayments_7.csv;ipopayments_a__ipopayments_b_fair.csv;ipopayments_a__ipopayments_a_fair.csv;ipopayments_a.csv;ipopayments_6__ipopayments_a_fair.csv;ipopayments_6.csv,{}
santos3,starmie,minister_meetings_a_fair.csv,5,8,151,5,True,0.3377,1.0,0.625,0.625,23.80629140138626,23.80629140138626,minister_meetings_a__minister_meetings_a_fair.csv;minister_meetings_a.csv;minister_meetings_9__minister_meetings_a_fair.csv;minister_meetings_9.csv;minister_meetings_8__minister_meetings_a_fair.csv,{}
santos3,starmie,minister_meetings_a_fair.csv,10,8,151,10,True,0.2972,0.8,1.0,1.0,44.38558930158615,44.38558930158615,minister_meetings_a__minister_meetings_a_fair.csv;minister_meetings_a.csv;minister_meetings_9__minister_meetings_a_fair.csv;minister_meetings_9.csv;minister_meetings_8__minister_meetings_a_fair.csv;minister_meetings_8.csv;minister_meetings_0__minister_meetings_a_fair.csv;minister_meetings_0.csv;advertising-July-Sept-2018.csv;HMRC_exceptions_to_spending_controls_October_to_December_2017_property.csv,{}
santos3,starmie,minister_meetings_a_fair.csv,20,8,151,20,False,0.0054,0.4,1.0,1.0,80.23701906204224,80.23701906204224,minister_meetings_a__minister_meetings_a_fair.csv;minister_meetings_a.csv;minister_meetings_9__minister_meetings_a_fair.csv;minister_meetings_9.csv;minister_meetings_8__minister_meetings_a_fair.csv;minister_meetings_8.csv;minister_meetings_0__minister_meetings_a_fair.csv;minister_meetings_0.csv;advertising-July-Sept-2018.csv;HMRC_exceptions_to_spending_controls_October_to_December_2017_property.csv;film_locations_in_san_francisco_2.csv;HMRC_Officials_meetings_with_tobacco_stakeholders_Jan_2020_to_Mar_2020.csv;advertising-july-sept2015.csv;HMRC_Officials_meetings_with_tobacco_stakeholders_Jul_2014_to_Sept_2014.csv;abandoned_wells_a__abandoned_wells_a_fair.csv;abandoned_wells_a.csv;HMRC_Officials_meetings_with_tobacco_stakeholders_Apr_2015_to_Jun_2015.csv;HMRC_exceptions_to_spending_controls_April_to_June_2019_consultancy.csv;film_locations_in_san_francisco_a.csv;contributors_parties_17__contributors_parties_b_fair.csv,{}
santos3,starmie,mines_a_fair.csv,5,29,118,5,False,0.2633,1.0,0.1724137931034483,0.1724137931034483,39.45455926656723,39.45455926656723,mines_a__mines_a_fair.csv;mines_a.csv;mines_2__mines_b_fair.csv;mines_2__mines_a_fair.csv;mines_2.csv,{}
santos3,starmie,mines_a_fair.csv,10,29,118,10,False,0.2447,1.0,0.3448275862068966,0.3448275862068966,78.13589602708817,78.13589602708817,mines_a__mines_a_fair.csv;mines_a.csv;mines_2__mines_b_fair.csv;mines_2__mines_a_fair.csv;mines_2.csv;mines_1__mines_b_fair.csv;mines_1__mines_a_fair.csv;mines_1.csv;mines_4__mines_b_fair.csv;mines_4__mines_a_fair.csv,{}
santos3,starmie,mines_a_fair.csv,20,29,118,20,False,0.1986,1.0,0.6896551724137931,0.6896551724137931,154.4346588253975,154.4346588253975,mines_a__mines_a_fair.csv;mines_a.csv;mines_2__mines_b_fair.csv;mines_2__mines_a_fair.csv;mines_2.csv;mines_1__mines_b_fair.csv;mines_1__mines_a_fair.csv;mines_1.csv;mines_4__mines_b_fair.csv;mines_4__mines_a_fair.csv;mines_4.csv;mines_3__mines_b_fair.csv;mines_3__mines_a_fair.csv;mines_3.csv;mines_0__mines_b_fair.csv;mines_0__mines_a_fair.csv;mines_0.csv;mines_8__mines_b_fair.csv;mines_8.csv;mines_5__mines_b_fair.csv,{}
santos3,starmie,mines_b_fair.csv,5,35,132,5,True,0.3152,1.0,0.14285714285714285,0.14285714285714285,37.091349720954895,37.091349720954895,mines_b__mines_b_fair.csv;mines_b.csv;mines_9.csv;mines_9__mines_b_fair.csv;mines_10__mines_b_fair.csv,{}
santos3,starmie,mines_b_fair.csv,10,35,132,10,False,0.0659,1.0,0.2857142857142857,0.2857142857142857,68.47357451915741,68.47357451915741,mines_b__mines_b_fair.csv;mines_b.csv;mines_9.csv;mines_9__mines_b_fair.csv;mines_10__mines_b_fair.csv;mines_10.csv;mines_1__mines_b_fair.csv;mines_1__mines_a_fair.csv;mines_1.csv;mines_11.csv,{}
santos3,starmie,mines_b_fair.csv,20,35,132,20,False,0.0198,0.85,0.4857142857142857,0.5714285714285714,129.5853021144867,129.5853021144867,mines_b__mines_b_fair.csv;mines_b.csv;mines_9.csv;mines_9__mines_b_fair.csv;mines_10__mines_b_fair.csv;mines_10.csv;mines_1__mines_b_fair.csv;mines_1__mines_a_fair.csv;mines_1.csv;mines_11.csv;mines_a__mines_a_fair.csv;mines_a.csv;mines_11__mines_b_fair.csv;mines_4__mines_b_fair.csv;mines_4__mines_a_fair.csv;mines_4.csv;mines_2__mines_b_fair.csv;mines_2__mines_a_fair.csv;mines_2.csv;oil_and_gas_summary_production_data_1967_1999_2.csv,{}
santos3,starmie,lane_description_a_fair.csv,5,48,65,5,False,0.2678,1.0,0.10416666666666667,0.10416666666666667,69.17858529090881,69.17858529090881,lane_description_a__lane_description_b_fair.csv;lane_description_a__lane_description_a_fair.csv;lane_description_a.csv;lane_description_1__lane_description_b_fair.csv;lane_description_1__lane_description_a_fair.csv,{}
santos3,starmie,lane_description_a_fair.csv,10,48,65,10,False,0.1648,1.0,0.20833333333333334,0.20833333333333334,136.98407024145126,136.98407024145126,lane_description_a__lane_description_b_fair.csv;lane_description_a__lane_description_a_fair.csv;lane_description_a.csv;lane_description_1__lane_description_b_fair.csv;lane_description_1__lane_description_a_fair.csv;lane_description_1.csv;lane_description_7__lane_description_b_fair.csv;lane_description_7__lane_description_a_fair.csv;lane_description_7.csv;lane_description_3__lane_description_b_fair.csv,{}
santos3,starmie,lane_description_a_fair.csv,20,48,65,20,False,0.2109,1.0,0.4166666666666667,0.4166666666666667,271.72849678993225,271.72849678993225,lane_description_a__lane_description_b_fair.csv;lane_description_a__lane_description_a_fair.csv;lane_description_a.csv;lane_description_1__lane_description_b_fair.csv;lane_description_1__lane_description_a_fair.csv;lane_description_1.csv;lane_description_7__lane_description_b_fair.csv;lane_description_7__lane_description_a_fair.csv;lane_description_7.csv;lane_description_3__lane_description_b_fair.csv;lane_description_3__lane_description_a_fair.csv;lane_description_3.csv;lane_description_8__lane_description_b_fair.csv;lane_description_8__lane_description_a_fair.csv;lane_description_8.csv;lane_description_2__lane_description_a_fair.csv;lane_description_2.csv;lane_description_13__lane_description_b_fair.csv;lane_description_13__lane_description_a_fair.csv;lane_description_4__lane_description_b_fair.csv,{}
santos3,starmie,new_york_city_restaurant_inspection_results_a_fair.csv,5,62,113,5,True,0.3259,1.0,0.08064516129032258,0.08064516129032258,38.20899015665054,38.20899015665054,new_york_city_restaurant_inspection_results_a__new_york_city_restaurant_inspection_results_a_fair.csv;new_york_city_restaurant_inspection_results_a.csv;new_york_city_restaurant_inspection_results_9__new_york_city_restaurant_inspection_results_a_fair.csv;new_york_city_restaurant_inspection_results_9.csv;new_york_city_restaurant_inspection_results_2__new_york_city_restaurant_inspection_results_a_fair.csv,{}
santos3,starmie,new_york_city_restaurant_inspection_results_a_fair.csv,10,62,113,10,True,0.3096,1.0,0.16129032258064516,0.16129032258064516,74.08720445632935,74.08720445632935,new_york_city_restaurant_inspection_results_a__new_york_city_restaurant_inspection_results_a_fair.csv;new_york_city_restaurant_inspection_results_a.csv;new_york_city_restaurant_inspection_results_9__new_york_city_restaurant_inspection_results_a_fair.csv;new_york_city_restaurant_inspection_results_9.csv;new_york_city_restaurant_inspection_results_2__new_york_city_restaurant_inspection_results_a_fair.csv;new_york_city_restaurant_inspection_results_2.csv;new_york_city_restaurant_inspection_results_7__new_york_city_restaurant_inspection_results_a_fair.csv;new_york_city_restaurant_inspection_results_7.csv;new_york_city_restaurant_inspection_results_5__new_york_city_restaurant_inspection_results_a_fair.csv;new_york_city_restaurant_inspection_results_8.csv,{}
santos3,starmie,new_york_city_restaurant_inspection_results_a_fair.csv,20,62,113,20,False,0.2332,0.9,0.2903225806451613,0.3225806451612903,142.5214022397995,142.5214022397995,new_york_city_restaurant_inspection_results_a__new_york_city_restaurant_inspection_results_a_fair.csv;new_york_city_restaurant_inspection_results_a.csv;new_york_city_restaurant_inspection_results_9__new_york_city_restaurant_inspection_results_a_fair.csv;new_york_city_restaurant_inspection_results_9.csv;new_york_city_restaurant_inspection_results_2__new_york_city_restaurant_inspection_results_a_fair.csv;new_york_city_restaurant_inspection_results_2.csv;new_york_city_restaurant_inspection_results_7__new_york_city_restaurant_inspection_results_a_fair.csv;new_york_city_restaurant_inspection_results_7.csv;new_york_city_restaurant_inspection_results_5__new_york_city_restaurant_inspection_results_a_fair.csv;new_york_city_restaurant_inspection_results_8.csv;new_york_city_restaurant_inspection_results_8__new_york_city_restaurant_inspection_results_a_fair.csv;new_york_city_restaurant_inspection_results_6__new_york_city_restaurant_inspection_results_a_fair.csv;new_york_city_restaurant_inspection_results_5.csv;new_york_city_restaurant_inspection_results_6.csv;new_york_city_restaurant_inspection_results_4__new_york_city_restaurant_inspection_results_a_fair.csv;wholesale_markets_a__wholesale_markets_a_fair.csv;new_york_city_restaurant_inspection_results_4.csv;wholesale_markets_a.csv;new_york_city_restaurant_inspection_results_3.csv;new_york_city_restaurant_inspection_results_3__new_york_city_restaurant_inspection_results_a_fair.csv,{}
santos3,starmie,practice_reference_a_fair.csv,5,45,112,5,True,0.3058,1.0,0.1111111111111111,0.1111111111111111,39.967798352241516,39.967798352241516,practice_reference_a__practice_reference_b_fair.csv;practice_reference_a__practice_reference_a_fair.csv;practice_reference_a.csv;practice_reference_9__practice_reference_b_fair.csv;practice_reference_9__practice_reference_a_fair.csv,{}
santos3,starmie,practice_reference_a_fair.csv,10,45,112,10,False,0.2869,1.0,0.2222222222222222,0.2222222222222222,79.64151763916016,79.64151763916016,practice_reference_a__practice_reference_b_fair.csv;practice_reference_a__practice_reference_a_fair.csv;practice_reference_a.csv;practice_reference_9__practice_reference_b_fair.csv;practice_reference_9__practice_reference_a_fair.csv;practice_reference_9.csv;practice_reference_10__practice_reference_b_fair.csv;practice_reference_10__practice_reference_a_fair.csv;practice_reference_10.csv;practice_reference_3.csv,{}
santos3,starmie,practice_reference_a_fair.csv,20,45,112,20,False,0.2781,1.0,0.4444444444444444,0.4444444444444444,157.96022033691406,157.96022033691406,practice_reference_a__practice_reference_b_fair.csv;practice_reference_a__practice_reference_a_fair.csv;practice_reference_a.csv;practice_reference_9__practice_reference_b_fair.csv;practice_reference_9__practice_reference_a_fair.csv;practice_reference_9.csv;practice_reference_10__practice_reference_b_fair.csv;practice_reference_10__practice_reference_a_fair.csv;practice_reference_10.csv;practice_reference_3.csv;practice_reference_8.csv;practice_reference_3__practice_reference_b_fair.csv;practice_reference_4.csv;practice_reference_8__practice_reference_b_fair.csv;practice_reference_3__practice_reference_a_fair.csv;practice_reference_4__practice_reference_b_fair.csv;practice_reference_4__practice_reference_a_fair.csv;practice_reference_8__practice_reference_a_fair.csv;practice_reference_7__practice_reference_b_fair.csv;practice_reference_7.csv,{}
santos3,starmie,oil_and_gas_summary_production_data_1967_1999_a_fair.csv,5,22,137,5,True,0.3004,1.0,0.22727272727272727,0.22727272727272727,40.68866968154907,40.68866968154907,oil_and_gas_summary_production_data_1967_1999_a__oil_and_gas_summary_production_data_1967_1999_a_fair.csv;oil_and_gas_summary_production_data_1967_1999_a.csv;oil_and_gas_summary_production_data_1967_1999_8.csv;oil_and_gas_summary_production_data_1967_1999_8__oil_and_gas_summary_production_data_1967_1999_a_fair.csv;oil_and_gas_summary_production_data_1967_1999_5__oil_and_gas_summary_production_data_1967_1999_a_fair.csv,{}
santos3,starmie,oil_and_gas_summary_production_data_1967_1999_a_fair.csv,10,22,137,10,False,0.2392,1.0,0.45454545454545453,0.45454545454545453,77.07540947198868,77.07540947198868,oil_and_gas_summary_production_data_1967_1999_a__oil_and_gas_summary_production_data_1967_1999_a_fair.csv;oil_and_gas_summary_production_data_1967_1999_a.csv;oil_and_gas_summary_production_data_1967_1999_8.csv;oil_and_gas_summary_production_data_1967_1999_8__oil_and_gas_summary_production_data_1967_1999_a_fair.csv;oil_and_gas_summary_production_data_1967_1999_5__oil_and_gas_summary_production_data_1967_1999_a_fair.csv;oil_and_gas_summary_production_data_1967_1999_5.csv;oil_and_gas_summary_production_data_1967_1999_7__oil_and_gas_summary_production_data_1967_1999_a_fair.csv;oil_and_gas_summary_production_data_1967_1999_7.csv;oil_and_gas_summary_production_data_1967_1999_9.csv;oil_and_gas_summary_production_data_1967_1999_0__oil_and_gas_summary_production_data_1967_1999_a_fair.csv,{}
santos3,starmie,oil_and_gas_summary_production_data_1967_1999_a_fair.csv,20,22,137,20,False,0.1801,0.8,0.7272727272727273,0.9090909090909091,146.7743508219719,146.7743508219719,oil_and_gas_summary_production_data_1967_1999_a__oil_and_gas_summary_production_data_1967_1999_a_fair.csv;oil_and_gas_summary_production_data_1967_1999_a.csv;oil_and_gas_summary_production_data_1967_1999_8.csv;oil_and_gas_summary_production_data_1967_1999_8__oil_and_gas_summary_production_data_1967_1999_a_fair.csv;oil_and_gas_summary_production_data_1967_1999_5__oil_and_gas_summary_production_data_1967_1999_a_fair.csv;oil_and_gas_summary_production_data_1967_1999_5.csv;oil_and_gas_summary_production_data_1967_1999_7__oil_and_gas_summary_production_data_1967_1999_a_fair.csv;oil_and_gas_summary_production_data_1967_1999_7.csv;oil_and_gas_summary_production_data_1967_1999_9.csv;oil_and_gas_summary_production_data_1967_1999_0__oil_and_gas_summary_production_data_1967_1999_a_fair.csv;oil_and_gas_summary_production_data_1967_1999_9__oil_and_gas_summary_production_data_1967_1999_a_fair.csv;oil_and_gas_summary_production_data_1967_1999_0.csv;abandoned_wells_8.csv;abandoned_wells_8__abandoned_wells_a_fair.csv;oil_and_gas_summary_production_data_1967_1999_1__oil_and_gas_summary_production_data_1967_1999_a_fair.csv;oil_and_gas_summary_production_data_1967_1999_2__oil_and_gas_summary_production_data_1967_1999_a_fair.csv;oil_and_gas_summary_production_data_1967_1999_1.csv;oil_and_gas_summary_production_data_1967_1999_2.csv;abandoned_wells_9.csv;abandoned_wells_9__abandoned_wells_a_fair.csv,{}
santos3,starmie,data_mill_a_fair.csv,5,10,73,5,False,0.2455,0.8,0.4,0.5,94.53616029024124,94.53616029024124,data_mill_a__data_mill_a_fair.csv;data_mill_a.csv;data_mill_9__data_mill_a_fair.csv;data_mill_9.csv;data_mill_b__data_mill_b_fair.csv,{}
santos3,starmie,data_mill_a_fair.csv,10,10,73,10,False,0.143,0.8,0.8,1.0,181.19228553771973,181.19228553771973,data_mill_a__data_mill_a_fair.csv;data_mill_a.csv;data_mill_9__data_mill_a_fair.csv;data_mill_9.csv;data_mill_b__data_mill_b_fair.csv;data_mill_b.csv;data_mill_5__data_mill_a_fair.csv;data_mill_5.csv;data_mill_10__data_mill_a_fair.csv;data_mill_10.csv,{}
santos3,starmie,data_mill_a_fair.csv,20,10,73,20,False,0.1608,0.5,1.0,1.0,310.27456080913544,310.27456080913544,data_mill_a__data_mill_a_fair.csv;data_mill_a.csv;data_mill_9__data_mill_a_fair.csv;data_mill_9.csv;data_mill_b__data_mill_b_fair.csv;data_mill_b.csv;data_mill_5__data_mill_a_fair.csv;data_mill_5.csv;data_mill_10__data_mill_a_fair.csv;data_mill_10.csv;data_mill_0__data_mill_a_fair.csv;data_mill_0.csv;stockport_contracts_0.csv;civic_building_locations_7__civic_building_locations_a_fair.csv;stockport_contracts_9__stockport_contracts_b_fair.csv;stockport_contracts_9.csv;civic_building_locations_7.csv;stockport_contracts_1.csv;stockport_contracts_0__stockport_contracts_b_fair.csv;civic_building_locations_3__civic_building_locations_a_fair.csv,{}
santos3,starmie,data_mill_b_fair.csv,5,2,70,5,False,0.1833,0.4,1.0,1.0,93.68128401041031,93.68128401041031,data_mill_b__data_mill_b_fair.csv;data_mill_b.csv;data_mill_a__data_mill_a_fair.csv;data_mill_a.csv;data_mill_9__data_mill_a_fair.csv,{}
santos3,starmie,data_mill_b_fair.csv,10,2,70,10,False,0.1085,0.2,1.0,1.0,181.23086667060852,181.23086667060852,data_mill_b__data_mill_b_fair.csv;data_mill_b.csv;data_mill_a__data_mill_a_fair.csv;data_mill_a.csv;data_mill_9__data_mill_a_fair.csv;data_mill_9.csv;data_mill_5__data_mill_a_fair.csv;data_mill_5.csv;data_mill_10__data_mill_a_fair.csv;data_mill_10.csv,{}
santos3,starmie,data_mill_b_fair.csv,20,2,70,20,False,0.0918,0.1,1.0,1.0,313.30605697631836,313.30605697631836,data_mill_b__data_mill_b_fair.csv;data_mill_b.csv;data_mill_a__data_mill_a_fair.csv;data_mill_a.csv;data_mill_9__data_mill_a_fair.csv;data_mill_9.csv;data_mill_5__data_mill_a_fair.csv;data_mill_5.csv;data_mill_10__data_mill_a_fair.csv;data_mill_10.csv;data_mill_0__data_mill_a_fair.csv;data_mill_0.csv;civic_building_locations_7__civic_building_locations_a_fair.csv;stockport_contracts_0.csv;civic_building_locations_7.csv;stockport_contracts_9__stockport_contracts_b_fair.csv;stockport_contracts_9.csv;stockport_contracts_1.csv;stockport_contracts_0__stockport_contracts_b_fair.csv;civic_building_locations_3__civic_building_locations_a_fair.csv,{}
santos3,starmie,monthly_data_feed_b_fair.csv,5,6,68,5,False,0.2365,0.6,0.5,0.8333333333333334,67.21274811029434,67.21274811029434,monthly_data_feed_b__monthly_data_feed_b_fair.csv;monthly_data_feed_b__monthly_data_feed_a_fair.csv;monthly_data_feed_b.csv;monthly_data_feed_3__monthly_data_feed_a_fair.csv;monthly_data_feed_3.csv,{}
santos3,starmie,monthly_data_feed_b_fair.csv,10,6,68,10,False,0.1306,0.3,0.5,1.0,123.32307654619217,123.32307654619217,monthly_data_feed_b__monthly_data_feed_b_fair.csv;monthly_data_feed_b__monthly_data_feed_a_fair.csv;monthly_data_feed_b.csv;monthly_data_feed_3__monthly_data_feed_a_fair.csv;monthly_data_feed_3.csv;monthly_data_feed_5__monthly_data_feed_a_fair.csv;monthly_data_feed_5.csv;monthly_data_feed_10__monthly_data_feed_a_fair.csv;monthly_data_feed_10.csv;monthly_data_feed_7__monthly_data_feed_a_fair.csv,{}
santos3,starmie,monthly_data_feed_b_fair.csv,20,6,68,20,False,0.0584,0.15,0.5,1.0,231.9732427597046,231.9732427597046,monthly_data_feed_b__monthly_data_feed_b_fair.csv;monthly_data_feed_b__monthly_data_feed_a_fair.csv;monthly_data_feed_b.csv;monthly_data_feed_3__monthly_data_feed_a_fair.csv;monthly_data_feed_3.csv;monthly_data_feed_5__monthly_data_feed_a_fair.csv;monthly_data_feed_5.csv;monthly_data_feed_10__monthly_data_feed_a_fair.csv;monthly_data_feed_10.csv;monthly_data_feed_7__monthly_data_feed_a_fair.csv;monthly_data_feed_7.csv;monthly_data_feed_2__monthly_data_feed_a_fair.csv;monthly_data_feed_2.csv;monthly_data_feed_1__monthly_data_feed_a_fair.csv;monthly_data_feed_1.csv;lane_description_9__lane_description_b_fair.csv;lane_description_9__lane_description_a_fair.csv;lane_description_9.csv;lane_description_6__lane_description_b_fair.csv;lane_description_6__lane_description_a_fair.csv,{}
santos3,starmie,practice_reference_b_fair.csv,5,45,112,5,True,0.3136,1.0,0.1111111111111111,0.1111111111111111,34.53716838359833,34.53716838359833,practice_reference_b__practice_reference_b_fair.csv;practice_reference_b__practice_reference_a_fair.csv;practice_reference_b.csv;practice_reference_a__practice_reference_b_fair.csv;practice_reference_a__practice_reference_a_fair.csv,{}
santos3,starmie,practice_reference_b_fair.csv,10,45,112,10,False,0.2891,1.0,0.2222222222222222,0.2222222222222222,68.33924758434296,68.33924758434296,practice_reference_b__practice_reference_b_fair.csv;practice_reference_b__practice_reference_a_fair.csv;practice_reference_b.csv;practice_reference_a__practice_reference_b_fair.csv;practice_reference_a__practice_reference_a_fair.csv;practice_reference_a.csv;practice_reference_3__practice_reference_b_fair.csv;practice_reference_3.csv;practice_reference_3__practice_reference_a_fair.csv;practice_reference_9__practice_reference_b_fair.csv,{}
santos3,starmie,practice_reference_b_fair.csv,20,45,112,20,False,0.2521,1.0,0.4444444444444444,0.4444444444444444,135.37837040424347,135.37837040424347,practice_reference_b__practice_reference_b_fair.csv;practice_reference_b__practice_reference_a_fair.csv;practice_reference_b.csv;practice_reference_a__practice_reference_b_fair.csv;practice_reference_a__practice_reference_a_fair.csv;practice_reference_a.csv;practice_reference_3__practice_reference_b_fair.csv;practice_reference_3.csv;practice_reference_3__practice_reference_a_fair.csv;practice_reference_9__practice_reference_b_fair.csv;practice_reference_9__practice_reference_a_fair.csv;practice_reference_9.csv;practice_reference_8.csv;practice_reference_10__practice_reference_b_fair.csv;practice_reference_10__practice_reference_a_fair.csv;practice_reference_10.csv;practice_reference_8__practice_reference_a_fair.csv;practice_reference_8__practice_reference_b_fair.csv;practice_reference_4.csv;practice_reference_4__practice_reference_b_fair.csv,{}
santos3,starmie,psyckes_antipsychotic_polypharmacy_quality_indicators_beginning_2012_a_fair.csv,5,22,130,5,True,0.527,0.6,0.13636363636363635,0.22727272727272727,32.59665638208389,32.59665638208389,psyckes_antipsychotic_polypharmacy_quality_indicators_beginning_2012_a__psyckes_antipsychotic_polypharmacy_quality_indicators_beginning_2012_a_fair.csv;psyckes_antipsychotic_polypharmacy_quality_indicators_beginning_2012_a.csv;oil_and_gas_summary_production_data_1967_1999_6.csv;psyckes_antipsychotic_polypharmacy_quality_indicators_beginning_2012_5.csv;report_card_discipline_for_2015_16_a.csv,{}
santos3,starmie,psyckes_antipsychotic_polypharmacy_quality_indicators_beginning_2012_a_fair.csv,10,22,130,10,True,0.3632,0.5,0.22727272727272727,0.45454545454545453,59.91943323612213,59.91940349340439,psyckes_antipsychotic_polypharmacy_quality_indicators_beginning_2012_a__psyckes_antipsychotic_polypharmacy_quality_indicators_beginning_2012_a_fair.csv;psyckes_antipsychotic_polypharmacy_quality_indicators_beginning_2012_a.csv;oil_and_gas_summary_production_data_1967_1999_6.csv;psyckes_antipsychotic_polypharmacy_quality_indicators_beginning_2012_5.csv;report_card_discipline_for_2015_16_a.csv;psyckes_antipsychotic_polypharmacy_quality_indicators_beginning_2012_5__psyckes_antipsychotic_polypharmacy_quality_indicators_beginning_2012_a_fair.csv;oil_and_gas_summary_production_data_1967_1999_6__oil_and_gas_summary_production_data_1967_1999_a_fair.csv;report_card_discipline_for_2015_16_a__report_card_discipline_for_2015_16_a_fair.csv;psyckes_antipsychotic_polypharmacy_quality_indicators_beginning_2012_3.csv;report_card_discipline_for_2015_16_6.csv,{}
santos3,starmie,psyckes_antipsychotic_polypharmacy_quality_indicators_beginning_2012_a_fair.csv,20,22,130,20,True,0.3409,0.5,0.45454545454545453,0.9090909090909091,113.48196524381638,113.48193550109863,psyckes_antipsychotic_polypharmacy_quality_indicators_beginning_2012_a__psyckes_antipsychotic_polypharmacy_quality_indicators_beginning_2012_a_fair.csv;psyckes_antipsychotic_polypharmacy_quality_indicators_beginning_2012_a.csv;oil_and_gas_summary_production_data_1967_1999_6.csv;psyckes_antipsychotic_polypharmacy_quality_indicators_beginning_2012_5.csv;report_card_discipline_for_2015_16_a.csv;psyckes_antipsychotic_polypharmacy_quality_indicators_beginning_2012_5__psyckes_antipsychotic_polypharmacy_quality_indicators_beginning_2012_a_fair.csv;oil_and_gas_summary_production_data_1967_1999_6__oil_and_gas_summary_production_data_1967_1999_a_fair.csv;report_card_discipline_for_2015_16_a__report_card_discipline_for_2015_16_a_fair.csv;psyckes_antipsychotic_polypharmacy_quality_indicators_beginning_2012_3.csv;report_card_discipline_for_2015_16_6.csv;psyckes_antipsychotic_polypharmacy_quality_indicators_beginning_2012_6.csv;report_card_discipline_for_2015_16_7.csv;psyckes_antipsychotic_polypharmacy_quality_indicators_beginning_2012_3__psyckes_antipsychotic_polypharmacy_quality_indicators_beginning_2012_a_fair.csv;psyckes_antipsychotic_polypharmacy_quality_indicators_beginning_2012_2.csv;report_card_discipline_for_2015_16_4.csv;report_card_discipline_for_2015_16_7__report_card_discipline_for_2015_16_a_fair.csv;psyckes_antipsychotic_polypharmacy_quality_indicators_beginning_2012_2__psyckes_antipsychotic_polypharmacy_quality_indicators_beginning_2012_a_fair.csv;report_card_discipline_for_2015_16_6__report_card_discipline_for_2015_16_a_fair.csv;report_card_discipline_for_2015_16_4__report_card_discipline_for_2015_16_a_fair.csv;psyckes_antipsychotic_polypharmacy_quality_indicators_beginning_2012_6__psyckes_antipsychotic_polypharmacy_quality_indicators_beginning_2012_a_fair.csv,{}
santos3,starmie,senior_officials_expenses_a_fair.csv,5,2,134,5,True,0.3065,0.4,1.0,1.0,20.369924545288086,20.369924545288086,senior_officials_expenses_a__senior_officials_expenses_a_fair.csv;senior_officials_expenses_a.csv;minister_meetings_9.csv;minister_meetings_0__minister_meetings_a_fair.csv;minister_meetings_0.csv,{}
santos3,starmie,senior_officials_expenses_a_fair.csv,10,2,134,10,False,0.085,0.2,1.0,1.0,36.73864275217056,36.73864275217056,senior_officials_expenses_a__senior_officials_expenses_a_fair.csv;senior_officials_expenses_a.csv;minister_meetings_9.csv;minister_meetings_0__minister_meetings_a_fair.csv;minister_meetings_0.csv;civic_building_locations_1.csv;minister_meetings_a__minister_meetings_a_fair.csv;minister_meetings_a.csv;civic_building_locations_1__civic_building_locations_a_fair.csv;minister_meetings_8__minister_meetings_a_fair.csv,{}
santos3,starmie,senior_officials_expenses_a_fair.csv,20,2,134,20,False,0.0836,0.1,1.0,1.0,39.8234903216362,39.8234903216362,senior_officials_expenses_a__senior_officials_expenses_a_fair.csv;senior_officials_expenses_a.csv;minister_meetings_9.csv;minister_meetings_0__minister_meetings_a_fair.csv;minister_meetings_0.csv;civic_building_locations_1.csv;minister_meetings_a__minister_meetings_a_fair.csv;minister_meetings_a.csv;civic_building_locations_1__civic_building_locations_a_fair.csv;minister_meetings_8__minister_meetings_a_fair.csv;minister_meetings_8.csv;purchasing_card_9__purchasing_card_a_fair.csv;purchasing_card_9.csv;purchasing_card_8__purchasing_card_a_fair.csv;purchasing_card_6__purchasing_card_a_fair.csv;purchasing_card_6.csv;purchasing_card_5__purchasing_card_a_fair.csv;purchasing_card_4__purchasing_card_a_fair.csv;purchasing_card_4.csv;purchasing_card_1__purchasing_card_a_fair.csv,{}
santos3,starmie,report_card_discipline_for_2015_16_a_fair.csv,5,22,115,5,True,0.3311,1.0,0.22727272727272727,0.22727272727272727,42.61347085237503,42.61347085237503,report_card_discipline_for_2015_16_a__report_card_discipline_for_2015_16_a_fair.csv;report_card_discipline_for_2015_16_a.csv;report_card_discipline_for_2015_16_4.csv;report_card_discipline_for_2015_16_4__report_card_discipline_for_2015_16_a_fair.csv;report_card_discipline_for_2015_16_7.csv,{}
santos3,starmie,report_card_discipline_for_2015_16_a_fair.csv,10,22,115,10,True,0.3169,1.0,0.45454545454545453,0.45454545454545453,82.86592024564743,82.86592024564743,report_card_discipline_for_2015_16_a__report_card_discipline_for_2015_16_a_fair.csv;report_card_discipline_for_2015_16_a.csv;report_card_discipline_for_2015_16_4.csv;report_card_discipline_for_2015_16_4__report_card_discipline_for_2015_16_a_fair.csv;report_card_discipline_for_2015_16_7.csv;report_card_discipline_for_2015_16_7__report_card_discipline_for_2015_16_a_fair.csv;report_card_discipline_for_2015_16_6.csv;report_card_discipline_for_2015_16_6__report_card_discipline_for_2015_16_a_fair.csv;report_card_discipline_for_2015_16_1.csv;report_card_discipline_for_2015_16_5.csv,{}
santos3,starmie,report_card_discipline_for_2015_16_a_fair.csv,20,22,115,20,False,0.2891,1.0,0.9090909090909091,0.9090909090909091,160.15751469135284,160.15751469135284,report_card_discipline_for_2015_16_a__report_card_discipline_for_2015_16_a_fair.csv;report_card_discipline_for_2015_16_a.csv;report_card_discipline_for_2015_16_4.csv;report_card_discipline_for_2015_16_4__report_card_discipline_for_2015_16_a_fair.csv;report_card_discipline_for_2015_16_7.csv;report_card_discipline_for_2015_16_7__report_card_discipline_for_2015_16_a_fair.csv;report_card_discipline_for_2015_16_6.csv;report_card_discipline_for_2015_16_6__report_card_discipline_for_2015_16_a_fair.csv;report_card_discipline_for_2015_16_1.csv;report_card_discipline_for_2015_16_5.csv;report_card_discipline_for_2015_16_1__report_card_discipline_for_2015_16_a_fair.csv;report_card_discipline_for_2015_16_5__report_card_discipline_for_2015_16_a_fair.csv;report_card_discipline_for_2015_16_3.csv;report_card_discipline_for_2015_16_3__report_card_discipline_for_2015_16_a_fair.csv;report_card_discipline_for_2015_16_8.csv;report_card_discipline_for_2015_16_0.csv;report_card_discipline_for_2015_16_8__report_card_discipline_for_2015_16_a_fair.csv;report_card_discipline_for_2015_16_9.csv;report_card_discipline_for_2015_16_0__report_card_discipline_for_2015_16_a_fair.csv;report_card_discipline_for_2015_16_9__report_card_discipline_for_2015_16_a_fair.csv,{}
santos3,starmie,purchasing_card_a_fair.csv,5,26,100,5,False,0.2873,1.0,0.19230769230769232,0.19230769230769232,49.43810319900513,49.43810319900513,purchasing_card_a__purchasing_card_a_fair.csv;purchasing_card_a.csv;purchasing_card_2.csv;purchasing_card_7.csv;purchasing_card_2__purchasing_card_a_fair.csv,{}
santos3,starmie,purchasing_card_a_fair.csv,10,26,100,10,False,0.291,1.0,0.38461538461538464,0.38461538461538464,97.89812368154526,97.89812368154526,purchasing_card_a__purchasing_card_a_fair.csv;purchasing_card_a.csv;purchasing_card_2.csv;purchasing_card_7.csv;purchasing_card_2__purchasing_card_a_fair.csv;purchasing_card_7__purchasing_card_a_fair.csv;purchasing_card_11.csv;purchasing_card_11__purchasing_card_a_fair.csv;purchasing_card_4.csv;purchasing_card_0__purchasing_card_a_fair.csv,{}
santos3,starmie,purchasing_card_a_fair.csv,20,26,100,20,False,0.2321,1.0,0.7692307692307693,0.7692307692307693,192.3286246061325,192.3286246061325,purchasing_card_a__purchasing_card_a_fair.csv;purchasing_card_a.csv;purchasing_card_2.csv;purchasing_card_7.csv;purchasing_card_2__purchasing_card_a_fair.csv;purchasing_card_7__purchasing_card_a_fair.csv;purchasing_card_11.csv;purchasing_card_11__purchasing_card_a_fair.csv;purchasing_card_4.csv;purchasing_card_0__purchasing_card_a_fair.csv;purchasing_card_0.csv;purchasing_card_6.csv;purchasing_card_5.csv;purchasing_card_6__purchasing_card_a_fair.csv;purchasing_card_4__purchasing_card_a_fair.csv;purchasing_card_3__purchasing_card_a_fair.csv;purchasing_card_5__purchasing_card_a_fair.csv;purchasing_card_3.csv;purchasing_card_9.csv;purchasing_card_10__purchasing_card_a_fair.csv,{}
santos3,starmie,monthly_data_feed_a_fair.csv,5,28,68,5,True,1.0,1.0,0.17857142857142858,0.17857142857142858,93.5649271607399,93.5649271607399,monthly_data_feed_a__monthly_data_feed_a_fair.csv;monthly_data_feed_a.csv;monthly_data_feed_4__monthly_data_feed_a_fair.csv;monthly_data_feed_4.csv;monthly_data_feed_1__monthly_data_feed_a_fair.csv,{}
santos3,starmie,monthly_data_feed_a_fair.csv,10,28,68,10,True,0.8323,1.0,0.35714285714285715,0.35714285714285715,180.1181160211563,180.1181160211563,monthly_data_feed_a__monthly_data_feed_a_fair.csv;monthly_data_feed_a.csv;monthly_data_feed_4__monthly_data_feed_a_fair.csv;monthly_data_feed_4.csv;monthly_data_feed_1__monthly_data_feed_a_fair.csv;monthly_data_feed_1.csv;monthly_data_feed_6__monthly_data_feed_a_fair.csv;monthly_data_feed_6.csv;monthly_data_feed_10__monthly_data_feed_a_fair.csv;monthly_data_feed_10.csv,{}
santos3,starmie,monthly_data_feed_a_fair.csv,20,28,68,20,True,0.7336,1.0,0.7142857142857143,0.7142857142857143,346.96841752529144,346.96841752529144,monthly_data_feed_a__monthly_data_feed_a_fair.csv;monthly_data_feed_a.csv;monthly_data_feed_4__monthly_data_feed_a_fair.csv;monthly_data_feed_4.csv;monthly_data_feed_1__monthly_data_feed_a_fair.csv;monthly_data_feed_1.csv;monthly_data_feed_6__monthly_data_feed_a_fair.csv;monthly_data_feed_6.csv;monthly_data_feed_10__monthly_data_feed_a_fair.csv;monthly_data_feed_10.csv;monthly_data_feed_2__monthly_data_feed_a_fair.csv;monthly_data_feed_2.csv;monthly_data_feed_7__monthly_data_feed_a_fair.csv;monthly_data_feed_7.csv;monthly_data_feed_9__monthly_data_feed_a_fair.csv;monthly_data_feed_9.csv;monthly_data_feed_5__monthly_data_feed_a_fair.csv;monthly_data_feed_5.csv;monthly_data_feed_8__monthly_data_feed_a_fair.csv;monthly_data_feed_8.csv,{}
santos3,starmie,time_spent_watching_vcr_movies_a_fair.csv,5,14,179,5,False,0.1748,0.4,0.14285714285714285,0.35714285714285715,21.094463229179382,21.094463229179382,time_spent_watching_vcr_movies_a__time_spent_watching_vcr_movies_a_fair.csv;time_spent_watching_vcr_movies_a.csv;contributors_parties_0__contributors_parties_b_fair.csv;contributors_parties_0__contributors_parties_a_fair.csv;contributors_parties_2__contributors_parties_b_fair.csv,{}
santos3,starmie,time_spent_watching_vcr_movies_a_fair.csv,10,14,179,10,False,0.0685,0.2,0.14285714285714285,0.7142857142857143,39.341730773448944,39.341730773448944,time_spent_watching_vcr_movies_a__time_spent_watching_vcr_movies_a_fair.csv;time_spent_watching_vcr_movies_a.csv;contributors_parties_0__contributors_parties_b_fair.csv;contributors_parties_0__contributors_parties_a_fair.csv;contributors_parties_2__contributors_parties_b_fair.csv;contributors_parties_2__contributors_parties_a_fair.csv;contributors_parties_1__contributors_parties_a_fair.csv;contributors_parties_3__contributors_parties_a_fair.csv;contributors_parties_2.csv;contributors_parties_0.csv,{}
santos3,starmie,time_spent_watching_vcr_movies_a_fair.csv,20,14,179,20,False,0.0639,0.3,0.42857142857142855,1.0,74.7376052737236,74.7376052737236,time_spent_watching_vcr_movies_a__time_spent_watching_vcr_movies_a_fair.csv;time_spent_watching_vcr_movies_a.csv;contributors_parties_0__contributors_parties_b_fair.csv;contributors_parties_0__contributors_parties_a_fair.csv;contributors_parties_2__contributors_parties_b_fair.csv;contributors_parties_2__contributors_parties_a_fair.csv;contributors_parties_1__contributors_parties_a_fair.csv;contributors_parties_3__contributors_parties_a_fair.csv;contributors_parties_2.csv;contributors_parties_0.csv;time_spent_watching_vcr_movies_4__time_spent_watching_vcr_movies_a_fair.csv;contributors_parties_3.csv;time_spent_watching_vcr_movies_3__time_spent_watching_vcr_movies_a_fair.csv;immigration_records_9__immigration_records_a_fair.csv;immigration_records_9.csv;time_spent_watching_vcr_movies_9__time_spent_watching_vcr_movies_a_fair.csv;contributors_parties_12.csv;contributors_parties_1.csv;time_spent_watching_vcr_movies_3.csv;contributors_parties_14.csv,{}
santos3,starmie,tuition_assistance_program_tap_recipients_a_fair.csv,5,22,137,5,True,0.5623,1.0,0.22727272727272727,0.22727272727272727,35.071765780448914,35.071765780448914,tuition_assistance_program_tap_recipients_a__tuition_assistance_program_tap_recipients_a_fair.csv;tuition_assistance_program_tap_recipients_a.csv;tuition_assistance_program_tap_recipients_4__tuition_assistance_program_tap_recipients_a_fair.csv;tuition_assistance_program_tap_recipients_4.csv;tuition_assistance_program_tap_recipients_8__tuition_assistance_program_tap_recipients_a_fair.csv,{}
santos3,starmie,tuition_assistance_program_tap_recipients_a_fair.csv,10,22,137,10,True,0.4841,1.0,0.45454545454545453,0.45454545454545453,66.4986891746521,66.4986891746521,tuition_assistance_program_tap_recipients_a__tuition_assistance_program_tap_recipients_a_fair.csv;tuition_assistance_program_tap_recipients_a.csv;tuition_assistance_program_tap_recipients_4__tuition_assistance_program_tap_recipients_a_fair.csv;tuition_assistance_program_tap_recipients_4.csv;tuition_assistance_program_tap_recipients_8__tuition_assistance_program_tap_recipients_a_fair.csv;tuition_assistance_program_tap_recipients_8.csv;tuition_assistance_program_tap_recipients_3__tuition_assistance_program_tap_recipients_a_fair.csv;tuition_assistance_program_tap_recipients_3.csv;tuition_assistance_program_tap_recipients_6__tuition_assistance_program_tap_recipients_a_fair.csv;tuition_assistance_program_tap_recipients_6.csv,{}
santos3,starmie,tuition_assistance_program_tap_recipients_a_fair.csv,20,22,137,20,True,0.3787,1.0,0.9090909090909091,0.9090909090909091,127.83242881298065,127.83242881298065,tuition_assistance_program_tap_recipients_a__tuition_assistance_program_tap_recipients_a_fair.csv;tuition_assistance_program_tap_recipients_a.csv;tuition_assistance_program_tap_recipients_4__tuition_assistance_program_tap_recipients_a_fair.csv;tuition_assistance_program_tap_recipients_4.csv;tuition_assistance_program_tap_recipients_8__tuition_assistance_program_tap_recipients_a_fair.csv;tuition_assistance_program_tap_recipients_8.csv;tuition_assistance_program_tap_recipients_3__tuition_assistance_program_tap_recipients_a_fair.csv;tuition_assistance_program_tap_recipients_3.csv;tuition_assistance_program_tap_recipients_6__tuition_assistance_program_tap_recipients_a_fair.csv;tuition_assistance_program_tap_recipients_6.csv;tuition_assistance_program_tap_recipients_7__tuition_assistance_program_tap_recipients_a_fair.csv;tuition_assistance_program_tap_recipients_7.csv;tuition_assistance_program_tap_recipients_5__tuition_assistance_program_tap_recipients_a_fair.csv;tuition_assistance_program_tap_recipients_5.csv;tuition_assistance_program_tap_recipients_9__tuition_assistance_program_tap_recipients_a_fair.csv;tuition_assistance_program_tap_recipients_9.csv;tuition_assistance_program_tap_recipients_2__tuition_assistance_program_tap_recipients_a_fair.csv;tuition_assistance_program_tap_recipients_2.csv;tuition_assistance_program_tap_recipients_1__tuition_assistance_program_tap_recipients_a_fair.csv;tuition_assistance_program_tap_recipients_1.csv,{}
santos3,starmie,business_rates_a_fair.csv,5,24,40,5,True,0.3687,1.0,0.20833333333333334,0.20833333333333334,128.56725680828094,128.56725680828094,business_rates_a__business_rates_a_fair.csv;business_rates_a.csv;business_rates_7__business_rates_a_fair.csv;business_rates_7.csv;business_rates_6__business_rates_a_fair.csv,{}
santos3,starmie,business_rates_a_fair.csv,10,24,40,10,False,0.2849,1.0,0.4166666666666667,0.4166666666666667,255.2152395248413,255.2152395248413,business_rates_a__business_rates_a_fair.csv;business_rates_a.csv;business_rates_7__business_rates_a_fair.csv;business_rates_7.csv;business_rates_6__business_rates_a_fair.csv;business_rates_10__business_rates_a_fair.csv;business_rates_10.csv;business_rates_1__business_rates_a_fair.csv;business_rates_1.csv;business_rates_0.csv,{}
santos3,starmie,business_rates_a_fair.csv,20,24,40,20,False,0.2098,1.0,0.8333333333333334,0.8333333333333334,505.6881231665611,505.6881231665611,business_rates_a__business_rates_a_fair.csv;business_rates_a.csv;business_rates_7__business_rates_a_fair.csv;business_rates_7.csv;business_rates_6__business_rates_a_fair.csv;business_rates_10__business_rates_a_fair.csv;business_rates_10.csv;business_rates_1__business_rates_a_fair.csv;business_rates_1.csv;business_rates_0.csv;business_rates_8__business_rates_a_fair.csv;business_rates_8.csv;business_rates_0__business_rates_a_fair.csv;business_rates_6.csv;business_rates_5__business_rates_a_fair.csv;business_rates_5.csv;business_rates_3__business_rates_a_fair.csv;business_rates_3.csv;business_rates_9.csv;business_rates_9__business_rates_a_fair.csv,{}
santos3,starmie,wholesale_markets_a_fair.csv,5,2,115,5,False,0.1516,0.4,1.0,1.0,35.91259717941284,35.91259717941284,wholesale_markets_a__wholesale_markets_a_fair.csv;wholesale_markets_a.csv;new_york_city_restaurant_inspection_results_a__new_york_city_restaurant_inspection_results_a_fair.csv;new_york_city_restaurant_inspection_results_a.csv;new_york_city_restaurant_inspection_results_2__new_york_city_restaurant_inspection_results_a_fair.csv,{}
santos3,starmie,wholesale_markets_a_fair.csv,10,2,115,10,False,0.1446,0.2,1.0,1.0,67.92737901210785,67.92737901210785,wholesale_markets_a__wholesale_markets_a_fair.csv;wholesale_markets_a.csv;new_york_city_restaurant_inspection_results_a__new_york_city_restaurant_inspection_results_a_fair.csv;new_york_city_restaurant_inspection_results_a.csv;new_york_city_restaurant_inspection_results_2__new_york_city_restaurant_inspection_results_a_fair.csv;new_york_city_restaurant_inspection_results_8.csv;new_york_city_restaurant_inspection_results_8__new_york_city_restaurant_inspection_results_a_fair.csv;new_york_city_restaurant_inspection_results_2.csv;new_york_city_restaurant_inspection_results_9__new_york_city_restaurant_inspection_results_a_fair.csv;new_york_city_restaurant_inspection_results_9.csv,{}
santos3,starmie,wholesale_markets_a_fair.csv,20,2,115,20,False,0.1321,0.1,1.0,1.0,128.66391640901566,128.66391640901566,wholesale_markets_a__wholesale_markets_a_fair.csv;wholesale_markets_a.csv;new_york_city_restaurant_inspection_results_a__new_york_city_restaurant_inspection_results_a_fair.csv;new_york_city_restaurant_inspection_results_a.csv;new_york_city_restaurant_inspection_results_2__new_york_city_restaurant_inspection_results_a_fair.csv;new_york_city_restaurant_inspection_results_8.csv;new_york_city_restaurant_inspection_results_8__new_york_city_restaurant_inspection_results_a_fair.csv;new_york_city_restaurant_inspection_results_2.csv;new_york_city_restaurant_inspection_results_9__new_york_city_restaurant_inspection_results_a_fair.csv;new_york_city_restaurant_inspection_results_9.csv;new_york_city_restaurant_inspection_results_6__new_york_city_restaurant_inspection_results_a_fair.csv;new_york_city_restaurant_inspection_results_7__new_york_city_restaurant_inspection_results_a_fair.csv;new_york_city_restaurant_inspection_results_7.csv;new_york_city_restaurant_inspection_results_6.csv;new_york_city_restaurant_inspection_results_5__new_york_city_restaurant_inspection_results_a_fair.csv;complaint_by_practice_1__complaint_by_practice_b_fair.csv;complaint_by_practice_1__complaint_by_practice_a_fair.csv;complaint_by_practice_1.csv;new_york_city_restaurant_inspection_results_5.csv;311_calls_historic_data_3.csv,{}
santos3,starmie,lane_description_b_fair.csv,5,48,41,5,True,0.9747,1.0,0.10416666666666667,0.10416666666666667,128.34063911437988,128.34063911437988,lane_description_b__lane_description_b_fair.csv;lane_description_b__lane_description_a_fair.csv;lane_description_b.csv;lane_description_10__lane_description_b_fair.csv;lane_description_10__lane_description_a_fair.csv,{}
santos3,starmie,lane_description_b_fair.csv,10,48,41,10,True,0.8614,0.9,0.1875,0.20833333333333334,236.49732100963593,236.49732100963593,lane_description_b__lane_description_b_fair.csv;lane_description_b__lane_description_a_fair.csv;lane_description_b.csv;lane_description_10__lane_description_b_fair.csv;lane_description_10__lane_description_a_fair.csv;lane_description_10.csv;lane_description_5__lane_description_b_fair.csv;lane_description_5__lane_description_a_fair.csv;lane_description_5.csv;business_rates_6.csv,{}
santos3,starmie,lane_description_b_fair.csv,20,48,41,20,True,0.5205,0.45,0.1875,0.4166666666666667,408.77632623910904,408.77632623910904,lane_description_b__lane_description_b_fair.csv;lane_description_b__lane_description_a_fair.csv;lane_description_b.csv;lane_description_10__lane_description_b_fair.csv;lane_description_10__lane_description_a_fair.csv;lane_description_10.csv;lane_description_5__lane_description_b_fair.csv;lane_description_5__lane_description_a_fair.csv;lane_description_5.csv;business_rates_6.csv;business_rates_3__business_rates_a_fair.csv;business_rates_3.csv;business_rates_6__business_rates_a_fair.csv;business_rates_2__business_rates_a_fair.csv;business_rates_2.csv;business_rates_4__business_rates_a_fair.csv;business_rates_4.csv;business_rates_7__business_rates_a_fair.csv;business_rates_7.csv;business_rates_0.csv,{}
santos3,starmie,prescribing_a_fair.csv,5,45,54,5,False,0.2292,1.0,0.1111111111111111,0.1111111111111111,92.46520012617111,92.46520012617111,prescribing_a__prescribing_b_fair.csv;prescribing_a__prescribing_a_fair.csv;prescribing_a.csv;prescribing_12__prescribing_b_fair.csv;prescribing_12__prescribing_a_fair.csv,{}
santos3,starmie,prescribing_a_fair.csv,10,45,54,10,False,0.1751,1.0,0.2222222222222222,0.2222222222222222,180.07562845945358,180.07562845945358,prescribing_a__prescribing_b_fair.csv;prescribing_a__prescribing_a_fair.csv;prescribing_a.csv;prescribing_12__prescribing_b_fair.csv;prescribing_12__prescribing_a_fair.csv;prescribing_12.csv;prescribing_3.csv;prescribing_3__prescribing_b_fair.csv;prescribing_3__prescribing_a_fair.csv;prescribing_b__prescribing_b_fair.csv,{}
santos3,starmie,prescribing_a_fair.csv,20,45,54,20,False,0.1536,0.9,0.4,0.4444444444444444,338.8235358595848,338.8235358595848,prescribing_a__prescribing_b_fair.csv;prescribing_a__prescribing_a_fair.csv;prescribing_a.csv;prescribing_12__prescribing_b_fair.csv;prescribing_12__prescribing_a_fair.csv;prescribing_12.csv;prescribing_3.csv;prescribing_3__prescribing_b_fair.csv;prescribing_3__prescribing_a_fair.csv;prescribing_b__prescribing_b_fair.csv;prescribing_b__prescribing_a_fair.csv;prescribing_b.csv;prescribing_0__prescribing_b_fair.csv;prescribing_0__prescribing_a_fair.csv;prescribing_0.csv;prescribing_2__prescribing_b_fair.csv;prescribing_2__prescribing_a_fair.csv;prescribing_2.csv;admissionssummaryallocatedsecondary2014.csv;admissionssummaryallocatedsecondary2012.csv,{}
santos3,starmie,prescribing_b_fair.csv,5,45,54,5,False,0.2395,1.0,0.1111111111111111,0.1111111111111111,93.78742754459381,93.78742754459381,prescribing_b__prescribing_b_fair.csv;prescribing_b__prescribing_a_fair.csv;prescribing_b.csv;prescribing_0__prescribing_b_fair.csv;prescribing_0__prescribing_a_fair.csv,{}
santos3,starmie,prescribing_b_fair.csv,10,45,54,10,False,0.2337,1.0,0.2222222222222222,0.2222222222222222,184.03824889659882,184.03824889659882,prescribing_b__prescribing_b_fair.csv;prescribing_b__prescribing_a_fair.csv;prescribing_b.csv;prescribing_0__prescribing_b_fair.csv;prescribing_0__prescribing_a_fair.csv;prescribing_0.csv;prescribing_12__prescribing_b_fair.csv;prescribing_12__prescribing_a_fair.csv;prescribing_12.csv;prescribing_3__prescribing_b_fair.csv,{}
santos3,starmie,prescribing_b_fair.csv,20,45,54,20,False,0.1552,1.0,0.4444444444444444,0.4444444444444444,345.9045671224594,345.9045671224594,prescribing_b__prescribing_b_fair.csv;prescribing_b__prescribing_a_fair.csv;prescribing_b.csv;prescribing_0__prescribing_b_fair.csv;prescribing_0__prescribing_a_fair.csv;prescribing_0.csv;prescribing_12__prescribing_b_fair.csv;prescribing_12__prescribing_a_fair.csv;prescribing_12.csv;prescribing_3__prescribing_b_fair.csv;prescribing_3__prescribing_a_fair.csv;prescribing_3.csv;prescribing_a__prescribing_b_fair.csv;prescribing_a__prescribing_a_fair.csv;prescribing_a.csv;prescribing_4.csv;prescribing_8.csv;prescribing_8__prescribing_b_fair.csv;prescribing_8__prescribing_a_fair.csv;prescribing_11.csv,{}
santos3,starmie,ydn_spending_data_a_fair.csv,5,36,102,5,False,0.2522,1.0,0.1388888888888889,0.1388888888888889,57.48971384763718,57.48971384763718,ydn_spending_data_a__ydn_spending_data_b_fair.csv;ydn_spending_data_a__ydn_spending_data_a_fair.csv;ydn_spending_data_a.csv;ydn_spending_data_7__ydn_spending_data_a_fair.csv;ydn_spending_data_7.csv,{}
santos3,starmie,ydn_spending_data_a_fair.csv,10,36,102,10,False,0.1848,1.0,0.2777777777777778,0.2777777777777778,110.60415357351303,110.60415357351303,ydn_spending_data_a__ydn_spending_data_b_fair.csv;ydn_spending_data_a__ydn_spending_data_a_fair.csv;ydn_spending_data_a.csv;ydn_spending_data_7__ydn_spending_data_a_fair.csv;ydn_spending_data_7.csv;ydn_spending_data_9__ydn_spending_data_b_fair.csv;ydn_spending_data_9__ydn_spending_data_a_fair.csv;ydn_spending_data_9.csv;ydn_spending_data_6__ydn_spending_data_b_fair.csv;ydn_spending_data_7__ydn_spending_data_b_fair.csv,{}
santos3,starmie,ydn_spending_data_a_fair.csv,20,36,102,20,False,0.1684,1.0,0.5555555555555556,0.5555555555555556,208.86653339862823,208.86653339862823,ydn_spending_data_a__ydn_spending_data_b_fair.csv;ydn_spending_data_a__ydn_spending_data_a_fair.csv;ydn_spending_data_a.csv;ydn_spending_data_7__ydn_spending_data_a_fair.csv;ydn_spending_data_7.csv;ydn_spending_data_9__ydn_spending_data_b_fair.csv;ydn_spending_data_9__ydn_spending_data_a_fair.csv;ydn_spending_data_9.csv;ydn_spending_data_6__ydn_spending_data_b_fair.csv;ydn_spending_data_7__ydn_spending_data_b_fair.csv;ydn_spending_data_4__ydn_spending_data_b_fair.csv;ydn_spending_data_4__ydn_spending_data_a_fair.csv;ydn_spending_data_4.csv;ydn_spending_data_6.csv;ydn_spending_data_b__ydn_spending_data_b_fair.csv;ydn_spending_data_b__ydn_spending_data_a_fair.csv;ydn_spending_data_b.csv;ydn_spending_data_6__ydn_spending_data_a_fair.csv;ydn_spending_data_8__ydn_spending_data_b_fair.csv;ydn_spending_data_3__ydn_spending_data_b_fair.csv,{}
santos3,starmie,stockport_contracts_b_fair.csv,5,27,51,5,False,0.1964,1.0,0.18518518518518517,0.18518518518518517,89.61713820695877,89.61713820695877,stockport_contracts_b__stockport_contracts_b_fair.csv;stockport_contracts_b.csv;stockport_contracts_11.csv;stockport_contracts_a__stockport_contracts_b_fair.csv;stockport_contracts_11__stockport_contracts_b_fair.csv,{}
santos3,starmie,stockport_contracts_b_fair.csv,10,27,51,10,False,0.1258,1.0,0.37037037037037035,0.37037037037037035,172.25673985481262,172.25673985481262,stockport_contracts_b__stockport_contracts_b_fair.csv;stockport_contracts_b.csv;stockport_contracts_11.csv;stockport_contracts_a__stockport_contracts_b_fair.csv;stockport_contracts_11__stockport_contracts_b_fair.csv;stockport_contracts_7.csv;stockport_contracts_0__stockport_contracts_b_fair.csv;stockport_contracts_8.csv;stockport_contracts_3.csv;stockport_contracts_8__stockport_contracts_b_fair.csv,{}
santos3,starmie,stockport_contracts_b_fair.csv,20,27,51,20,False,0.0881,1.0,0.7407407407407407,0.7407407407407407,333.0075754523277,333.0075754523277,stockport_contracts_b__stockport_contracts_b_fair.csv;stockport_contracts_b.csv;stockport_contracts_11.csv;stockport_contracts_a__stockport_contracts_b_fair.csv;stockport_contracts_11__stockport_contracts_b_fair.csv;stockport_contracts_7.csv;stockport_contracts_0__stockport_contracts_b_fair.csv;stockport_contracts_8.csv;stockport_contracts_3.csv;stockport_contracts_8__stockport_contracts_b_fair.csv;stockport_contracts_7__stockport_contracts_b_fair.csv;stockport_contracts_10__stockport_contracts_b_fair.csv;stockport_contracts_3__stockport_contracts_b_fair.csv;stockport_contracts_1__stockport_contracts_b_fair.csv;stockport_contracts_10.csv;stockport_contracts_2__stockport_contracts_b_fair.csv;stockport_contracts_a.csv;stockport_contracts_a__stockport_contracts_a_fair.csv;stockport_contracts_9.csv;stockport_contracts_1.csv,{}
santos3,starmie,ydn_spending_data_b_fair.csv,5,36,95,5,True,0.3247,1.0,0.1388888888888889,0.1388888888888889,57.73376113176346,57.73376113176346,ydn_spending_data_b__ydn_spending_data_b_fair.csv;ydn_spending_data_b__ydn_spending_data_a_fair.csv;ydn_spending_data_b.csv;ydn_spending_data_7__ydn_spending_data_b_fair.csv;ydn_spending_data_6__ydn_spending_data_b_fair.csv,{}
santos3,starmie,ydn_spending_data_b_fair.csv,10,36,95,10,False,0.2229,1.0,0.2777777777777778,0.2777777777777778,109.48977702856064,109.48977702856064,ydn_spending_data_b__ydn_spending_data_b_fair.csv;ydn_spending_data_b__ydn_spending_data_a_fair.csv;ydn_spending_data_b.csv;ydn_spending_data_7__ydn_spending_data_b_fair.csv;ydn_spending_data_6__ydn_spending_data_b_fair.csv;ydn_spending_data_8__ydn_spending_data_b_fair.csv;ydn_spending_data_6.csv;ydn_spending_data_6__ydn_spending_data_a_fair.csv;ydn_spending_data_7__ydn_spending_data_a_fair.csv;ydn_spending_data_9__ydn_spending_data_b_fair.csv,{}
santos3,starmie,ydn_spending_data_b_fair.csv,20,36,95,20,False,0.1221,1.0,0.5555555555555556,0.5555555555555556,210.16646945476532,210.16646945476532,ydn_spending_data_b__ydn_spending_data_b_fair.csv;ydn_spending_data_b__ydn_spending_data_a_fair.csv;ydn_spending_data_b.csv;ydn_spending_data_7__ydn_spending_data_b_fair.csv;ydn_spending_data_6__ydn_spending_data_b_fair.csv;ydn_spending_data_8__ydn_spending_data_b_fair.csv;ydn_spending_data_6.csv;ydn_spending_data_6__ydn_spending_data_a_fair.csv;ydn_spending_data_7__ydn_spending_data_a_fair.csv;ydn_spending_data_9__ydn_spending_data_b_fair.csv;ydn_spending_data_9__ydn_spending_data_a_fair.csv;ydn_spending_data_9.csv;ydn_spending_data_4__ydn_spending_data_a_fair.csv;ydn_spending_data_4.csv;ydn_spending_data_4__ydn_spending_data_b_fair.csv;ydn_spending_data_7.csv;ydn_spending_data_a__ydn_spending_data_b_fair.csv;ydn_spending_data_a__ydn_spending_data_a_fair.csv;ydn_spending_data_3__ydn_spending_data_a_fair.csv;ydn_spending_data_3.csv,{}
santos3,starmie,stockport_contracts_a_fair.csv,5,3,67,5,False,0.1864,0.6,1.0,1.0,97.4994804263115,97.4994804263115,stockport_contracts_a__stockport_contracts_a_fair.csv;stockport_contracts_a.csv;stockport_contracts_a__stockport_contracts_b_fair.csv;stockport_contracts_6__stockport_contracts_b_fair.csv;stockport_contracts_3__stockport_contracts_b_fair.csv,{}
santos3,starmie,stockport_contracts_a_fair.csv,10,3,67,10,False,0.089,0.3,1.0,1.0,186.53532058000565,186.53532058000565,stockport_contracts_a__stockport_contracts_a_fair.csv;stockport_contracts_a.csv;stockport_contracts_a__stockport_contracts_b_fair.csv;stockport_contracts_6__stockport_contracts_b_fair.csv;stockport_contracts_3__stockport_contracts_b_fair.csv;stockport_contracts_6.csv;stockport_contracts_0__stockport_contracts_b_fair.csv;stockport_contracts_0.csv;stockport_contracts_9__stockport_contracts_b_fair.csv;stockport_contracts_1.csv,{}
santos3,starmie,stockport_contracts_a_fair.csv,20,3,67,20,False,0.0511,0.15,1.0,1.0,358.0007208585739,358.0007208585739,stockport_contracts_a__stockport_contracts_a_fair.csv;stockport_contracts_a.csv;stockport_contracts_a__stockport_contracts_b_fair.csv;stockport_contracts_6__stockport_contracts_b_fair.csv;stockport_contracts_3__stockport_contracts_b_fair.csv;stockport_contracts_6.csv;stockport_contracts_0__stockport_contracts_b_fair.csv;stockport_contracts_0.csv;stockport_contracts_9__stockport_contracts_b_fair.csv;stockport_contracts_1.csv;stockport_contracts_7__stockport_contracts_b_fair.csv;stockport_contracts_2__stockport_contracts_b_fair.csv;stockport_contracts_1__stockport_contracts_b_fair.csv;stockport_contracts_9.csv;stockport_contracts_3.csv;stockport_contracts_11__stockport_contracts_b_fair.csv;stockport_contracts_7.csv;stockport_contracts_2.csv;stockport_contracts_11.csv;stockport_contracts_8.csv,{}
santos3,starmie,workforce_management_information_a_fair.csv,5,39,27,5,False,0.2533,1.0,0.1282051282051282,0.1282051282051282,204.87268912792206,204.87268912792206,workforce_management_information_a__workforce_management_information_b_fair.csv;workforce_management_information_a__workforce_management_information_a_fair.csv;workforce_management_information_a.csv;workforce_management_information_10__workforce_management_information_a_fair.csv;workforce_management_information_10.csv,{}
santos3,starmie,workforce_management_information_a_fair.csv,10,39,27,10,False,0.2195,1.0,0.2564102564102564,0.2564102564102564,409.5304625034332,409.5304625034332,workforce_management_information_a__workforce_management_information_b_fair.csv;workforce_management_information_a__workforce_management_information_a_fair.csv;workforce_management_information_a.csv;workforce_management_information_10__workforce_management_information_a_fair.csv;workforce_management_information_10.csv;workforce_management_information_b__workforce_management_information_b_fair.csv;workforce_management_information_b__workforce_management_information_a_fair.csv;workforce_management_information_b.csv;workforce_management_information_3__workforce_management_information_b_fair.csv;workforce_management_information_3__workforce_management_information_a_fair.csv,{}
santos3,starmie,workforce_management_information_a_fair.csv,20,39,27,20,False,0.1859,1.0,0.5128205128205128,0.5128205128205128,818.645359992981,818.645359992981,workforce_management_information_a__workforce_management_information_b_fair.csv;workforce_management_information_a__workforce_management_information_a_fair.csv;workforce_management_information_a.csv;workforce_management_information_10__workforce_management_information_a_fair.csv;workforce_management_information_10.csv;workforce_management_information_b__workforce_management_information_b_fair.csv;workforce_management_information_b__workforce_management_information_a_fair.csv;workforce_management_information_b.csv;workforce_management_information_3__workforce_management_information_b_fair.csv;workforce_management_information_3__workforce_management_information_a_fair.csv;workforce_management_information_3.csv;workforce_management_information_10__workforce_management_information_b_fair.csv;workforce_management_information_7__workforce_management_information_b_fair.csv;workforce_management_information_7__workforce_management_information_a_fair.csv;workforce_management_information_7.csv;workforce_management_information_0__workforce_management_information_b_fair.csv;workforce_management_information_0__workforce_management_information_a_fair.csv;workforce_management_information_0.csv;workforce_management_information_2__workforce_management_information_b_fair.csv;workforce_management_information_2__workforce_management_information_a_fair.csv,{}
santos3,starmie,workforce_management_information_b_fair.csv,5,39,27,5,False,0.1783,1.0,0.1282051282051282,0.1282051282051282,204.90142226219177,204.90142226219177,workforce_management_information_b__workforce_management_information_b_fair.csv;workforce_management_information_b__workforce_management_information_a_fair.csv;workforce_management_information_b.csv;workforce_management_information_10__workforce_management_information_a_fair.csv;workforce_management_information_10.csv,{}
santos3,starmie,workforce_management_information_b_fair.csv,10,39,27,10,False,0.1821,1.0,0.2564102564102564,0.2564102564102564,409.57145369052887,409.57145369052887,workforce_management_information_b__workforce_management_information_b_fair.csv;workforce_management_information_b__workforce_management_information_a_fair.csv;workforce_management_information_b.csv;workforce_management_information_10__workforce_management_information_a_fair.csv;workforce_management_information_10.csv;workforce_management_information_a__workforce_management_information_b_fair.csv;workforce_management_information_a__workforce_management_information_a_fair.csv;workforce_management_information_a.csv;workforce_management_information_6__workforce_management_information_b_fair.csv;workforce_management_information_6__workforce_management_information_a_fair.csv,{}
santos3,starmie,workforce_management_information_b_fair.csv,20,39,27,20,False,0.1981,1.0,0.5128205128205128,0.5128205128205128,818.6508904695511,818.6508904695511,workforce_management_information_b__workforce_management_information_b_fair.csv;workforce_management_information_b__workforce_management_information_a_fair.csv;workforce_management_information_b.csv;workforce_management_information_10__workforce_management_information_a_fair.csv;workforce_management_information_10.csv;workforce_management_information_a__workforce_management_information_b_fair.csv;workforce_management_information_a__workforce_management_information_a_fair.csv;workforce_management_information_a.csv;workforce_management_information_6__workforce_management_information_b_fair.csv;workforce_management_information_6__workforce_management_information_a_fair.csv;workforce_management_information_6.csv;workforce_management_information_3__workforce_management_information_b_fair.csv;workforce_management_information_3__workforce_management_information_a_fair.csv;workforce_management_information_3.csv;workforce_management_information_10__workforce_management_information_b_fair.csv;workforce_management_information_0__workforce_management_information_b_fair.csv;workforce_management_information_0__workforce_management_information_a_fair.csv;workforce_management_information_0.csv;workforce_management_information_7.csv;workforce_management_information_2__workforce_management_information_b_fair.csv,{}
