pool_size,metric,mean_ms,median_ms,max_ms,min_ms,source_combos
20,index_probe_total,38.371211084861145,29.634899110533297,218.8470179680735,15.327545814216137,k10a2.0
20,stage1_total,0.18944986083585283,0.1643729628995061,0.6095920689404011,0.07436005398631096,k10a2.0
20,stage2_total,2.0546236166568552,1.738114980980754,8.419571910053492,1.3440100010484457,k10a2.0
20,unionability_total,28.182672093743864,9.65287338476628,182.39853996783495,2.7277509216219187,k10a2.0
20,end_to_end_total,68.79938789137194,50.4956356016919,252.70337075926363,24.23347719013691,k10a2.0
30,index_probe_total,38.371211084861145,29.634899110533297,218.8470179680735,15.327545814216137,k10a3.0+k15a2.0
30,stage1_total,0.1939810944073226,0.16666098963469267,0.7981720846146345,0.054581090807914734,k10a3.0+k15a2.0
30,stage2_total,2.159809116679041,1.8079775618389249,8.814075961709023,1.4132331125438213,k10a3.0+k15a2.0
30,unionability_total,42.168205629264854,15.585707034915686,275.25038295425475,4.672270966693759,k10a3.0+k15a2.0
30,end_to_end_total,82.68121238696672,57.30343202594668,311.5367339923978,25.94646532088518,k10a3.0+k15a2.0
40,index_probe_total,38.371211084861145,29.634899110533297,218.8470179680735,15.327545814216137,k10a4.0
40,stage1_total,0.19858077006495517,0.15966093633323908,0.6961710751056671,0.07206597365438938,k10a4.0
40,stage2_total,2.224242086927204,1.8358194502070546,7.8639991115778685,1.402796944603324,k10a4.0
40,unionability_total,55.8690867619589,21.58247458282858,362.3494340572506,5.877956980839372,k10a4.0
40,end_to_end_total,96.66475731089874,63.67525493260473,399.06987897120416,27.88366423919797,k10a4.0
45,index_probe_total,38.371211084861145,29.634899110533297,218.8470179680735,15.327545814216137,k15a3.0
45,stage1_total,0.19649190969927155,0.1592810731381178,0.7405958604067564,0.05434988997876644,k15a3.0
45,stage2_total,2.33708666232617,1.9926870008930564,7.8898880165070295,1.4649501536041498,k15a3.0
45,unionability_total,60.96992463521335,24.990494013763964,386.1931369174272,6.8058110773563385,k15a3.0
45,end_to_end_total,101.87623284392707,66.11992593389004,415.56985303759575,29.04380322434008,k15a3.0
60,index_probe_total,38.371211084861145,29.634899110533297,218.8470179680735,15.327545814216137,k15a4.0
60,stage1_total,0.20486137161598258,0.16433245036751032,0.7411481346935034,0.05395011976361275,k15a4.0
60,stage2_total,2.5178143025740334,2.0333320135250688,8.584386901929975,1.527342014014721,k15a4.0
60,unionability_total,81.15206111688167,31.977798440493643,505.85121591575444,8.79067205823958,k15a4.0
60,end_to_end_total,122.24782776067276,74.18110652361065,535.0806361529976,32.28759812191129,k15a4.0
