bench,q_table,n_D,F_max_k,class
tusLarge3,PED_SK_DTL_SNF____c12_0____3_fair.csv,96,0.2952173913043478,no_solution_in_D
tusLarge3,PED_SK_DTL_SNF____c16_0____0_fair.csv,55,0.28538026089096724,no_solution_in_D
tusLarge3,PED_SK_DTL_SNF____c19_0____0_fair.csv,62,0.18981549815498155,no_solution_in_D
tusLarge3,PED_SK_DTL_SNF____c23_0____0_fair.csv,33,0.224699974465912,no_solution_in_D
tusLarge3,t_03e347c6a1b6918b____c2_0____1_fair.csv,3,,D<k
tusLarge3,t_03e347c6a1b6918b____c4_1____2_fair.csv,0,,D<k
tusLarge3,t_1d580f266b2a923b____c1_0____4_fair.csv,2,,D<k
tusLarge3,t_240c872e361b3c8e____c5_1____3_fair.csv,10,0.20495064093119197,no_solution_in_D
tusLarge3,t_285b3bcd52ec0c86____c20_1____2_fair.csv,31,0.15681366413899728,no_solution_in_D
tusLarge3,t_356fc1eaad97f93b____c1_0____1_fair.csv,7,,D<k
tusLarge3,t_6047be0d6255e98d____c2_0____2_fair.csv,9,,D<k
tusLarge3,t_8b2f04db4903263f____c13_0____2_fair.csv,3,,D<k
tusLarge3,t_ca85e8f9eef5b9d5____c10_0____0_fair.csv,36,0.26653868871825165,no_solution_in_D
tusLarge3,t_e9efd5cda78af711____c18_0____0_fair.csv,18,0.29626213716598776,no_solution_in_D
tusLarge3,t_e9efd5cda78af711____c6_0____3_fair.csv,18,0.265366576154036,no_solution_in_D
tusLarge3,t_f2bc7fb748586bfa____c31_1____2_fair.csv,43,0.19665683382497542,no_solution_in_D
tusLarge3,t_f2bc7fb748586bfa____c40_0____0_fair.csv,32,0.20769111007317453,no_solution_in_D
tusLarge3,t_f2bc7fb748586bfa____c42_1____2_fair.csv,3,,D<k
tusLarge3,t_f2bc7fb748586bfa____c8_0____0_fair.csv,2,,D<k
tusLarge3,t_f2bc7fb748586bfa____c8_0____4_fair.csv,11,0.22346057397603789,no_solution_in_D
