bench,top_n,q_table,n_D,own_in_D,own_total,ratio_own_in_D,ratio_D
tusSmall3,1000,t_013a2f8c584d44d7____c11_0____0_fair.csv,126,19,57,0.30941600056680213,0.19331921047036257
tusSmall3,1000,t_013a2f8c584d44d7____c12_0____2_fair.csv,124,39,62,0.4336455663717735,0.41073564644161464
tusSmall3,1000,t_013a2f8c584d44d7____c8_1____3_fair.csv,151,29,62,0.373003676063784,0.28095368516489744
tusSmall3,1000,t_1934eacab8c57857____c10_1____3_fair.csv,96,15,89,0.42529755733421803,0.08105644592233893
tusSmall3,1000,t_1934eacab8c57857____c11_0____4_fair.csv,50,13,77,0.3546006731495746,0.1396685923443288
tusSmall3,1000,t_1934eacab8c57857____c11_1____1_fair.csv,39,8,71,0.4263720620773956,0.10324397297111441
tusSmall3,1000,t_1934eacab8c57857____c12_0____1_fair.csv,77,12,81,0.431122227997228,0.1281560226135411
tusSmall3,1000,t_1934eacab8c57857____c15_1____0_fair.csv,81,9,106,0.42734232191206584,0.05622585156564819
tusSmall3,1000,t_1934eacab8c57857____c15_1____3_fair.csv,61,12,104,0.4244754499946746,0.12682262551828075
tusSmall3,1000,t_1934eacab8c57857____c19_0____4_fair.csv,67,9,77,0.413866643454039,0.10187742215094332
tusSmall3,1000,t_1934eacab8c57857____c2_1____0_fair.csv,105,29,105,0.5571830584085486,0.5406777278491864
tusSmall3,1000,t_1934eacab8c57857____c4_0____4_fair.csv,69,18,104,0.416275708367988,0.242299680542748
tusSmall3,1000,t_1f6b65ebc2ab3ed3____c1_0____0_fair.csv,127,17,18,0.42333875680970073,0.19521029257951483
tusSmall3,1000,t_1f6b65ebc2ab3ed3____c1_0____2_fair.csv,127,17,18,0.4221816262736979,0.1481131132199475
tusSmall3,1000,t_1f6b65ebc2ab3ed3____c1_0____3_fair.csv,121,16,18,0.4216252681104269,0.1489592944064511
tusSmall3,1000,t_1f6b65ebc2ab3ed3____c2_0____3_fair.csv,80,14,16,0.4196060600197357,0.18011776492587248
tusSmall3,1000,t_1f6b65ebc2ab3ed3____c2_0____4_fair.csv,123,17,18,0.4215594023264492,0.19443180512466965
tusSmall3,1000,t_1f6b65ebc2ab3ed3____c3_1____0_fair.csv,133,18,18,0.42514467835276354,0.19605688588444828
tusSmall3,1000,t_1f6b65ebc2ab3ed3____c4_0____1_fair.csv,106,14,18,0.420447378793851,0.19269359956847093
tusSmall3,1000,t_28dc8f7610402ea7____c1_1____0_fair.csv,156,36,41,0.42953334504362084,0.11361605563748564
tusSmall3,1000,t_28dc8f7610402ea7____c4_1____4_fair.csv,195,52,52,0.42891047449041686,0.13663529033840896
tusSmall3,1000,t_28dc8f7610402ea7____c7_1____2_fair.csv,149,32,41,0.42569431765159355,0.3026427315251287
tusSmall3,1000,t_28dc8f7610402ea7____c9_0____3_fair.csv,45,29,37,0.4268563944786296,0.2927812346312571
tusSmall3,1000,t_356fc1eaad97f93b____c15_1____2_fair.csv,150,16,111,0.23091991609081935,0.040919741173195696
tusSmall3,1000,t_356fc1eaad97f93b____c18_0____0_fair.csv,112,8,99,0.0023133798025311097,0.0021730030756911206
tusSmall3,1000,t_356fc1eaad97f93b____c19_0____0_fair.csv,97,10,102,0.43326399303371876,0.05525253240773535
tusSmall3,1000,t_356fc1eaad97f93b____c19_1____1_fair.csv,63,9,103,0.4301664664029486,0.06993349470276314
tusSmall3,1000,t_356fc1eaad97f93b____c20_1____3_fair.csv,108,11,111,0.0622973956380797,0.03383335065587996
tusSmall3,1000,t_356fc1eaad97f93b____c21_1____2_fair.csv,102,9,103,0.43030837004405287,0.0445351183422477
tusSmall3,1000,t_356fc1eaad97f93b____c22_1____1_fair.csv,88,7,111,0.4046457418550442,0.3019778213271
tusSmall3,1000,t_356fc1eaad97f93b____c22_1____2_fair.csv,92,7,111,0.41944262563431,0.19242430861986107
tusSmall3,1000,t_356fc1eaad97f93b____c6_1____2_fair.csv,218,16,111,0.3507624912179196,0.276199350015209
tusSmall3,1000,t_356fc1eaad97f93b____c7_0____4_fair.csv,219,26,118,0.2865115837222282,0.3623240124676856
tusSmall3,1000,t_356fc1eaad97f93b____c7_1____2_fair.csv,191,16,96,0.3523354540373764,0.41163243236841734
tusSmall3,1000,t_356fc1eaad97f93b____c9_0____4_fair.csv,26,5,145,0.43556732041872215,0.10146055341157538
tusSmall3,1000,t_67c3f7ce5eab8804____c12_0____1_fair.csv,202,32,52,0.4288964538765354,0.07676573417665312
tusSmall3,1000,t_67c3f7ce5eab8804____c13_0____0_fair.csv,310,33,52,0.4259583902652814,0.11860618483889035
tusSmall3,1000,t_67c3f7ce5eab8804____c13_0____4_fair.csv,395,51,87,0.4247909139667702,0.12264831172874124
tusSmall3,1000,t_67c3f7ce5eab8804____c14_0____2_fair.csv,332,38,52,0.42937851050740594,0.08465108087720946
tusSmall3,1000,t_67c3f7ce5eab8804____c15_0____3_fair.csv,317,37,73,0.43081217252610476,0.06454655454475242
tusSmall3,1000,t_67c3f7ce5eab8804____c16_0____2_fair.csv,315,35,52,0.4272043147611926,0.08909272177815286
tusSmall3,1000,t_67c3f7ce5eab8804____c4_1____1_fair.csv,55,12,73,0.42764430505797385,0.10753245450517851
tusSmall3,1000,t_67c3f7ce5eab8804____c6_1____0_fair.csv,374,50,87,0.42435202833515934,0.1249963401322336
tusSmall3,1000,t_67c3f7ce5eab8804____c6_1____4_fair.csv,368,53,87,0.425420036983675,0.12746753980465725
tusSmall3,1000,t_93f3d6f7fc6aa6ff____c11_0____4_fair.csv,98,10,77,0.42516059559615316,0.047378376511046136
tusSmall3,1000,t_93f3d6f7fc6aa6ff____c11_1____3_fair.csv,44,8,107,0.4239654107473749,0.14086022438372567
tusSmall3,1000,t_93f3d6f7fc6aa6ff____c12_0____3_fair.csv,19,5,109,0.4349435138293728,0.1479478486551122
tusSmall3,1000,t_93f3d6f7fc6aa6ff____c12_1____1_fair.csv,90,12,104,0.4268008898092241,0.06053666088768077
tusSmall3,1000,t_93f3d6f7fc6aa6ff____c15_0____4_fair.csv,74,9,91,0.4261511908871246,0.059094063643825676
tusSmall3,1000,t_93f3d6f7fc6aa6ff____c15_1____2_fair.csv,52,7,109,0.43323436984565167,0.06160782478011284
tusSmall3,1000,t_93f3d6f7fc6aa6ff____c19_0____1_fair.csv,78,7,104,0.41533827036525667,0.03898172716222045
tusSmall3,1000,t_93f3d6f7fc6aa6ff____c19_1____2_fair.csv,83,9,92,0.4278739583041051,0.0739288688296556
tusSmall3,1000,t_93f3d6f7fc6aa6ff____c21_0____3_fair.csv,77,6,109,0.4309022479910487,0.07175910817003145
tusSmall3,1000,t_93f3d6f7fc6aa6ff____c3_1____2_fair.csv,145,20,92,0.4267601332961591,0.1673591088169348
tusSmall3,1000,t_93f3d6f7fc6aa6ff____c5_0____2_fair.csv,77,13,109,0.42365885899593925,0.07502907098339398
tusSmall3,1000,t_93f3d6f7fc6aa6ff____c7_0____2_fair.csv,60,15,111,0.43040252770788034,0.1401256528650367
tusSmall3,1000,t_93f3d6f7fc6aa6ff____c7_0____4_fair.csv,95,24,111,0.4277458716675446,0.13083830034796545
tusSmall3,1000,t_93f3d6f7fc6aa6ff____c9_0____3_fair.csv,146,15,92,0.42909354760689045,0.14680557664422833
tusSmall3,1000,t_c701386b7c10b107____c10_0____3_fair.csv,214,31,121,0.332409431312016,0.05552255161903293
tusSmall3,1000,t_c701386b7c10b107____c14_0____2_fair.csv,159,18,102,0.42422548652056846,0.09532806622458719
tusSmall3,1000,t_c701386b7c10b107____c15_1____3_fair.csv,62,11,100,0.44360600382960325,0.08502226068051558
tusSmall3,1000,t_c701386b7c10b107____c17_1____1_fair.csv,110,16,123,0.43363329178584553,0.06786722665941496
tusSmall3,1000,t_c701386b7c10b107____c18_1____1_fair.csv,81,9,95,0.42352630187681733,0.06116626249793279
tusSmall3,1000,t_c701386b7c10b107____c20_0____2_fair.csv,118,11,94,0.4264000437086816,0.10493765503004877
tusSmall3,1000,t_c701386b7c10b107____c21_0____2_fair.csv,132,13,94,0.41874349769900554,0.10171630253734608
tusSmall3,1000,t_c701386b7c10b107____c21_0____4_fair.csv,101,9,100,0.43623955609413867,0.042747328978929834
tusSmall3,1000,t_c701386b7c10b107____c5_1____1_fair.csv,246,38,121,0.42657368437221593,0.07163221904868607
tusSmall3,1000,t_c701386b7c10b107____c6_0____0_fair.csv,29,21,94,0.42554446738761403,0.3178523032414143
tusSmall3,1000,t_c701386b7c10b107____c6_1____2_fair.csv,114,14,102,0.4316763594685232,0.07480992980683818
tusSmall3,1000,t_c701386b7c10b107____c7_1____0_fair.csv,254,38,121,0.4266408137512888,0.06956063477781255
tusSmall3,1000,t_ca85e8f9eef5b9d5____c10_0____0_fair.csv,106,10,106,0.4317390478602178,0.05375831932128404
tusSmall3,1000,t_ca85e8f9eef5b9d5____c10_1____3_fair.csv,53,4,86,0.43097355915681734,0.10056078412249476
tusSmall3,1000,t_ca85e8f9eef5b9d5____c11_0____4_fair.csv,52,4,87,0.44119838437708325,0.21901475868874098
tusSmall3,1000,t_ca85e8f9eef5b9d5____c16_1____0_fair.csv,63,4,92,0.4152448754142629,0.3993578635141026
tusSmall3,1000,t_ca85e8f9eef5b9d5____c18_1____2_fair.csv,53,3,87,0.43896430630536193,0.168572169742678
tusSmall3,1000,t_ca85e8f9eef5b9d5____c19_1____0_fair.csv,80,4,123,0.23920542405138576,0.19429630709981252
tusSmall3,1000,t_ca85e8f9eef5b9d5____c19_1____2_fair.csv,72,5,112,0.32062477345371865,0.1483991175216448
tusSmall3,1000,t_ca85e8f9eef5b9d5____c21_0____1_fair.csv,70,4,98,0.41518565212086705,0.06152495243670423
tusSmall3,1000,t_ca85e8f9eef5b9d5____c22_0____4_fair.csv,61,3,111,0.4215136249141287,0.11524767932252503
tusSmall3,1000,t_ca85e8f9eef5b9d5____c2_0____3_fair.csv,12,4,86,0.4382968486889584,0.34062313702111635
tusSmall3,1000,t_ca85e8f9eef5b9d5____c3_0____4_fair.csv,40,8,108,0.4172502517060074,0.2341055565232538
tusSmall3,1000,t_ca85e8f9eef5b9d5____c3_1____0_fair.csv,24,6,92,0.4226645406059273,0.317404430443276
tusSmall3,1000,t_ca85e8f9eef5b9d5____c4_0____2_fair.csv,28,4,123,0.12286483662232225,0.12229891028733286
tusSmall3,1000,t_ca85e8f9eef5b9d5____c5_0____0_fair.csv,88,8,95,0.427047108883945,0.1721578631094273
tusSmall3,1000,t_ca85e8f9eef5b9d5____c6_0____1_fair.csv,104,9,84,0.2942966636609558,0.29847721352202206
tusSmall3,1000,t_ca85e8f9eef5b9d5____c7_0____3_fair.csv,134,11,123,0.1936408995800594,0.17492012981592547
tusSmall3,1000,t_ca85e8f9eef5b9d5____c7_1____3_fair.csv,139,10,95,0.23770615573041626,0.21371238913301552
tusSmall3,1000,t_ca85e8f9eef5b9d5____c9_1____4_fair.csv,127,13,123,0.28163997279079833,0.18693739849299124
tusSmall3,1000,t_ece0594e0480a1ed____c2_1____1_fair.csv,134,10,41,0.42455708953012977,0.23252908284295323
tusSmall3,1000,t_ece0594e0480a1ed____c3_1____1_fair.csv,147,37,41,0.4251379068633427,0.12293514836341389
tusSmall3,1000,t_ece0594e0480a1ed____c5_0____1_fair.csv,151,33,42,0.42728047890716336,0.13013244466499543
tusSmall3,1000,t_ece0594e0480a1ed____c6_1____0_fair.csv,223,37,41,0.4246310135054988,0.14549705170371766
