q_name,protected_attribute_id,protected_value
01.Apr_2018.csv,0,Department of Health
010119992520to252031121999.csv,2,1
1004ipopayments.csv,3,Other
201012_DCMS_NHM_NHM_Finance_Transparency.csv,1,--------------------------------------------------
2015_05_expenditure.csv,0,Department of Health
2018-may-spend-over-500.csv,2,PROPERTY AND HIGHWAYS
20182520EVCP2520use2520Q12520and2520Q2.csv,3,1
AllBusinessRatesexcludingvoidaccounts-July2018.csv,22,0
Apr17.csv,0,Department of Health
Arts_centres.csv,1,Tower Hamlets
Businesses_Where_RV_less_than_15000.csv,9,ER
Complete2520list2520of2520business2520addresses2520within2520Calderdale2520-2520March25202016.csv,7,ER
Contracts-2019-2020-q1.csv,16,0
Copy2520of2520Monthly2520Data2520Feed-June25202016.csv,1,2
Data2520Mill252015-07-2016.csv,2,0
Dec_19.csv,1,Entity
Defra_25k_Apr19_rev.csv,13,Programme
Defra_WMI_112016.csv,3,0
Departmental_Spend_Over_25000_July_2014.csv,0,HMRC
GP20Prescribing20-20February20201420csv.csv,14,0.0
Housing2520Land2520Availability2520-2520current2520and2520completed2520sites2520between252001_01_20202520to252031_03_20.csv,23,1
LAS-Transparency-Report---February-2012.csv_1_0.csv,3,Electricity
PUSS-Oct-Dec-2015.csv,1,Date
Primary2520Pupils2520with2520Special2520Educational2520Needs25202528SEN25292520-2520Oct25202020.csv,4,0
PurchasingCard-April18.csv,1,Corporate and Support Services
Q4-BEIS-Senior-Officials-Meetings-january-march-2019.csv,2,Google
RCDTS_spending_over_25000_for_July_2019.csv,0,HMRC
Sept_2013_-_HMRC_workforce_management_information.csv,3,Headcount
Spend2520over252025C225A35002520Q225202018-19.csv,18,Transport
SpendoverC2A3500Apr17.csv,3,Professional Fees
StockportContractRegister2019-20Q2.csv,10,2
UKAEA_Transactions_P08_Nov_2020.csv,4,Other
V3.1_-_Final__csv__May_2013__25k_Transprncy_rpt.csv,0,HMRC
Weekly2520Data252007.12.202520-252013.12.20.csv,9,0
allpayments2013.csv,0,City of York Council
amo-ame-2007-eng.csv,1,2
atbt-albw-2005-eng.csv,2,Transport
beis-ministerial-meetings-july-september-2018.csv,0,Claire Perry
biodiversity_by_county.csv,6,not listed
british-transport-police-authority__31-03-2015__dft_310315-BTPA-Organogram-ver-1-senior.csv,12,1.0
cabinet-office__30-09-2015__cabinetoffice_CO-Template-FINAL-senior.csv,18,1
cihr_co-applicant_200607.csv,9,Canada
cinemas.csv,1,Camden
community_centres.csv,3,Camden
council-budget-14-15.csv,0,Human Resources
dance_performance_venues.csv,2,Camden
department-for-transport__31-03-2012__dft_DfT-Transparency-Final-Return-31-03-12-junior.csv,9,Finance
department_for_communities_and_local_government-2011-03-31-organogram-senior.csv,12,1.0
depleg-expstat-2013-2014.csv,6,5
dft-gpc-spend-201210.csv,0,VCA
dft-meetings-return-q3-2016.csv,3,Introductory meeting
dft-monthly-spend-201005.csv,0,Department for Transport
dft-senior-officials-business-expenses-jul-sept2011.csv,3,London
driver-vehicle-standards-agency__31-03-2015__dft_310315-DVSA-Organogram-ver-1-junior.csv,9,Operational Delivery
gp-practice-reference-file---january-2019.csv,6,Belfast
home_office_senior_officials_travel_data_return.csv,1,Rail
kpi-foi02-01.csv,3,Number
maritime_and_coastguard_agency-2011-09-30-organogram-junior.csv,9,Finance
ministers-gifts-and-hospitality-april-to-june-2020.csv,0,Name
office-of-rail-regulation__31-03-2014__orr_310314-ORR-Organogram-ver1_-senior.csv,12,1.0
payment-over-500-2014-12.csv,1,http://data.ordnancesurvey.co.uk/doc/7000000000025523
pca-human-wildlife-coexistence-animals-involved-detailed-records.csv,5,Harassment
pocatc-pdrclsl-2016-eng.csv,1,3
ppt-mtp-2011-eng.csv,0,Alberta
pubs.csv,4,Camden
purchasing-card-spend-jul2015.csv,2,Adult Social Care
recycling_options_in_king_county.csv,6,1
register-of-ministers-interests-2020-21.csv,0,Minister
rm-mr-2009-eng.csv,3,0
rr-dr-eng.csv,2,Transport
seniorsalaries50k2015.csv,2,No
state_expenditures.csv,2,PROFESSIONAL SERVICES
statutory-register-january-19.csv,3,MBA (Member Basic Allowance)
travel-exp-April-June-2018.csv,5,Rail
travel-jan-march-2020.csv,4,Purpose of trip
trinity-house__30-09-2012__dft_Trinity-House-Final-Return-junior.csv,9,Operational Delivery
wardcommitteefunding2018.csv,1,Clifton
ydnpaspendingdata-october2018.csv,0,Yorkshire Dales National Park Authority
