q_table,top_n,n_D,clamped,dinkelbach_ran,iterations,stage1_time_s
01.Apr_2018.csv,5000,289,False,True,1,0.0003997000167146325
010119992520to252031121999.csv,5000,169,False,True,3,0.00039895600639283657
1004ipopayments.csv,5000,134,False,True,2,0.0002464390126988292
2015_05_expenditure.csv,5000,378,False,True,1,0.0004854300059378147
2018-may-spend-over-500.csv,5000,73,False,True,1,0.00010626198491081595
20182520EVCP2520use2520Q12520and2520Q2.csv,5000,76,False,True,3,0.0001921810326166451
AllBusinessRatesexcludingvoidaccounts-July2018.csv,5000,81,False,True,4,0.00024203496286645532
Apr17.csv,5000,211,False,True,1,0.00026398798217996955
Contracts-2019-2020-q1.csv,5000,85,False,True,2,0.00017383700469508767
Copy2520of2520Monthly2520Data2520Feed-June25202016.csv,5000,295,False,True,4,0.0007982399547472596
Data2520Mill252015-07-2016.csv,5000,95,False,True,3,0.00022775604156777263
Dec_19.csv,5000,171,False,True,1,0.00019438500748947263
Defra_25k_Apr19_rev.csv,5000,144,False,True,3,0.00030822301050648093
Defra_WMI_112016.csv,5000,98,False,True,3,0.00024317903444170952
Departmental_Spend_Over_25000_July_2014.csv,5000,136,False,True,1,0.0001877340255305171
Housing2520Land2520Availability2520-2520current2520and2520completed2520sites2520between252001_01_20202520to252031_03_20.csv,5000,95,False,True,2,0.00019949197303503752
LAS-Transparency-Report---February-2012.csv_1_0.csv,5000,63,False,True,2,0.000134292000439018
PUSS-Oct-Dec-2015.csv,5000,123,False,True,2,0.00021407997701317072
Primary2520Pupils2520with2520Special2520Educational2520Needs25202528SEN25292520-2520Oct25202020.csv,5000,408,False,True,5,0.001349977042991668
PurchasingCard-April18.csv,5000,111,False,True,2,0.00019976700423285365
RCDTS_spending_over_25000_for_July_2019.csv,5000,76,False,True,2,0.00015543599147349596
Sept_2013_-_HMRC_workforce_management_information.csv,5000,123,False,True,1,0.00018051196821033955
Spend2520over252025C225A35002520Q225202018-19.csv,5000,67,False,True,3,0.00016624899581074715
UKAEA_Transactions_P08_Nov_2020.csv,5000,120,False,True,3,0.0002598410355858505
V3.1_-_Final__csv__May_2013__25k_Transprncy_rpt.csv,5000,125,False,True,1,0.00017013901378959417
Weekly2520Data252007.12.202520-252013.12.20.csv,5000,166,False,True,1,0.0002443710109218955
amo-ame-2007-eng.csv,5000,187,False,True,2,0.00031847896752879024
atbt-albw-2005-eng.csv,5000,77,False,True,3,0.00019940303172916174
british-transport-police-authority__31-03-2015__dft_310315-BTPA-Organogram-ver-1-senior.csv,5000,199,False,True,1,0.000276171020232141
cabinet-office__30-09-2015__cabinetoffice_CO-Template-FINAL-senior.csv,5000,215,False,True,1,0.0003004379686899483
council-budget-14-15.csv,5000,127,False,True,4,0.00035886000841856003
department-for-transport__31-03-2012__dft_DfT-Transparency-Final-Return-31-03-12-junior.csv,5000,231,False,True,1,0.00026316801086068153
department_for_communities_and_local_government-2011-03-31-organogram-senior.csv,5000,193,False,True,3,0.00045407796278595924
depleg-expstat-2013-2014.csv,5000,79,False,True,3,0.00020323897479102015
dft-monthly-spend-201005.csv,5000,69,False,True,1,0.00011521100532263517
driver-vehicle-standards-agency__31-03-2015__dft_310315-DVSA-Organogram-ver-1-junior.csv,5000,244,False,True,3,0.0005299590411596
home_office_senior_officials_travel_data_return.csv,5000,67,False,True,2,0.00014717498561367393
kpi-foi02-01.csv,5000,204,False,True,1,0.0003076510038226843
maritime_and_coastguard_agency-2011-09-30-organogram-junior.csv,5000,263,False,True,2,0.0004278389969840646
office-of-rail-regulation__31-03-2014__orr_310314-ORR-Organogram-ver1_-senior.csv,5000,224,False,True,3,0.0005207479698583484
pocatc-pdrclsl-2016-eng.csv,5000,120,False,True,3,0.00026920303935185075
purchasing-card-spend-jul2015.csv,5000,128,False,True,3,0.00027867202879860997
rm-mr-2009-eng.csv,5000,404,False,True,4,0.0011167150223627687
travel-exp-April-June-2018.csv,5000,66,False,True,3,0.00017894001211971045
travel-jan-march-2020.csv,5000,86,False,True,1,0.00011751899728551507
trinity-house__30-09-2012__dft_Trinity-House-Final-Return-junior.csv,5000,279,False,True,3,0.0006134220166131854
01.Apr_2018.csv,10000,382,False,True,1,0.0004677200340665877
010119992520to252031121999.csv,10000,169,False,True,3,0.0004201540141366422
1004ipopayments.csv,10000,160,False,True,3,0.00034068699460476637
2015_05_expenditure.csv,10000,441,False,True,1,0.0005708149983547628
2018-may-spend-over-500.csv,10000,75,False,True,2,0.000144636956974864
20182520EVCP2520use2520Q12520and2520Q2.csv,10000,76,False,True,3,0.00020406802650541067
AllBusinessRatesexcludingvoidaccounts-July2018.csv,10000,175,False,True,3,0.00039766397094354033
Apr17.csv,10000,322,False,True,1,0.0004368589725345373
Contracts-2019-2020-q1.csv,10000,188,False,True,2,0.00038662098813802004
Copy2520of2520Monthly2520Data2520Feed-June25202016.csv,10000,295,False,True,4,0.0008478150120936334
Data2520Mill252015-07-2016.csv,10000,131,False,True,3,0.0002978420234285295
Dec_19.csv,10000,274,False,True,1,0.0002930629998445511
Defra_25k_Apr19_rev.csv,10000,183,False,True,3,0.000450926017947495
Defra_WMI_112016.csv,10000,179,False,True,2,0.00033180101308971643
Departmental_Spend_Over_25000_July_2014.csv,10000,195,False,True,1,0.00030710198916494846
Housing2520Land2520Availability2520-2520current2520and2520completed2520sites2520between252001_01_20202520to252031_03_20.csv,10000,198,False,True,2,0.00037340703420341015
LAS-Transparency-Report---February-2012.csv_1_0.csv,10000,140,False,True,3,0.0003734719939529896
PUSS-Oct-Dec-2015.csv,10000,159,False,True,2,0.0002743889926932752
Primary2520Pupils2520with2520Special2520Educational2520Needs25202528SEN25292520-2520Oct25202020.csv,10000,490,False,True,2,0.0008517949609085917
PurchasingCard-April18.csv,10000,118,False,True,2,0.00020267994841560721
RCDTS_spending_over_25000_for_July_2019.csv,10000,93,False,True,2,0.00019134499598294497
Sept_2013_-_HMRC_workforce_management_information.csv,10000,249,False,True,1,0.0003424260066822171
Spend2520over252025C225A35002520Q225202018-19.csv,10000,85,False,True,3,0.00020491599570959806
UKAEA_Transactions_P08_Nov_2020.csv,10000,139,False,True,3,0.0003004210302606225
V3.1_-_Final__csv__May_2013__25k_Transprncy_rpt.csv,10000,191,False,True,1,0.0002516420208849013
Weekly2520Data252007.12.202520-252013.12.20.csv,10000,169,False,True,1,0.00023386598331853747
amo-ame-2007-eng.csv,10000,311,False,True,2,0.0005207240465097129
atbt-albw-2005-eng.csv,10000,142,False,True,4,0.0003815129748545587
british-transport-police-authority__31-03-2015__dft_310315-BTPA-Organogram-ver-1-senior.csv,10000,249,False,True,1,0.00032843899680301547
cabinet-office__30-09-2015__cabinetoffice_CO-Template-FINAL-senior.csv,10000,263,False,True,1,0.0003437839914113283
council-budget-14-15.csv,10000,227,False,True,3,0.00047127000289037824
department-for-transport__31-03-2012__dft_DfT-Transparency-Final-Return-31-03-12-junior.csv,10000,310,False,True,2,0.0004911969881504774
department_for_communities_and_local_government-2011-03-31-organogram-senior.csv,10000,227,False,True,4,0.0006546860095113516
depleg-expstat-2013-2014.csv,10000,79,False,True,3,0.00020281801698729396
dft-monthly-spend-201005.csv,10000,105,False,True,1,0.00015750998863950372
driver-vehicle-standards-agency__31-03-2015__dft_310315-DVSA-Organogram-ver-1-junior.csv,10000,302,False,True,2,0.000517544976901263
home_office_senior_officials_travel_data_return.csv,10000,67,False,True,2,0.00015643303049728274
kpi-foi02-01.csv,10000,207,False,True,1,0.0003182360087521374
maritime_and_coastguard_agency-2011-09-30-organogram-junior.csv,10000,348,False,True,3,0.0007457369938492775
office-of-rail-regulation__31-03-2014__orr_310314-ORR-Organogram-ver1_-senior.csv,10000,281,False,True,2,0.0005038200179114938
pocatc-pdrclsl-2016-eng.csv,10000,143,False,True,3,0.0003107729717157781
purchasing-card-spend-jul2015.csv,10000,149,False,True,3,0.00031822797609493136
rm-mr-2009-eng.csv,10000,427,False,True,4,0.0011865139822475612
travel-exp-April-June-2018.csv,10000,69,False,True,3,0.00019730202620849013
travel-jan-march-2020.csv,10000,86,False,True,1,0.0001287410268560052
trinity-house__30-09-2012__dft_Trinity-House-Final-Return-junior.csv,10000,331,False,True,2,0.0005658000009134412
01.Apr_2018.csv,15000,432,False,True,1,0.0005280460463836789
010119992520to252031121999.csv,15000,169,False,True,3,0.0004327110364101827
1004ipopayments.csv,15000,210,False,True,3,0.0004423190257512033
2015_05_expenditure.csv,15000,441,False,True,1,0.0005554599920287728
2018-may-spend-over-500.csv,15000,77,False,True,2,0.000149090017657727
20182520EVCP2520use2520Q12520and2520Q2.csv,15000,76,False,True,3,0.000197142013348639
AllBusinessRatesexcludingvoidaccounts-July2018.csv,15000,242,False,True,4,0.0006696820491924882
Apr17.csv,15000,390,False,True,1,0.0004772620159201324
Contracts-2019-2020-q1.csv,15000,295,False,True,2,0.0006168580148369074
Copy2520of2520Monthly2520Data2520Feed-June25202016.csv,15000,295,False,True,4,0.000845127971842885
Data2520Mill252015-07-2016.csv,15000,131,False,True,3,0.0003070039674639702
Dec_19.csv,15000,315,False,True,1,0.0003629340208135545
Defra_25k_Apr19_rev.csv,15000,202,False,True,3,0.0004673250368796289
Defra_WMI_112016.csv,15000,282,False,True,2,0.0005585530307143927
Departmental_Spend_Over_25000_July_2014.csv,15000,234,False,True,1,0.0003320170217193663
Housing2520Land2520Availability2520-2520current2520and2520completed2520sites2520between252001_01_20202520to252031_03_20.csv,15000,246,False,True,2,0.0005038899835199118
LAS-Transparency-Report---February-2012.csv_1_0.csv,15000,219,False,True,4,0.0006782340351492167
PUSS-Oct-Dec-2015.csv,15000,159,False,True,2,0.00029155402444303036
Primary2520Pupils2520with2520Special2520Educational2520Needs25202528SEN25292520-2520Oct25202020.csv,15000,490,False,True,2,0.0008522049756720662
PurchasingCard-April18.csv,15000,122,False,True,2,0.0002095240051858127
RCDTS_spending_over_25000_for_July_2019.csv,15000,93,False,True,2,0.0001743989996612072
Sept_2013_-_HMRC_workforce_management_information.csv,15000,309,False,True,1,0.0004222230054438114
Spend2520over252025C225A35002520Q225202018-19.csv,15000,93,False,True,4,0.00026840396458283067
UKAEA_Transactions_P08_Nov_2020.csv,15000,173,False,True,4,0.000494570005685091
V3.1_-_Final__csv__May_2013__25k_Transprncy_rpt.csv,15000,224,False,True,1,0.00032714399276301265
Weekly2520Data252007.12.202520-252013.12.20.csv,15000,169,False,True,1,0.0002374280011281371
amo-ame-2007-eng.csv,15000,311,False,True,2,0.0005531110218726099
atbt-albw-2005-eng.csv,15000,200,False,True,3,0.000424054975155741
british-transport-police-authority__31-03-2015__dft_310315-BTPA-Organogram-ver-1-senior.csv,15000,288,False,True,1,0.00041205500019714236
cabinet-office__30-09-2015__cabinetoffice_CO-Template-FINAL-senior.csv,15000,276,False,True,1,0.0003530440153554082
council-budget-14-15.csv,15000,299,False,True,3,0.0006657600170001388
department-for-transport__31-03-2012__dft_DfT-Transparency-Final-Return-31-03-12-junior.csv,15000,419,False,True,1,0.0005176830454729497
department_for_communities_and_local_government-2011-03-31-organogram-senior.csv,15000,279,False,True,4,0.0008415319607593119
depleg-expstat-2013-2014.csv,15000,79,False,True,3,0.00020807504188269377
dft-monthly-spend-201005.csv,15000,105,False,True,1,0.00020776502788066864
driver-vehicle-standards-agency__31-03-2015__dft_310315-DVSA-Organogram-ver-1-junior.csv,15000,321,False,True,2,0.0005325599922798574
home_office_senior_officials_travel_data_return.csv,15000,67,False,True,2,0.00015171297127380967
kpi-foi02-01.csv,15000,207,False,True,1,0.00035577500239014626
maritime_and_coastguard_agency-2011-09-30-organogram-junior.csv,15000,378,False,True,3,0.0008131489739753306
office-of-rail-regulation__31-03-2014__orr_310314-ORR-Organogram-ver1_-senior.csv,15000,306,False,True,2,0.0005515289958566427
pocatc-pdrclsl-2016-eng.csv,15000,143,False,True,3,0.00032394699519500136
purchasing-card-spend-jul2015.csv,15000,163,False,True,3,0.00034142896765843034
rm-mr-2009-eng.csv,15000,427,False,True,4,0.0012628670083358884
travel-exp-April-June-2018.csv,15000,72,False,True,3,0.00017970800399780273
travel-jan-march-2020.csv,15000,86,False,True,1,0.0001366760116070509
trinity-house__30-09-2012__dft_Trinity-House-Final-Return-junior.csv,15000,341,False,True,2,0.0005699559696950018
01.Apr_2018.csv,20000,472,False,True,1,0.0005879109958186746
010119992520to252031121999.csv,20000,169,False,True,3,0.00039994303369894624
1004ipopayments.csv,20000,234,False,True,4,0.000612535048276186
2015_05_expenditure.csv,20000,441,False,True,1,0.0005679290043190122
2018-may-spend-over-500.csv,20000,77,False,True,2,0.00015134300338104367
20182520EVCP2520use2520Q12520and2520Q2.csv,20000,76,False,True,3,0.00020023796241730452
AllBusinessRatesexcludingvoidaccounts-July2018.csv,20000,243,False,True,4,0.0006726660067215562
Apr17.csv,20000,458,False,True,1,0.0005418949876911938
Contracts-2019-2020-q1.csv,20000,377,False,True,2,0.0007430519908666611
Copy2520of2520Monthly2520Data2520Feed-June25202016.csv,20000,295,False,True,4,0.0008067580056376755
Data2520Mill252015-07-2016.csv,20000,131,False,True,3,0.00029343500500544906
Dec_19.csv,20000,330,False,True,1,0.000375000003259629
Defra_25k_Apr19_rev.csv,20000,206,False,True,3,0.0004890239797532558
Defra_WMI_112016.csv,20000,379,False,True,2,0.0007780420128256083
Departmental_Spend_Over_25000_July_2014.csv,20000,249,False,True,1,0.00031672895420342684
Housing2520Land2520Availability2520-2520current2520and2520completed2520sites2520between252001_01_20202520to252031_03_20.csv,20000,246,False,True,2,0.0004841539775952697
LAS-Transparency-Report---February-2012.csv_1_0.csv,20000,287,False,True,4,0.0007700640126131475
PUSS-Oct-Dec-2015.csv,20000,159,False,True,2,0.00026881403755396605
Primary2520Pupils2520with2520Special2520Educational2520Needs25202528SEN25292520-2520Oct25202020.csv,20000,490,False,True,2,0.0008458329830318689
PurchasingCard-April18.csv,20000,122,False,True,2,0.000205771008040756
RCDTS_spending_over_25000_for_July_2019.csv,20000,93,False,True,2,0.0001863150391727686
Sept_2013_-_HMRC_workforce_management_information.csv,20000,309,False,True,1,0.0004301440203562379
Spend2520over252025C225A35002520Q225202018-19.csv,20000,93,False,True,4,0.0002612830139696598
UKAEA_Transactions_P08_Nov_2020.csv,20000,229,False,True,4,0.0006489520310424268
V3.1_-_Final__csv__May_2013__25k_Transprncy_rpt.csv,20000,247,False,True,1,0.0003513669944368303
Weekly2520Data252007.12.202520-252013.12.20.csv,20000,169,False,True,1,0.00023996899835765362
amo-ame-2007-eng.csv,20000,311,False,True,2,0.000553264981135726
atbt-albw-2005-eng.csv,20000,208,False,True,3,0.0004427749663591385
british-transport-police-authority__31-03-2015__dft_310315-BTPA-Organogram-ver-1-senior.csv,20000,330,False,True,1,0.0004393759882077575
cabinet-office__30-09-2015__cabinetoffice_CO-Template-FINAL-senior.csv,20000,276,False,True,1,0.0004061300423927605
council-budget-14-15.csv,20000,313,False,True,3,0.0006706810090690851
department-for-transport__31-03-2012__dft_DfT-Transparency-Final-Return-31-03-12-junior.csv,20000,451,False,True,2,0.0007360019953921437
department_for_communities_and_local_government-2011-03-31-organogram-senior.csv,20000,326,False,True,3,0.0007671730127185583
depleg-expstat-2013-2014.csv,20000,79,False,True,3,0.00020442501408979297
dft-monthly-spend-201005.csv,20000,105,False,True,1,0.0001972789759747684
driver-vehicle-standards-agency__31-03-2015__dft_310315-DVSA-Organogram-ver-1-junior.csv,20000,321,False,True,2,0.0005315759917721152
home_office_senior_officials_travel_data_return.csv,20000,67,False,True,2,0.00015220401110127568
kpi-foi02-01.csv,20000,207,False,True,1,0.00032640103017911315
maritime_and_coastguard_agency-2011-09-30-organogram-junior.csv,20000,378,False,True,3,0.0008042419794946909
office-of-rail-regulation__31-03-2014__orr_310314-ORR-Organogram-ver1_-senior.csv,20000,329,False,True,2,0.0005570700159296393
pocatc-pdrclsl-2016-eng.csv,20000,144,False,True,3,0.00033042195718735456
purchasing-card-spend-jul2015.csv,20000,176,False,True,3,0.00036638398887589574
rm-mr-2009-eng.csv,20000,427,False,True,4,0.0011927849845960736
travel-exp-April-June-2018.csv,20000,73,False,True,3,0.00020197598496451974
travel-jan-march-2020.csv,20000,86,False,True,1,0.00013641099212691188
trinity-house__30-09-2012__dft_Trinity-House-Final-Return-junior.csv,20000,341,False,True,2,0.0005718109896406531
01.Apr_2018.csv,25000,511,False,True,1,0.0006236360059119761
010119992520to252031121999.csv,25000,169,False,True,3,0.0003890260122716427
1004ipopayments.csv,25000,234,False,True,4,0.0006190620479173958
2015_05_expenditure.csv,25000,441,False,True,1,0.0005971960490569472
2018-may-spend-over-500.csv,25000,77,False,True,2,0.00014722999185323715
20182520EVCP2520use2520Q12520and2520Q2.csv,25000,76,False,True,3,0.00020117900567129254
AllBusinessRatesexcludingvoidaccounts-July2018.csv,25000,243,False,True,4,0.0006570530240423977
Apr17.csv,25000,506,False,True,1,0.0005675649736076593
Contracts-2019-2020-q1.csv,25000,421,False,True,2,0.0007610819884575903
Copy2520of2520Monthly2520Data2520Feed-June25202016.csv,25000,295,False,True,4,0.0008334650192409754
Data2520Mill252015-07-2016.csv,25000,131,False,True,3,0.00030034297378733754
Dec_19.csv,25000,331,False,True,1,0.00036015897057950497
Defra_25k_Apr19_rev.csv,25000,206,False,True,3,0.0004281990113668144
Defra_WMI_112016.csv,25000,495,False,True,2,0.0009197469917126
Departmental_Spend_Over_25000_July_2014.csv,25000,260,False,True,1,0.00037142401561141014
Housing2520Land2520Availability2520-2520current2520and2520completed2520sites2520between252001_01_20202520to252031_03_20.csv,25000,248,False,True,2,0.000500582973472774
LAS-Transparency-Report---February-2012.csv_1_0.csv,25000,300,False,True,4,0.0007936480105854571
PUSS-Oct-Dec-2015.csv,25000,159,False,True,2,0.00032310502137988806
Primary2520Pupils2520with2520Special2520Educational2520Needs25202528SEN25292520-2520Oct25202020.csv,25000,490,False,True,2,0.0008521059644408524
PurchasingCard-April18.csv,25000,122,False,True,2,0.0002091089845634997
RCDTS_spending_over_25000_for_July_2019.csv,25000,93,False,True,2,0.00017504097195342183
Sept_2013_-_HMRC_workforce_management_information.csv,25000,309,False,True,1,0.00041952001629397273
Spend2520over252025C225A35002520Q225202018-19.csv,25000,93,False,True,4,0.0002621819730848074
UKAEA_Transactions_P08_Nov_2020.csv,25000,257,False,True,4,0.0006571389967575669
V3.1_-_Final__csv__May_2013__25k_Transprncy_rpt.csv,25000,248,False,True,1,0.000380301964469254
Weekly2520Data252007.12.202520-252013.12.20.csv,25000,169,False,True,1,0.00024417100939899683
amo-ame-2007-eng.csv,25000,311,False,True,2,0.0005270960391499102
atbt-albw-2005-eng.csv,25000,208,False,True,3,0.00044743699254468083
british-transport-police-authority__31-03-2015__dft_310315-BTPA-Organogram-ver-1-senior.csv,25000,347,False,True,1,0.0004618710372596979
cabinet-office__30-09-2015__cabinetoffice_CO-Template-FINAL-senior.csv,25000,276,False,True,1,0.0004223209689371288
council-budget-14-15.csv,25000,313,False,True,3,0.0006497619906440377
department-for-transport__31-03-2012__dft_DfT-Transparency-Final-Return-31-03-12-junior.csv,25000,451,False,True,2,0.0007405580254271626
department_for_communities_and_local_government-2011-03-31-organogram-senior.csv,25000,337,False,True,3,0.0007499920320697129
depleg-expstat-2013-2014.csv,25000,79,False,True,3,0.00020292703993618488
dft-monthly-spend-201005.csv,25000,105,False,True,1,0.00016175198834389448
driver-vehicle-standards-agency__31-03-2015__dft_310315-DVSA-Organogram-ver-1-junior.csv,25000,321,False,True,2,0.0005477190134115517
home_office_senior_officials_travel_data_return.csv,25000,67,False,True,2,0.0001463930238969624
kpi-foi02-01.csv,25000,207,False,True,1,0.00032201199792325497
maritime_and_coastguard_agency-2011-09-30-organogram-junior.csv,25000,378,False,True,3,0.0008245490025728941
office-of-rail-regulation__31-03-2014__orr_310314-ORR-Organogram-ver1_-senior.csv,25000,330,False,True,2,0.0006130080437287688
pocatc-pdrclsl-2016-eng.csv,25000,144,False,True,3,0.0003230180009268224
purchasing-card-spend-jul2015.csv,25000,177,False,True,3,0.0003803149447776377
rm-mr-2009-eng.csv,25000,427,False,True,4,0.0012038780259899795
travel-exp-April-June-2018.csv,25000,74,False,True,3,0.00018255301984027028
travel-jan-march-2020.csv,25000,86,False,True,1,0.00012491695815697312
trinity-house__30-09-2012__dft_Trinity-House-Final-Return-junior.csv,25000,341,False,True,2,0.0005794580210931599
01.Apr_2018.csv,30000,524,False,True,1,0.0006825280142948031
010119992520to252031121999.csv,30000,169,False,True,3,0.00039416999788954854
1004ipopayments.csv,30000,234,False,True,4,0.0005941009731031954
2015_05_expenditure.csv,30000,441,False,True,1,0.000564778980333358
2018-may-spend-over-500.csv,30000,77,False,True,2,0.00014941598055884242
20182520EVCP2520use2520Q12520and2520Q2.csv,30000,76,False,True,3,0.0002005879650823772
AllBusinessRatesexcludingvoidaccounts-July2018.csv,30000,243,False,True,4,0.00065367401111871
Apr17.csv,30000,514,False,True,1,0.000599113991484046
Contracts-2019-2020-q1.csv,30000,421,False,True,2,0.000806459051091224
Copy2520of2520Monthly2520Data2520Feed-June25202016.csv,30000,296,False,True,4,0.0008135330281220376
Data2520Mill252015-07-2016.csv,30000,131,False,True,3,0.00030174897983670235
Dec_19.csv,30000,331,False,True,1,0.0003740880056284368
Defra_25k_Apr19_rev.csv,30000,206,False,True,3,0.00047735002590343356
Defra_WMI_112016.csv,30000,515,False,True,2,0.000958717952016741
Departmental_Spend_Over_25000_July_2014.csv,30000,260,False,True,1,0.0003782389685511589
Housing2520Land2520Availability2520-2520current2520and2520completed2520sites2520between252001_01_20202520to252031_03_20.csv,30000,248,False,True,2,0.0005170059739612043
LAS-Transparency-Report---February-2012.csv_1_0.csv,30000,300,False,True,4,0.0008306810050271451
PUSS-Oct-Dec-2015.csv,30000,159,False,True,2,0.00030361796962097287
Primary2520Pupils2520with2520Special2520Educational2520Needs25202528SEN25292520-2520Oct25202020.csv,30000,490,False,True,2,0.0008546870085410774
PurchasingCard-April18.csv,30000,122,False,True,2,0.00020852801389992237
RCDTS_spending_over_25000_for_July_2019.csv,30000,93,False,True,2,0.00017598900012671947
Sept_2013_-_HMRC_workforce_management_information.csv,30000,309,False,True,1,0.00042698299512267113
Spend2520over252025C225A35002520Q225202018-19.csv,30000,93,False,True,4,0.0002634029951877892
UKAEA_Transactions_P08_Nov_2020.csv,30000,265,False,True,4,0.0007153739570640028
V3.1_-_Final__csv__May_2013__25k_Transprncy_rpt.csv,30000,248,False,True,1,0.00036586401984095573
Weekly2520Data252007.12.202520-252013.12.20.csv,30000,169,False,True,1,0.000238840002566576
amo-ame-2007-eng.csv,30000,311,False,True,2,0.0005104109877720475
atbt-albw-2005-eng.csv,30000,208,False,True,3,0.00044026796240359545
british-transport-police-authority__31-03-2015__dft_310315-BTPA-Organogram-ver-1-senior.csv,30000,347,False,True,1,0.0004412800190038979
cabinet-office__30-09-2015__cabinetoffice_CO-Template-FINAL-senior.csv,30000,276,False,True,1,0.00041649601189419627
council-budget-14-15.csv,30000,313,False,True,3,0.0006462580058723688
department-for-transport__31-03-2012__dft_DfT-Transparency-Final-Return-31-03-12-junior.csv,30000,451,False,True,2,0.0007151429890654981
department_for_communities_and_local_government-2011-03-31-organogram-senior.csv,30000,337,False,True,3,0.0007506830152124166
depleg-expstat-2013-2014.csv,30000,79,False,True,3,0.0002063519787043333
dft-monthly-spend-201005.csv,30000,105,False,True,1,0.0001579270465299487
driver-vehicle-standards-agency__31-03-2015__dft_310315-DVSA-Organogram-ver-1-junior.csv,30000,321,False,True,2,0.0005522890132851899
home_office_senior_officials_travel_data_return.csv,30000,67,False,True,2,0.00014655396807938814
kpi-foi02-01.csv,30000,207,False,True,1,0.0003100429894402623
maritime_and_coastguard_agency-2011-09-30-organogram-junior.csv,30000,378,False,True,3,0.0008253869600594044
office-of-rail-regulation__31-03-2014__orr_310314-ORR-Organogram-ver1_-senior.csv,30000,330,False,True,2,0.000572968041524291
pocatc-pdrclsl-2016-eng.csv,30000,144,False,True,3,0.0003294789930805564
purchasing-card-spend-jul2015.csv,30000,177,False,True,3,0.00036612997064366937
rm-mr-2009-eng.csv,30000,427,False,True,4,0.0011863120016641915
travel-exp-April-June-2018.csv,30000,74,False,True,3,0.00018616800662130117
travel-jan-march-2020.csv,30000,86,False,True,1,0.00012552697444334626
trinity-house__30-09-2012__dft_Trinity-House-Final-Return-junior.csv,30000,341,False,True,2,0.0005770249990746379
