k,alpha,F_star,tau,n_feasible,n_total,reach_rate
10,2.0,0.2,0.05000000000000002,46,47,0.9787234042553191
10,2.0,0.25,0.1,44,47,0.9361702127659575
10,2.0,0.3,0.15,40,47,0.851063829787234
10,2.0,0.35,0.19999999999999998,38,47,0.8085106382978723
10,2.0,0.4,0.25,33,47,0.7021276595744681
10,2.0,0.45,0.30000000000000004,30,47,0.6382978723404256
10,2.0,0.5,0.35,29,47,0.6170212765957447
10,2.0,0.55,0.4,28,47,0.5957446808510638
10,2.0,0.6,0.44999999999999996,27,47,0.574468085106383
10,2.0,0.65,0.5,25,47,0.5319148936170213
10,2.0,0.7,0.5499999999999999,25,47,0.5319148936170213
10,2.0,0.75,0.6,25,47,0.5319148936170213
10,2.0,0.8,0.65,24,47,0.5106382978723404
10,2.0,0.85,0.7,23,47,0.48936170212765956
10,2.0,0.9,0.75,23,47,0.48936170212765956
10,2.0,0.95,0.7999999999999999,23,47,0.48936170212765956
10,2.0,1.0,0.85,23,47,0.48936170212765956
10,3.0,0.2,0.05000000000000002,46,47,0.9787234042553191
10,3.0,0.25,0.1,44,47,0.9361702127659575
10,3.0,0.3,0.15,40,47,0.851063829787234
10,3.0,0.35,0.19999999999999998,38,47,0.8085106382978723
10,3.0,0.4,0.25,33,47,0.7021276595744681
10,3.0,0.45,0.30000000000000004,30,47,0.6382978723404256
10,3.0,0.5,0.35,29,47,0.6170212765957447
10,3.0,0.55,0.4,28,47,0.5957446808510638
10,3.0,0.6,0.44999999999999996,27,47,0.574468085106383
10,3.0,0.65,0.5,25,47,0.5319148936170213
10,3.0,0.7,0.5499999999999999,25,47,0.5319148936170213
10,3.0,0.75,0.6,25,47,0.5319148936170213
10,3.0,0.8,0.65,24,47,0.5106382978723404
10,3.0,0.85,0.7,23,47,0.48936170212765956
10,3.0,0.9,0.75,23,47,0.48936170212765956
10,3.0,0.95,0.7999999999999999,23,47,0.48936170212765956
10,3.0,1.0,0.85,23,47,0.48936170212765956
10,4.0,0.2,0.05000000000000002,46,47,0.9787234042553191
10,4.0,0.25,0.1,44,47,0.9361702127659575
10,4.0,0.3,0.15,40,47,0.851063829787234
10,4.0,0.35,0.19999999999999998,38,47,0.8085106382978723
10,4.0,0.4,0.25,33,47,0.7021276595744681
10,4.0,0.45,0.30000000000000004,30,47,0.6382978723404256
10,4.0,0.5,0.35,29,47,0.6170212765957447
10,4.0,0.55,0.4,28,47,0.5957446808510638
10,4.0,0.6,0.44999999999999996,27,47,0.574468085106383
10,4.0,0.65,0.5,25,47,0.5319148936170213
10,4.0,0.7,0.5499999999999999,25,47,0.5319148936170213
10,4.0,0.75,0.6,25,47,0.5319148936170213
10,4.0,0.8,0.65,24,47,0.5106382978723404
10,4.0,0.85,0.7,23,47,0.48936170212765956
10,4.0,0.9,0.75,23,47,0.48936170212765956
10,4.0,0.95,0.7999999999999999,23,47,0.48936170212765956
10,4.0,1.0,0.85,23,47,0.48936170212765956
15,2.0,0.2,0.05000000000000002,46,47,0.9787234042553191
15,2.0,0.25,0.1,44,47,0.9361702127659575
15,2.0,0.3,0.15,40,47,0.851063829787234
15,2.0,0.35,0.19999999999999998,37,47,0.7872340425531915
15,2.0,0.4,0.25,34,47,0.723404255319149
15,2.0,0.45,0.30000000000000004,30,47,0.6382978723404256
15,2.0,0.5,0.35,29,47,0.6170212765957447
15,2.0,0.55,0.4,28,47,0.5957446808510638
15,2.0,0.6,0.44999999999999996,27,47,0.574468085106383
15,2.0,0.65,0.5,26,47,0.5531914893617021
15,2.0,0.7,0.5499999999999999,25,47,0.5319148936170213
15,2.0,0.75,0.6,25,47,0.5319148936170213
15,2.0,0.8,0.65,23,47,0.48936170212765956
15,2.0,0.85,0.7,23,47,0.48936170212765956
15,2.0,0.9,0.75,23,47,0.48936170212765956
15,2.0,0.95,0.7999999999999999,23,47,0.48936170212765956
15,2.0,1.0,0.85,23,47,0.48936170212765956
15,3.0,0.2,0.05000000000000002,46,47,0.9787234042553191
15,3.0,0.25,0.1,44,47,0.9361702127659575
15,3.0,0.3,0.15,40,47,0.851063829787234
15,3.0,0.35,0.19999999999999998,37,47,0.7872340425531915
15,3.0,0.4,0.25,34,47,0.723404255319149
15,3.0,0.45,0.30000000000000004,30,47,0.6382978723404256
15,3.0,0.5,0.35,29,47,0.6170212765957447
15,3.0,0.55,0.4,28,47,0.5957446808510638
15,3.0,0.6,0.44999999999999996,27,47,0.574468085106383
15,3.0,0.65,0.5,26,47,0.5531914893617021
15,3.0,0.7,0.5499999999999999,25,47,0.5319148936170213
15,3.0,0.75,0.6,25,47,0.5319148936170213
15,3.0,0.8,0.65,23,47,0.48936170212765956
15,3.0,0.85,0.7,23,47,0.48936170212765956
15,3.0,0.9,0.75,23,47,0.48936170212765956
15,3.0,0.95,0.7999999999999999,23,47,0.48936170212765956
15,3.0,1.0,0.85,23,47,0.48936170212765956
15,4.0,0.2,0.05000000000000002,46,47,0.9787234042553191
15,4.0,0.25,0.1,44,47,0.9361702127659575
15,4.0,0.3,0.15,40,47,0.851063829787234
15,4.0,0.35,0.19999999999999998,37,47,0.7872340425531915
15,4.0,0.4,0.25,34,47,0.723404255319149
15,4.0,0.45,0.30000000000000004,30,47,0.6382978723404256
15,4.0,0.5,0.35,29,47,0.6170212765957447
15,4.0,0.55,0.4,28,47,0.5957446808510638
15,4.0,0.6,0.44999999999999996,27,47,0.574468085106383
15,4.0,0.65,0.5,26,47,0.5531914893617021
15,4.0,0.7,0.5499999999999999,25,47,0.5319148936170213
15,4.0,0.75,0.6,25,47,0.5319148936170213
15,4.0,0.8,0.65,23,47,0.48936170212765956
15,4.0,0.85,0.7,23,47,0.48936170212765956
15,4.0,0.9,0.75,23,47,0.48936170212765956
15,4.0,0.95,0.7999999999999999,23,47,0.48936170212765956
15,4.0,1.0,0.85,23,47,0.48936170212765956
,,0.2,0.05000000000000002,276,282,0.9787234042553191
,,0.25,0.1,264,282,0.9361702127659575
,,0.3,0.15,240,282,0.851063829787234
,,0.35,0.19999999999999998,225,282,0.7978723404255319
,,0.4,0.25,201,282,0.7127659574468085
,,0.45,0.30000000000000004,180,282,0.6382978723404256
,,0.5,0.35,174,282,0.6170212765957447
,,0.55,0.4,168,282,0.5957446808510638
,,0.6,0.44999999999999996,162,282,0.574468085106383
,,0.65,0.5,153,282,0.5425531914893617
,,0.7,0.5499999999999999,150,282,0.5319148936170213
,,0.75,0.6,150,282,0.5319148936170213
,,0.8,0.65,141,282,0.5
,,0.85,0.7,138,282,0.48936170212765956
,,0.9,0.75,138,282,0.48936170212765956
,,0.95,0.7999999999999999,138,282,0.48936170212765956
,,1.0,0.85,138,282,0.48936170212765956
