q_table,attr,k,alpha,F_star,delta,tau,n_D,n_subsets,F_min,F_max,best_gap,tau_reachable,feasible,infeasibility_cause,n_P,n_R,n_unionability_computations,F_P,F_R,abs_gap_R,sum_U,dinkelbach_ran,dinkelbach_iterations,lp_ran,lp_feasible,lp_decisive,lp_time_s,retrieval_time_s,stage1_time_s,scoring_time_s,stage2_time_s,end_to_end_s,skip_n_scored,skip_scoring_time_s,skip_stage2_time_s,skip_end_to_end_s,skip_feasible,skip_F_R,skip_abs_gap_R,skip_sum_U
311_calls_historic_data_a_fair.csv,1,3,2.0,0.3,0.15,0.15,22,1540,0.3168250632790487,0.43868727579717337,0.016825063279048702,True,True,,6,3,6,0.43814136402027026,0.43837203756232096,0.13837203756232097,21.2898046374321,True,1,True,True,False,0.016305696102790534,0.009850122965872288,4.402804188430309e-05,0.0021520620211958885,0.026265376014634967,0.038313310011290014,22,0.007261340040713549,0.002921513980254531,0.020033484906889498,True,0.3641582091308697,0.06415820913086973,22.23643672466278
abandoned_wells_a_fair.csv,6,3,2.0,0.3,0.15,0.15,19,969,0.2497662459093034,0.43201754385964913,0.0023470921493814467,True,True,,6,3,6,0.42943250312748776,0.43143152551931574,0.13143152551931575,19.609531462192535,True,1,True,True,False,0.0012226609978824854,0.0033723670057952404,3.478699363768101e-05,0.0017868679715320468,0.003170236013829708,0.008365813991986215,19,0.005470616975799203,0.0030002420535311103,0.011843848042190075,True,0.3214554041000322,0.021455404100032216,20.255307018756866
albums_a_fair.csv,4,3,2.0,0.3,0.15,0.15,11,165,0.15885660731021556,0.4475023862551702,0.0025210084033613356,True,True,,6,3,6,0.43808579668348957,0.44490053678560154,0.14490053678560155,11.91370564699173,True,1,True,True,False,0.0009622109355404973,0.002222280018031597,2.9177055694162846e-05,0.0008568490156903863,0.002637712052091956,0.005747453076764941,11,0.0014914650237187743,0.002467154059559107,0.006181527045555413,True,0.2838179519595449,0.016182048040455088,14.8704794049263
animal_tag_data_a_fair.csv,3,3,2.0,0.3,0.15,0.15,15,455,0.17598219076762434,0.27280091811246876,0.02719908188753123,True,True,,6,3,6,0.2746034991383591,0.27263674887321626,0.027363251126783728,33.576787412166595,True,1,True,True,False,0.0012847339967265725,0.005195623030886054,2.9666931368410587e-05,0.004595568054355681,0.004584931069985032,0.014407295035198331,15,0.009484914015047252,0.003366957069374621,0.018048066995106637,True,0.21563755644845856,0.08436244355154143,35.32275551557541
animal_tag_data_b_fair.csv,1,3,2.0,0.3,0.15,0.15,17,680,0.32486503651953,0.4347128346486425,0.024865036519530037,True,True,,6,3,6,0.431873792659369,0.43333270102623445,0.13333270102623446,31.60454487800598,True,1,True,True,False,0.0013567389687523246,0.003914861939847469,3.165309317409992e-05,0.00339807802811265,0.003122315974906087,0.01046855899039656,17,0.00962377293035388,0.003197278012521565,0.016736508929170668,True,0.3778419933482362,0.07784199334823622,32.400253891944885
business_rates_a_fair.csv,9,3,2.0,0.3,0.15,0.15,16,560,0.2826404364865903,0.4177692593050575,0.005697739585279249,True,True,,6,3,6,0.4159689314853743,0.41470707322390754,0.11470707322390755,76.54099297523499,True,2,True,True,False,0.001223089057020843,0.003355326014570892,4.049297422170639e-05,0.017448799102567136,0.003055567038245499,0.023901840904727578,16,0.047069072956219316,0.003408542019315064,0.05383357603568584,True,0.3779484188698808,0.0779484188698808,77.4200673699379
cdc_nutrition_physical_activity_and_obesity_legislation_a_fair.csv,1,3,2.0,0.3,0.15,0.15,17,680,0.494246433650821,0.503167693832694,0.194246433650821,True,True,,6,3,6,0.5030756746852342,0.502822910830496,0.20282291083049603,20.10928326845169,True,1,True,True,False,0.0013619749806821346,0.0033501239959150553,3.3227959647774696e-05,0.0020381329813972116,0.0034153739688917994,0.008838315960019827,17,0.005574996001087129,0.003159574931487441,0.012085273046977818,True,0.5003883954203114,0.20038839542031145,23.27443391084671
cihr_co-applicant_a_fair.csv,3,3,2.0,0.3,0.15,0.15,19,969,0.14491692307692308,0.25711595003540827,0.04288404996459172,True,True,,6,3,6,0.24981273561543468,0.24108616309565384,0.05891383690434615,35.530979335308075,True,1,True,True,False,0.0012851380743086338,0.010077306069433689,3.6678044125437737e-05,0.0039339769864454865,0.0035615909146144986,0.017611265066079795,19,0.01209664298221469,0.003167049027979374,0.025341512053273618,True,0.19325373523846806,0.10674626476153193,35.7696550488472
cihr_co-applicant_b_fair.csv,2,3,2.0,0.3,0.15,0.15,11,165,0.3693107754573713,0.4461190865813746,0.0693107754573713,True,True,,6,3,6,0.4402833699830051,0.4424902775666668,0.14249027756666682,32.379090428352356,True,2,True,True,False,0.0011528369504958391,0.00930281903129071,3.4491997212171555e-05,0.003566766041330993,0.0033676460152491927,0.016273504006676376,11,0.006453619105741382,0.0030245609814301133,0.018781575025059283,True,0.39282122609831016,0.09282122609831017,32.789463460445404
civic_building_locations_a_fair.csv,3,3,2.0,0.3,0.15,0.15,15,455,0.019815994338287332,0.45397225725094575,0.00010893246187365646,True,True,,6,3,6,0.44873046875,0.43945578231292515,0.13945578231292516,44.550404489040375,True,1,True,True,False,0.001068313024006784,0.002556761959567666,2.893805503845215e-05,0.005931659950874746,0.0028888890519738197,0.011407646932639182,15,0.014677037950605154,0.0031439430313184857,0.020378290908411145,True,0.43074324324324326,0.13074324324324327,44.72775262594223
complaint_by_practice_a_fair.csv,0,3,2.0,0.3,0.15,0.15,8,56,0.46003743066054437,0.589819882258283,0.16003743066054438,True,True,,6,3,6,0.5847098896193936,0.5811591699576814,0.28115916995768137,21.99557501077652,True,2,True,True,False,0.0010633229976519942,0.005839796969667077,3.122398629784584e-05,0.0026459230575710535,0.003235815092921257,0.011754386010579765,8,0.0034473290434107184,0.002460613031871617,0.011748326011002064,True,0.5333069466640777,0.23330694666407775,24.398386120796204
complaint_by_practice_b_fair.csv,1,3,2.0,0.3,0.15,0.15,9,84,0.0526354835119997,0.43495548448439797,0.009431886732195416,True,True,,6,3,6,0.40575546153533215,0.28544354544791894,0.014556454552081044,31.773194313049316,True,2,True,True,False,0.0012797960080206394,0.005602226941846311,3.172003198415041e-05,0.003196909907273948,0.0033116949489340186,0.012144010979682207,9,0.004878515028394759,0.002838833024725318,0.013320172904059291,True,0.3681802068898843,0.0681802068898843,31.773194313049316
contributors_parties_a_fair.csv,2,3,2.0,0.3,0.15,0.15,25,2300,0.2859171187810227,0.41192330736968247,0.0028603667136812283,True,True,,6,3,6,0.4134354049646675,0.410411913053921,0.11041191305392101,16.314298689365387,True,1,True,True,False,0.0010654910001903772,0.005472840974107385,3.9202976040542126e-05,0.0015394029906019568,0.003183826105669141,0.010236858972348273,25,0.006254060892388225,0.0030328530119732022,0.01476039201952517,True,0.344322173157948,0.04432217315794801,23.949997425079346
contributors_parties_b_fair.csv,0,3,2.0,0.3,0.15,0.15,24,2024,1.0,1.0,0.7,True,True,,6,3,6,1.0,1.0,0.7,13.771519362926483,True,1,True,True,False,0.001170506002381444,0.006163790007121861,3.85999446734786e-05,0.0010602088877931237,0.003377677989192307,0.010641874046996236,24,0.00352098501753062,0.002513944054953754,0.012199311051517725,True,1.0,0.7,14.711143732070923
data_mill_a_fair.csv,4,3,2.0,0.3,0.15,0.15,7,35,0.16467785188065118,0.44264936975492325,0.01204515329028949,True,True,,6,3,6,0.3602890843030909,0.27969958641216885,0.020300413587831134,56.7943394780159,True,2,True,True,False,0.0010662369895726442,0.0032775240251794457,2.9330025427043438e-05,0.00925162504427135,0.0030516989063471556,0.015611779992468655,7,0.015393264009617269,0.003542468068189919,0.02221412002108991,True,0.36911826001288317,0.06911826001288318,56.7943394780159
data_mill_b_fair.csv,3,3,2.0,0.3,0.15,0.15,14,364,0.10613868003341688,0.2759435401609402,0.024056459839059796,True,True,,6,3,6,0.1801539728984972,0.2736822084086213,0.026317791591378703,53.05446708202362,True,2,True,True,False,0.0011085160076618195,0.004995277966372669,3.4797005355358124e-05,0.009670590050518513,0.003596349968574941,0.018298879032954574,14,0.02162325708195567,0.0033644899958744645,0.029983644955791533,True,0.2681722306460767,0.031827769353923285,56.446955382823944
deaths_2012_2018_a_fair.csv,5,3,2.0,0.3,0.15,0.15,20,1140,0.51617199391172,0.6787750791974657,0.21617199391171998,True,True,,6,3,6,0.6941203385952871,0.6787750791974657,0.3787750791974657,21.551539301872253,True,1,True,True,False,0.0012699250364676118,0.0034525460796430707,3.361492417752743e-05,0.00273973704315722,0.0034156659385189414,0.009642945020459592,20,0.008874219027347863,0.0029875170439481735,0.015314807067625225,True,0.6663113006396588,0.36631130063965883,24.157796621322632
immigration_records_a_fair.csv,2,3,2.0,0.3,0.15,0.15,24,2024,0.18129585432688058,0.429785405676366,0.001945685398542174,True,True,,6,3,6,0.4298073257280272,0.4271018176586255,0.1271018176586255,16.00051611661911,True,1,True,True,False,0.0012409170158207417,0.005305493948981166,3.784999717026949e-05,0.001827714964747429,0.0034527620300650597,0.010625473107211292,24,0.007268654997460544,0.0028894739225506783,0.015464275958947837,True,0.27966621950387666,0.020333780496123333,25.572398900985718
ipopayments_a_fair.csv,0,3,2.0,0.3,0.15,0.15,16,560,0.7798241247718599,1.0,0.47982412477185993,True,True,,6,3,6,1.0,1.0,0.7,25.521284997463226,True,1,True,True,False,0.000956067000515759,0.002482670941390097,2.9530958272516727e-05,0.0022927519166842103,0.0030695890309289098,0.007876161020249128,16,0.00600861303973943,0.002846716088242829,0.01133856293745339,True,1.0,0.7,26.212650954723358
ipopayments_b_fair.csv,2,3,2.0,0.3,0.15,0.15,9,84,0.343872741555381,0.4385137945376404,0.04387274155538101,True,True,,6,3,6,0.4355179704016913,0.4285960973925056,0.1285960973925056,25.639057397842407,True,1,True,True,False,0.0007986169075593352,0.0017163020092993975,2.8083915822207928e-05,0.0022358749993145466,0.002765101962722838,0.00674677302595228,9,0.0033541449811309576,0.0027917049592360854,0.007862650090828538,True,0.35498380712486505,0.05498380712486506,26.36696147918701
job_pay_scales_a_fair.csv,4,3,2.0,0.3,0.15,0.15,12,220,0.23361344537815126,0.43773119605425403,0.0004608294930875667,True,True,,6,3,6,0.4272930648769575,0.43564356435643564,0.13564356435643565,29.888486742973328,True,1,True,True,False,0.0009880739962682128,0.0020405049435794353,2.682406920939684e-05,0.0027336629573255777,0.0027624390786513686,0.007564825005829334,12,0.005409074015915394,0.002705582999624312,0.010155829950235784,True,0.3817701453104359,0.08177014531043592,29.92328268289566
lane_description_a_fair.csv,1,3,2.0,0.3,0.15,0.15,10,120,0.01603068826551577,0.43709423087379695,0.0001170865745362959,True,True,,6,3,6,0.42017444487225997,0.31309760636591155,0.013097606365911563,41.45348137617111,True,2,True,True,False,0.000855187070555985,0.010693012038245797,3.214995376765728e-05,0.005175680038519204,0.0024516970152035356,0.018354246043600142,10,0.013192954938858747,0.00265308003872633,0.02653980301693082,True,0.399356050641541,0.09935605064154102,41.456506967544556
lane_description_b_fair.csv,9,3,2.0,0.3,0.15,0.15,6,20,0.5558424790187217,0.8997547783439712,0.25584247901872176,True,True,,6,3,6,0.7672378411656064,0.5558424790187217,0.25584247901872176,76.48160231113434,False,0,True,True,False,0.0011986930621787906,0.0029620910063385963,4.946952685713768e-06,0.018329640035517514,0.0035641960566863418,0.024862580001354218,6,0.021896249963901937,0.0038043290842324495,0.028663394041359425,True,0.5558424790187217,0.25584247901872176,76.48160231113434
mines_a_fair.csv,5,3,2.0,0.3,0.15,0.15,16,560,0.17128113219207713,0.43456698611037575,8.743309235920149e-05,True,True,,6,3,6,0.43248603024500804,0.42922697787723424,0.12922697787723425,22.97516518831253,True,1,True,True,False,0.0012910120422020555,0.0041918299393728375,3.3621094189584255e-05,0.0018626630771905184,0.003032327047549188,0.009122213930822909,16,0.00908541597891599,0.0031230070162564516,0.01640112092718482,True,0.3668563515589502,0.0668563515589502,23.671341240406036
mines_b_fair.csv,2,3,2.0,0.3,0.15,0.15,6,20,0.2542857142857143,0.4160839160839161,0.009410234171725929,True,True,,6,3,6,0.3396339633963396,0.3442724458204334,0.04427244582043344,23.14189386367798,False,0,True,True,False,0.001046227989718318,0.0019249910255894065,4.6050408855080605e-06,0.003640070906840265,0.0031415210105478764,0.008713037939742208,6,0.003672249033115804,0.0033472349168732762,0.008945374051108956,True,0.3442724458204334,0.04427244582043344,23.14189386367798
minister_meetings_a_fair.csv,4,3,2.0,0.3,0.15,0.15,8,56,0.2289156626506024,0.46236559139784944,0.002127659574468088,True,True,,6,3,6,0.4294478527607362,0.4576271186440678,0.1576271186440678,14.17712289094925,True,1,True,True,False,0.00118193996604532,0.002290855976752937,3.611401189118624e-05,0.0015033819945529103,0.0032147399615496397,0.007046895916573703,8,0.00197255308739841,0.003052573068998754,0.00731676397845149,True,0.2978723404255319,0.002127659574468088,14.639192700386047
monthly_data_feed_a_fair.csv,11,3,2.0,0.3,0.15,0.15,8,56,0.5601092896174863,1.0,0.2601092896174863,True,True,,6,3,6,1.0,1.0,0.7,56.548382341861725,True,1,True,True,False,0.0011792680015787482,0.0031952320132404566,3.6665936931967735e-05,0.010059216059744358,0.0032683289609849453,0.01656130002811551,8,0.01653228106442839,0.003418217063881457,0.023146576015278697,True,1.0,0.7,56.548382341861725
monthly_data_feed_b_fair.csv,1,3,2.0,0.3,0.15,0.15,6,20,0.21178751454051958,0.2896014119723489,0.01039858802765109,True,True,,6,3,6,0.22436295835922934,0.2896014119723489,0.01039858802765109,39.34187775850296,False,0,True,True,False,0.001312982989475131,0.0021190649131312966,4.538102075457573e-06,0.008420857950113714,0.0035277550341561437,0.014073923928663135,6,0.010263554053381085,0.003262559068389237,0.015645934967324138,True,0.2896014119723489,0.01039858802765109,39.34187775850296
new_york_city_restaurant_inspection_results_a_fair.csv,6,3,2.0,0.3,0.15,0.15,21,1330,0.25740026091275797,0.4174027933562986,0.020060102618391085,True,True,,6,3,6,0.41755666858610113,0.41685410765438413,0.11685410765438414,21.64332365989685,True,2,True,True,False,0.00120249402243644,0.012041641981340945,4.65569319203496e-05,0.0026467309799045324,0.0033132119569927454,0.01804989203810692,21,0.013335196999832988,0.0036298419581726193,0.029007419012486935,True,0.3240063760331771,0.024006376033177124,23.40232080221176
oil_and_gas_summary_production_data_1967_1999_a_fair.csv,2,3,2.0,0.3,0.15,0.15,27,2925,0.2654254393596659,0.4365948333556418,4.178331174553573e-06,True,True,,6,3,6,0.4327587080216793,0.4328471096704484,0.13284710967044844,24.137765169143677,True,1,True,True,False,0.001311417086981237,0.0052040149457752705,3.8594938814640045e-05,0.002071478054858744,0.0034802190493792295,0.010795907001011074,27,0.013437724905088544,0.0035911820596084,0.022233627969399095,True,0.33906549543620706,0.039065495436207076,25.57185572385788
practice_reference_a_fair.csv,6,3,2.0,0.3,0.15,0.15,30,4060,0.2546744036105738,0.2954264524103832,0.004573547589616811,True,True,,6,3,6,0.2940905955392044,0.2947324414715719,0.005267558528428085,23.485965311527252,True,1,True,True,False,0.0012003789888694882,0.004502904950641096,3.894604742527008e-05,0.00183225201908499,0.003145584953017533,0.00952117401175201,30,0.013255633064545691,0.0033100759610533714,0.021069270907901227,True,0.27450980392156865,0.025490196078431338,23.8781116604805
practice_reference_b_fair.csv,5,3,2.0,0.3,0.15,0.15,30,4060,0.2962287104622871,0.4344612991054065,0.0,True,True,,6,3,6,0.4329896907216495,0.4322448979591837,0.1322448979591837,20.40469318628311,True,1,True,True,False,0.0014574199449270964,0.00453113904222846,3.849004860967398e-05,0.0016149510629475117,0.0036901120329275727,0.009876195923425257,30,0.012183272978290915,0.003425181028433144,0.02014038199558854,True,0.3595744680851064,0.05957446808510641,20.69050043821335
prescribing_a_fair.csv,14,3,2.0,0.3,0.15,0.15,12,220,0.12544954046974205,0.2582072861776842,0.04179271382231581,True,True,,6,3,6,0.25056480159614747,0.2529809209979786,0.0470190790020214,54.00146520137787,True,1,True,True,False,0.001269047032110393,0.009140111971646547,3.112293779850006e-05,0.009007586049847305,0.003714259946718812,0.021894943085499108,12,0.02259589801542461,0.0033973739482462406,0.03513432899489999,True,0.2295421879786056,0.0704578120213944,55.46841150522232
prescribing_b_fair.csv,13,3,2.0,0.3,0.15,0.15,16,560,0.17166983218634632,0.4435807557906808,0.017558418687334376,True,True,,6,3,6,0.43237296637595735,0.4282407721835702,0.12824077218357022,55.26103961467743,True,1,True,True,False,0.0014719219179823995,0.012441099039278924,3.527500666677952e-05,0.009415711974725127,0.004118692013435066,0.02601278608199209,16,0.02923872193787247,0.0031873839907348156,0.044868068071082234,True,0.39762348256150043,0.09762348256150044,56.241740703582764
psyckes_antipsychotic_polypharmacy_quality_indicators_beginning_2012_a_fair.csv,3,3,2.0,0.3,0.15,0.15,16,560,0.7207502322607111,0.7220352071041614,0.4207502322607111,True,True,,6,3,6,0.7223088923556942,0.7220352071041614,0.42203520710416137,16.070062935352325,True,1,True,True,False,0.0013984970282763243,0.008044191054068506,3.371899947524071e-05,0.0016361980233341455,0.003995837061665952,0.01371170801576227,16,0.008263811934739351,0.0036470340564846992,0.01995601609814912,True,0.7215856160039887,0.42158561600398875,21.49255633354187
purchasing_card_a_fair.csv,1,3,2.0,0.3,0.15,0.15,14,364,0.16924265842349304,0.43194600674915634,0.0,True,True,,6,3,6,0.4258130081300813,0.4168765743073048,0.1168765743073048,29.593468487262726,True,2,True,True,False,0.001117460080422461,0.0030843690037727356,5.462707486003637e-05,0.0035791370319202542,0.003192421980202198,0.009912503999657929,14,0.01083620497956872,0.003076117020100355,0.01699744106736034,True,0.35494880546075086,0.05494880546075087,29.6722874045372
report_card_discipline_for_2015_16_a_fair.csv,2,3,2.0,0.3,0.15,0.15,19,969,0.29336026543453064,0.44744753301893514,0.0006178415290674644,True,True,,6,3,6,0.4472245351805214,0.44728179551122194,0.14728179551122195,25.035608232021332,True,1,True,True,False,0.0013842659536749125,0.012551503954455256,3.3995951525866985e-05,0.0024451069766655564,0.00370354694314301,0.01873585395514965,19,0.012077283929102123,0.003469627001322806,0.02809916192200035,True,0.35731465920754335,0.05731465920754336,26.087697327136993
senior_officials_expenses_a_fair.csv,1,3,2.0,0.3,0.15,0.15,6,20,0.2708333333333333,0.5837173579109063,0.029166666666666674,True,True,,6,3,6,0.4925255704169945,0.5433715220949263,0.24337152209492635,13.744045197963715,False,0,True,True,False,0.001231894944794476,0.0019490680424496531,5.359994247555733e-06,0.002563506015576422,0.0032677550334483385,0.007787698064930737,6,0.0025588269345462322,0.0035456010373309255,0.008054326986894011,True,0.5433715220949263,0.24337152209492635,13.744045197963715
stockport_contracts_b_fair.csv,15,3,2.0,0.3,0.15,0.15,12,220,0.24738292011019283,0.43502096098032894,0.0016089712335445872,True,True,,6,3,6,0.4324026451138869,0.43112322131395703,0.13112322131395704,51.75188630819321,True,1,True,True,False,0.001167713082395494,0.002935144933871925,4.1436986066401005e-05,0.01059550594072789,0.003358368994668126,0.016932402038946748,12,0.02563999395351857,0.0031793839298188686,0.03175556298810989,True,0.3566289825282631,0.056628982528263094,55.08952748775482
time_spent_watching_vcr_movies_a_fair.csv,4,3,2.0,0.3,0.15,0.15,7,35,1.0,1.0,0.7,True,True,,6,3,6,1.0,1.0,0.7,13.487096428871155,True,1,True,True,False,0.0012440760619938374,0.0018418640829622746,3.7338933907449245e-05,0.001590654021129012,0.003504014923237264,0.006976044969633222,7,0.0018663359805941582,0.003362426068633795,0.007071475149132311,True,1.0,0.7,13.487096428871155
tuition_assistance_program_tap_recipients_a_fair.csv,5,3,2.0,0.3,0.15,0.15,16,560,0.6200328033907664,0.6241900647948164,0.3200328033907664,True,True,,6,3,6,0.6246751720445552,0.6238490394452655,0.3238490394452655,19.08948850631714,True,1,True,True,False,0.0009860669961199164,0.00401099503505975,3.203097730875015e-05,0.0016163180116564035,0.0029070869786664844,0.00856828410178423,16,0.00815087603405118,0.003475769073702395,0.0156384389847517,True,0.6228607750609727,0.3228607750609727,22.37136471271515
ydn_spending_data_a_fair.csv,1,3,2.0,0.3,0.15,0.15,7,35,0.21171770972037285,0.25715981599643867,0.04284018400356132,True,True,,6,3,6,0.25146298023916547,0.24830760898998105,0.051692391010018934,32.91213834285736,True,1,True,True,False,0.0010320929577574134,0.0014261490432545543,2.5713001377880573e-05,0.00391890003811568,0.003062334028072655,0.008434636984020472,7,0.008817635010927916,0.0032112719491124153,0.01345583493821323,True,0.22341048930559626,0.07658951069440373,34.318625688552856
ydn_spending_data_b_fair.csv,11,3,2.0,0.3,0.15,0.15,10,120,0.3562113932738504,0.4303410826404208,0.056211393273850385,True,True,,6,3,6,0.42525204032645225,0.4265292553191489,0.12652925531914894,32.03813552856445,True,1,True,True,False,0.0011158949928358197,0.002591061987914145,3.772997297346592e-05,0.005379404057748616,0.003190661082044244,0.011200918932445347,10,0.011044165003113449,0.0035155840450897813,0.017151603940874338,True,0.3765089097528262,0.0765089097528262,34.77779793739319
311_calls_historic_data_a_fair.csv,1,5,2.0,0.3,0.15,0.15,22,26334,0.3111965851437921,0.4384090737809933,0.011196585143792126,True,True,,10,5,10,0.4366853616125003,0.43739843095191255,0.13739843095191256,34.63057768344879,True,1,True,True,False,0.0015797039959579706,0.009791816002689302,3.8619968108832836e-05,0.0032877129269763827,0.003963149036280811,0.017083394108340144,22,0.011618708958849311,0.0036962770391255617,0.025107664987444878,True,0.3660240821427365,0.06602408214273653,35.68177855014801
abandoned_wells_a_fair.csv,6,5,2.0,0.3,0.15,0.15,19,11628,0.22678464049480285,0.4309654657710835,2.575328354365025e-05,True,True,,10,5,10,0.41039440301376184,0.402198263791655,0.10219826379165503,32.145474433898926,True,2,True,True,False,0.0014044090639799833,0.0034693529596552253,4.435598384588957e-05,0.0029162619030103087,0.0038547019939869642,0.010286507895216346,19,0.009958197013475,0.0032437429763376713,0.016672133933752775,True,0.35753765372391877,0.05753765372391878,32.9736590385437
albums_a_fair.csv,4,5,2.0,0.3,0.15,0.15,11,462,0.11603805640502889,0.44212678936605315,0.005439101246746125,True,True,,10,5,10,0.3353759294960066,0.2891198891198891,0.010880110880110871,20.97666621208191,True,1,True,True,False,0.0012456340482458472,0.0032392049906775355,4.189100582152605e-05,0.0016458240570500493,0.003159714979119599,0.008088599075563252,11,0.0027907859766855836,0.0035986489383503795,0.009629465988837183,True,0.28229082047116166,0.017709179528838326,20.978315472602844
animal_tag_data_a_fair.csv,3,5,2.0,0.3,0.15,0.15,15,3003,0.16412451151406976,0.27418422606707127,0.02581577393292872,True,True,,10,5,10,0.26639834508518245,0.26109619677067064,0.03890380322932935,56.727006316185,True,1,True,True,False,0.0013362639583647251,0.005223703105002642,3.156100865453482e-05,0.006328449002467096,0.0033280960051342845,0.014913636958226562,15,0.013979229959659278,0.003690968034788966,0.022894658148288727,True,0.21486283429265848,0.0851371657073415,57.90510606765747
animal_tag_data_b_fair.csv,1,5,2.0,0.3,0.15,0.15,17,6188,0.30325239299966095,0.43323557916199923,0.003252392999660958,True,True,,10,5,10,0.41412996210474,0.4161522633744856,0.11615226337448559,52.54092746973038,True,1,True,True,False,0.0011933440109714866,0.003829637076705694,3.1498027965426445e-05,0.0057342390064150095,0.003232477931305766,0.012829451938159764,17,0.01402448897715658,0.0032815870363265276,0.0211365349823609,True,0.37294481825427717,0.07294481825427718,53.381404638290405
business_rates_a_fair.csv,9,5,2.0,0.3,0.15,0.15,16,4368,0.26595273456838375,0.4165251253158789,6.20116581917518e-05,True,True,,10,5,10,0.38900078193493354,0.391833394353154,0.09183339435315402,127.77115023136139,True,1,True,True,False,0.001346232951618731,0.003358240006491542,3.1844014301896095e-05,0.028959599905647337,0.0037532090209424496,0.03610467701219022,16,0.05078129703179002,0.003923287964425981,0.058063716045580804,True,0.3649268010501491,0.06492680105014909,128.5672476887703
cdc_nutrition_physical_activity_and_obesity_legislation_a_fair.csv,1,5,2.0,0.3,0.15,0.15,17,6188,0.49414209559377165,0.5031774237267717,0.19414209559377166,True,True,,10,5,10,0.5024222631521924,0.5018051452952612,0.20180514529526122,37.139198303222656,True,1,True,True,False,0.0012203489895910025,0.003397213062271476,3.5079894587397575e-05,0.0032931569730862975,0.0036235240986570716,0.010350601049140096,17,0.010069456999190152,0.0038293360266834497,0.017296710168011487,True,0.4999116362442879,0.19991163624428793,37.7597399353981
cihr_co-applicant_a_fair.csv,3,5,2.0,0.3,0.15,0.15,19,11628,0.12376345176194545,0.25161975182107693,0.04838024817892306,True,True,,10,5,10,0.24016796182232764,0.23763102992356444,0.06236897007643555,59.14441281557083,True,2,True,True,False,0.0015597930178046227,0.009963547927327454,4.5309076085686684e-05,0.006449237000197172,0.004156762966886163,0.02061673894058913,19,0.01669976592529565,0.0034992400323972106,0.030163482995703816,True,0.20857469826925118,0.09142530173074881,59.383088529109955
cihr_co-applicant_b_fair.csv,2,5,2.0,0.3,0.15,0.15,11,462,0.3847956773308934,0.44277768597197703,0.08479567733089344,True,True,,10,5,10,0.42719339799047595,0.4292042132059287,0.12920421320592873,53.98825001716614,True,1,True,True,False,0.0014702939661219716,0.008506899932399392,3.2261013984680176e-05,0.0058377450332045555,0.0037493520649150014,0.01812823803629726,11,0.010948812938295305,0.0035956999054178596,0.02305225795134902,True,0.3970064989512665,0.0970064989512665,54.323054790496826
civic_building_locations_a_fair.csv,3,5,2.0,0.3,0.15,0.15,15,3003,0.01812688821752266,0.4523682810005322,0.0,True,True,,10,5,10,0.4161772557394554,0.40950552088334136,0.10950552088334137,74.3060832619667,True,2,True,True,False,0.001284352969378233,0.002516695996746421,4.0192040614783764e-05,0.009848807007074356,0.003499113954603672,0.01590629806742072,15,0.019241592031903565,0.003620031988248229,0.02537903201300651,True,0.3611748508490133,0.06117485084901331,74.34771376848221
complaint_by_practice_a_fair.csv,0,5,2.0,0.3,0.15,0.15,8,56,0.4654373338907636,0.5890739124356228,0.1654373338907636,True,True,,8,5,8,0.5387811155633694,0.5393206029369617,0.23932060293696172,37.71213626861572,False,0,True,True,False,0.0013533730525523424,0.006730712950229645,4.368950612843037e-06,0.0034927489468827844,0.0033164990600198507,0.013546176021918654,8,0.006647626054473221,0.0035740539897233248,0.01695315889082849,True,0.5393206029369617,0.23932060293696172,37.71213626861572
complaint_by_practice_b_fair.csv,1,5,2.0,0.3,0.15,0.15,9,126,0.06897148716855997,0.4158352813491401,0.0012528462379505223,True,True,,9,5,9,0.22647050069941171,0.3421388149506789,0.04213881495067889,49.51943337917328,False,0,True,True,False,0.0017153869848698378,0.005731405108235776,5.094101652503014e-06,0.004537038039416075,0.0038842729991301894,0.014159510028548539,9,0.008852319908328354,0.0032385119702667,0.01782306912355125,True,0.3421388149506789,0.04213881495067889,49.51943337917328
contributors_parties_a_fair.csv,2,5,2.0,0.3,0.15,0.15,25,53130,0.27278277967504916,0.4133024527860249,0.002590313616514517,True,True,,10,5,10,0.4129050504357961,0.4105280111003741,0.11052801110037414,27.74379289150238,True,1,True,True,False,0.001586121041327715,0.005788777954876423,4.3168896809220314e-05,0.002565458999015391,0.003850003005936742,0.012249283958226442,25,0.010761845973320305,0.004315106081776321,0.02086647995747626,True,0.33138010014233793,0.03138010014233794,35.42607003450394
contributors_parties_b_fair.csv,0,5,2.0,0.3,0.15,0.15,24,42504,1.0,1.0,0.7,True,True,,10,5,10,1.0,1.0,0.7,22.779004395008087,True,1,True,True,False,0.0014010670129209757,0.004964865976944566,4.6584056690335274e-05,0.0016515309689566493,0.0040820849826559424,0.01074682199396193,24,0.006819533067755401,0.004062611958943307,0.015847743023186922,True,1.0,0.7,24.053523004055023
data_mill_a_fair.csv,4,5,2.0,0.3,0.15,0.15,7,21,0.2788940536999902,0.3963998338533466,0.014486710641739842,True,True,,7,5,7,0.32951573305948234,0.280016992646088,0.019983007353912008,94.36094391345978,False,0,True,True,False,0.0013962549855932593,0.004135049995966256,4.581059329211712e-06,0.01084838795941323,0.003813335904851556,0.018803267972543836,7,0.015059361001476645,0.0035162760177627206,0.022711547906510532,True,0.280016992646088,0.019983007353912008,94.36094391345978
data_mill_b_fair.csv,3,5,2.0,0.3,0.15,0.15,14,2002,0.08266100789150094,0.2041396103896104,0.09586038961038959,True,True,,10,5,10,0.12237674803316213,0.20042471432905248,0.0995752856709475,90.72118252515793,True,2,True,True,False,0.0016095959581434727,0.005086940946057439,4.14849491789937e-05,0.015684064012020826,0.0040889629162848,0.024903199053369462,14,0.02747251302935183,0.004079075995832682,0.03663982590660453,True,0.19794403839792282,0.10205596160207717,92.32596528530121
deaths_2012_2018_a_fair.csv,5,5,2.0,0.3,0.15,0.15,20,15504,0.5158539834798828,0.6920111657583411,0.21585398347988277,True,True,,10,5,10,0.6973991707500943,0.6892803082427411,0.3892803082427411,36.383642971515656,True,1,True,True,False,0.0015572550473734736,0.0036093801027163863,4.075607284903526e-05,0.004525750991888344,0.004165532998740673,0.012343308073468506,20,0.013367424020543694,0.0037835410330444574,0.020761239109560847,True,0.6512035010940919,0.3512035010940919,38.48299306631088
immigration_records_a_fair.csv,2,5,2.0,0.3,0.15,0.15,24,42504,0.1400805662395594,0.43122345871729023,1.8526409396590893e-06,True,True,,10,5,10,0.4247557639703009,0.4235146030720033,0.12351460307200329,25.776958763599396,True,1,True,True,False,0.0015989938983693719,0.005562011036090553,4.856602754443884e-05,0.0029680479783564806,0.003964855917729437,0.01254550099838525,24,0.011752111953683197,0.003677764907479286,0.020992623060010374,True,0.279881820380801,0.020118179619198984,36.65781831741333
ipopayments_a_fair.csv,0,5,2.0,0.3,0.15,0.15,16,4368,0.8054579843285599,1.0,0.5054579843285598,True,True,,10,5,10,1.0,1.0,0.7,42.75763553380966,True,1,True,True,False,0.0015877039404585958,0.002523775096051395,3.4778029657900333e-05,0.003709428943693638,0.0041086089331656694,0.010378425009548664,16,0.010400189086794853,0.003514859010465443,0.01643964508548379,True,1.0,0.7,42.75763553380966
ipopayments_b_fair.csv,2,5,2.0,0.3,0.15,0.15,9,126,0.37353212824910936,0.43742268041237115,0.07353212824910937,True,True,,9,5,9,0.4052190373174689,0.37865853658536586,0.07865853658536587,42.801045536994934,False,0,True,True,False,0.0014476910000666976,0.0028792429948225617,6.0800230130553246e-06,0.00437783298548311,0.0038667229237034917,0.011132115963846445,9,0.006453426904045045,0.0035934069892391562,0.012926965951919556,True,0.37865853658536586,0.07865853658536587,42.801045536994934
job_pay_scales_a_fair.csv,4,5,2.0,0.3,0.15,0.15,12,792,0.2209165687426557,0.4301628106255356,0.00031612223393046035,True,True,,10,5,10,0.3611859838274933,0.37734082397003743,0.07734082397003744,49.64842766523361,True,1,True,True,False,0.0014619659632444382,0.0030918249394744635,4.653597716242075e-05,0.004636693047359586,0.004077040939591825,0.011854134034365416,12,0.00993369601201266,0.004082661936990917,0.017109084874391556,True,0.3215339233038348,0.0215339233038348,49.827314019203186
lane_description_a_fair.csv,1,5,2.0,0.3,0.15,0.15,10,252,0.017393140628299567,0.42521164600021205,0.00025956241200902896,True,True,,10,5,10,0.269015177888276,0.2638321113520134,0.03616788864798659,68.61264032125473,False,0,True,True,False,0.00156276801135391,0.010890725068747997,6.516929715871811e-06,0.008618099964223802,0.00426072406116873,0.023779026931151748,10,0.013246421003714204,0.003956147003918886,0.028094304027035832,True,0.2638321113520134,0.03616788864798659,68.61264032125473
lane_description_b_fair.csv,9,5,2.0,0.3,0.15,0.15,6,6,0.6817124071953606,0.8089462129527991,0.38171240719536065,True,True,,6,5,6,0.7672378411656064,0.7299169409183514,0.42991694091835136,122.95286333560944,False,0,True,True,False,0.00161149597261101,0.003111387020908296,7.502036169171333e-06,0.018442543921992183,0.0042143979808315635,0.02577811398077756,6,0.017588997026905417,0.003782492014579475,0.024483649991452694,True,0.7299169409183514,0.42991694091835136,122.95286333560944
mines_a_fair.csv,5,5,2.0,0.3,0.15,0.15,16,4368,0.1413177883766119,0.4332843532255771,4.7275157719683936e-05,True,True,,10,5,10,0.42713074779377613,0.42416650988701965,0.12416650988701966,38.899858832359314,True,1,True,True,False,0.0013592620380222797,0.004176834016107023,3.67690809071064e-05,0.0030209700344130397,0.0036646180087700486,0.010901133995503187,16,0.004834324005059898,0.0035233870148658752,0.012535238056443632,True,0.353350874477635,0.053350874477635035,39.248196840286255
mines_b_fair.csv,2,5,2.0,0.3,0.15,0.15,6,6,0.3087615838247683,0.4081154192966637,0.008761583824768326,True,True,,6,5,6,0.3396339633963396,0.343086719223772,0.043086719223771996,35.82953119277954,False,0,True,True,False,0.0010972559684887528,0.001389996032230556,4.6959612518548965e-06,0.002020317013375461,0.002699325908906758,0.0061159670585766435,6,0.002097212942317128,0.0029575320659205317,0.006445323117077351,True,0.343086719223772,0.043086719223771996,35.82953119277954
minister_meetings_a_fair.csv,4,5,2.0,0.3,0.15,0.15,8,56,0.2831858407079646,0.4527027027027027,0.006451612903225823,True,True,,8,5,8,0.36097560975609755,0.3625,0.0625,23.825201153755188,False,0,True,True,False,0.0009130829712375998,0.0017097400268539786,4.437984898686409e-06,0.0010599320521578193,0.0026911019813269377,0.005466687027364969,8,0.00105829699896276,0.0039668980753049254,0.0067355240462347865,True,0.3625,0.0625,23.825201153755188
monthly_data_feed_a_fair.csv,11,5,2.0,0.3,0.15,0.15,8,56,0.7145390070921985,1.0,0.41453900709219854,True,True,,8,5,8,0.8168373151308305,1.0,0.7,93.06950443983078,False,0,True,True,False,0.0015032930532470345,0.002199589041993022,5.344045348465443e-06,0.012555671972222626,0.004066354944370687,0.01882866898085922,8,0.017013369943015277,0.004012510064058006,0.023226426099427044,True,1.0,0.7,93.06950443983078
monthly_data_feed_b_fair.csv,1,5,2.0,0.3,0.15,0.15,6,6,0.18530093216229324,0.23948849104859335,0.06051150895140664,True,True,,6,5,6,0.22436295835922934,0.23948849104859335,0.06051150895140664,62.18134355545044,False,0,True,True,False,0.0015632159775123,0.002147466060705483,6.276997737586498e-06,0.007957758964039385,0.004434276954270899,0.014547916944138706,6,0.010946463909931481,0.0036792249884456396,0.016774091054685414,True,0.23948849104859335,0.06051150895140664,62.18134355545044
new_york_city_restaurant_inspection_results_a_fair.csv,6,5,2.0,0.3,0.15,0.15,21,20349,0.25077442973810193,0.417680660213471,0.01481957140338952,True,True,,10,5,10,0.416724511440351,0.41640241551138685,0.11640241551138686,36.277333319187164,True,2,True,True,False,0.0014925410505384207,0.012645584996789694,5.3592026233673096e-05,0.004430133034475148,0.003912325948476791,0.02104442589916289,21,0.008902895031496882,0.003947405959479511,0.025496740941889584,True,0.3227357206863363,0.022735720686336336,38.18224024772644
oil_and_gas_summary_production_data_1967_1999_a_fair.csv,2,5,2.0,0.3,0.15,0.15,27,80730,0.23717568090873886,0.43432032301480483,2.6292956117335287e-06,True,True,,10,5,10,0.42651601181012944,0.4284966357061139,0.12849663570611392,38.662186324596405,True,1,True,True,False,0.0018045330652967095,0.00626946403644979,6.167404353618622e-05,0.003426122944802046,0.004506110912188888,0.014266195939853787,27,0.009131928905844688,0.0036046080058440566,0.01900675508659333,True,0.36458690781373004,0.06458690781373005,40.74062728881836
practice_reference_a_fair.csv,6,5,2.0,0.3,0.15,0.15,30,142506,0.2503413746017296,0.2947396963123644,0.005260303687635581,True,True,,10,5,10,0.29187299737838623,0.29439252336448596,0.00560747663551403,38.980031192302704,True,1,True,True,False,0.0019600039813667536,0.0048421670217067,4.496006295084953e-05,0.0030200829496607184,0.004257432068698108,0.012166655040346086,30,0.009156244923360646,0.00406413699965924,0.018063383060507476,True,0.2663261583363736,0.033673841663626414,39.72701597213745
practice_reference_b_fair.csv,5,5,2.0,0.3,0.15,0.15,30,142506,0.2737382378100941,0.43347193347193347,0.010826542491268909,True,True,,10,5,10,0.43097497842968074,0.42993979200875754,0.12993979200875755,33.81052279472351,True,1,True,True,False,0.0016116600017994642,0.00486989610362798,4.422792699187994e-05,0.002679700031876564,0.00403663597535342,0.011632485082373023,30,0.007740203058347106,0.0034909710520878434,0.016101950081065297,True,0.3255630185697353,0.025563018569735307,34.15468192100525
prescribing_a_fair.csv,14,5,2.0,0.3,0.15,0.15,12,792,0.09427355693967958,0.25275344180225284,0.047246558197747146,True,True,,10,5,10,0.21071249649512375,0.2170303706693895,0.0829696293306105,90.33235096931458,True,1,True,True,False,0.0016391560202464461,0.010483906953595579,4.028098192065954e-05,0.015036109020002186,0.004119112971238792,0.029681912972591817,12,0.02010157995391637,0.0038933289470151067,0.03447971190325916,True,0.21702562154204166,0.08297437845795833,90.56474554538727
prescribing_b_fair.csv,13,5,2.0,0.3,0.15,0.15,16,4368,0.1406086147879939,0.4374234016015618,0.0047185800491693075,True,True,,10,5,10,0.36919106916567207,0.3729627959887783,0.0729627959887783,91.57195609807968,True,1,True,True,False,0.0018717380007728934,0.012631456949748099,3.787002060562372e-05,0.016249345033429563,0.004220144939608872,0.03314139798749238,16,0.024610842927359045,0.0037782209692522883,0.041021453915163875,True,0.3726147456546266,0.07261474565462661,92.55432134866714
psyckes_antipsychotic_polypharmacy_quality_indicators_beginning_2012_a_fair.csv,3,5,2.0,0.3,0.15,0.15,16,4368,0.7205368623479478,0.7222266473981862,0.4205368623479478,True,True,,10,5,10,0.7220888415138323,0.7219421718005029,0.4219421718005029,26.958653151988983,True,2,True,True,False,0.001543833059258759,0.00828536506742239,6.004702299833298e-05,0.0026897790376096964,0.003898354945704341,0.01493594201747328,16,0.004273466998711228,0.0032761459005996585,0.01583562314044684,True,0.7213847622227073,0.4213847622227073,32.533622562885284
purchasing_card_a_fair.csv,1,5,2.0,0.3,0.15,0.15,14,2002,0.13447293447293449,0.427293934681182,0.0,True,True,,10,5,10,0.36119990164740595,0.3313811615422157,0.03138116154221571,49.226442754268646,True,2,True,True,False,0.0014274310087785125,0.002221044967882335,3.98330157622695e-05,0.004586391965858638,0.003980761975981295,0.010829549049958587,14,0.006306438008323312,0.0037562670186161995,0.012284290976822376,True,0.3309248554913295,0.030924855491329506,49.32323867082596
report_card_discipline_for_2015_16_a_fair.csv,2,5,2.0,0.3,0.15,0.15,19,11628,0.2877681022601524,0.447325041728727,0.0006092444798856955,True,True,,10,5,10,0.4451235849147963,0.44616311563113553,0.14616311563113554,41.30020618438721,True,1,True,True,False,0.0016657260712236166,0.012939236941747367,4.168401937931776e-05,0.00410785898566246,0.004075626959092915,0.021166759077459574,19,0.007689950987696648,0.003519656020216644,0.024149504955857992,True,0.35611018657237753,0.05611018657237754,42.43440526723862
senior_officials_expenses_a_fair.csv,1,5,2.0,0.3,0.15,0.15,6,6,0.43376318874560377,0.5306122448979592,0.13376318874560378,True,True,,6,5,6,0.4925255704169945,0.5306122448979592,0.23061224489795923,20.554247319698334,False,0,True,True,False,0.0012471640948206186,0.0014333290746435523,4.535075277090073e-06,0.0013589400332421064,0.003130098106339574,0.005928437109105289,6,0.0013634000206366181,0.0027891909703612328,0.005586816114373505,True,0.5306122448979592,0.23061224489795923,20.554247319698334
stockport_contracts_b_fair.csv,15,5,2.0,0.3,0.15,0.15,12,792,0.2945859872611465,0.4338936846887778,0.0007434944237918462,True,True,,10,5,10,0.42015209125475284,0.42727987421383645,0.12727987421383646,87.42447298765182,True,1,True,True,False,0.0015010610222816467,0.0019968210253864527,3.4678028896450996e-05,0.0165659369667992,0.003984019975177944,0.02258287207223475,12,0.019684141036123037,0.004013261990621686,0.025694798096083105,True,0.38483206933911157,0.08483206933911158,89.47741109132767
time_spent_watching_vcr_movies_a_fair.csv,4,5,2.0,0.3,0.15,0.15,7,21,1.0,1.0,0.7,True,True,,7,5,7,1.0,1.0,0.7,20.509933412075043,False,0,True,True,False,0.0011593300150707364,0.0012893060920760036,4.041939973831177e-06,0.0009969850070774555,0.002952963928692043,0.00524466997012496,7,0.0010035900631919503,0.0030447939643636346,0.005338329006917775,True,1.0,0.7,20.509933412075043
tuition_assistance_program_tap_recipients_a_fair.csv,5,5,2.0,0.3,0.15,0.15,16,4368,0.6200561617234105,0.6245965995613239,0.3200561617234105,True,True,,10,5,10,0.6241418942006026,0.6237863060394808,0.32378630603948083,31.81821346282959,True,2,True,True,False,0.0016174089396372437,0.0038242200389504433,4.780909512192011e-05,0.0026910140877589583,0.0041918730130419135,0.010757177020423114,16,0.008229403058066964,0.00409742898773402,0.01615201705135405,True,0.6225595688167666,0.32255956881676656,35.17638337612152
ydn_spending_data_a_fair.csv,1,5,2.0,0.3,0.15,0.15,7,21,0.22521324914146448,0.2530815109343936,0.04691848906560636,True,True,,7,5,7,0.23719331894829376,0.2292915946742555,0.07070840532574449,54.91674071550369,False,0,True,True,False,0.0014678839361295104,0.0014235290000215173,4.1869934648275375e-06,0.004557437961921096,0.0038152390625327826,0.00980189093388617,7,0.0045502670109272,0.003107266966253519,0.009081711992621422,True,0.2292915946742555,0.07070840532574449,54.91674071550369
ydn_spending_data_b_fair.csv,11,5,2.0,0.3,0.15,0.15,10,252,0.37750952986022873,0.4269101184653842,0.07750952986022874,True,True,,10,5,10,0.4038178207674076,0.3930880159124813,0.09308801591248134,55.82540774345398,False,0,True,True,False,0.0014074899954721332,0.0018625750672072172,5.127978511154652e-06,0.00650099606718868,0.0038711520610377192,0.012241489021107554,10,0.006415306008420885,0.0031434890115633607,0.011422079987823963,True,0.3930880159124813,0.09308801591248134,55.82540774345398
