q_table,attr,arm,k,alpha,tau,n_D,pool_size_requested,clamped,feasible,tau_reached,n_P,n_R,n_unionability_computations,F_Q,F_P,F_R,abs_gap_R,sum_U,self_in_D,self_in_R,dinkelbach_ran,dinkelbach_iterations,lp_ran,lp_feasible,lp_decisive,lp_time_s,retrieval_time_s,stage1_time_s,scoring_time_s,stage2_time_s,end_to_end_s,skip_n_scored,skip_scoring_time_s,skip_stage2_time_s,skip_end_to_end_s,skip_feasible,skip_F_R,skip_abs_gap_R,skip_sum_U
Apr17.csv,1,include_self,10,2.0,0.15,151,20,False,False,False,20,0,20,0.034482758620689655,0.052763819095477386,,,,True,False,True,1,True,False,True,0.0026313401758670807,0.04390353406779468,0.00021075713448226452,0.007022484904155135,0.002665660111233592,0.05380365718156099,151,0.0556113300845027,0.0011345131788402796,0.10065019689500332,False,,,
Apr17.csv,1,include_self,10,3.0,0.15,151,30,False,False,False,30,0,30,0.034482758620689655,0.044412607449856735,,,,True,False,True,1,True,False,True,0.0005653719417750835,0.04390353406779468,0.00014786701649427414,0.00893837702460587,0.0005819019861519337,0.053573620272800326,151,0.05062918411567807,0.0010551039595156908,0.09558841306716204,False,,,
Apr17.csv,1,include_self,20,2.0,0.15,151,40,False,False,False,40,0,40,0.034482758620689655,0.03886255924170616,,,,True,False,True,1,True,False,True,0.0005891111213713884,0.04390353406779468,0.00015914812684059143,0.012010589940473437,0.0006059810984879732,0.0566808229777962,151,0.05069973412901163,0.0010270948987454176,0.09563109208829701,False,,,
Apr17.csv,1,include_self,20,3.0,0.15,151,60,False,False,False,60,0,60,0.034482758620689655,0.0316554229372081,,,,True,False,True,1,True,False,True,0.0007165488786995411,0.04390353406779468,0.00014643697068095207,0.017571968026459217,0.0007444389630109072,0.062367858132347465,151,0.050672334153205156,0.0010238150134682655,0.09560057311318815,False,,,
Copy2520of2520Monthly2520Data2520Feed-June25202016.csv,15,include_self,10,2.0,0.15,234,20,False,True,True,20,10,20,1.0,1.0,1.0,0.7,130.59577548503876,True,True,True,1,True,True,False,0.000814537052065134,0.2074070570524782,0.0002783059608191252,0.02979586599394679,0.0031387631315737963,0.24062189203687012,234,0.36193050094880164,0.003125563031062484,0.5724640809930861,True,0.4209466263846928,0.12094662638469283,177.09946358203888
Copy2520of2520Monthly2520Data2520Feed-June25202016.csv,15,include_self,10,3.0,0.15,234,30,False,True,True,30,10,30,1.0,1.0,1.0,0.7,159.1748387813568,True,True,True,1,True,True,False,0.0008625171612948179,0.2074070570524782,0.0002786258701235056,0.045083036879077554,0.0022296279203146696,0.2550000580959022,234,0.35364647512324154,0.003147452836856246,0.5642019459046423,True,0.4209466263846928,0.12094662638469283,177.09946358203888
Copy2520of2520Monthly2520Data2520Feed-June25202016.csv,15,include_self,20,2.0,0.15,234,40,False,True,True,40,20,40,1.0,1.0,1.0,0.7,282.47531139850616,True,True,True,1,True,True,False,0.0009361368138343096,0.2074070570524782,0.00023582600988447666,0.059309306088835,0.0022972850129008293,0.2692599941510707,234,0.35271624894812703,0.0031143329106271267,0.5632384291384369,True,0.4322100313479624,0.1322100313479624,347.91421043872833
Copy2520of2520Monthly2520Data2520Feed-June25202016.csv,15,include_self,20,3.0,0.15,234,60,False,True,True,60,20,60,1.0,1.0,1.0,0.7,288.5720381140709,True,True,True,1,True,True,False,0.0011552120558917522,0.2074070570524782,0.00024110684171319008,0.09761346410959959,0.0028966059908270836,0.30816020513884723,234,0.35408162814565003,0.003139734035357833,0.5646293589379638,True,0.4322100313479624,0.1322100313479624,347.91421043872833
Defra_25k_Apr19_rev.csv,1,include_self,10,2.0,0.15,67,20,False,True,True,20,10,20,0.47785547785547783,0.5680921670527832,0.5999788180470239,0.2999788180470239,132.12439060211182,True,False,True,2,True,True,False,0.0006854590028524399,0.023285452974960208,0.00011291797272861004,0.023384201107546687,0.0018358929082751274,0.048620163928717375,67,0.07900973199866712,0.002592893084511161,0.10488882614299655,True,0.4646796218487395,0.16467962184873952,137.78701239824295
Defra_25k_Apr19_rev.csv,1,include_self,10,3.0,0.15,67,30,False,True,True,30,10,30,0.47785547785547783,0.5381411661551951,0.51308834633778,0.21308834633778,135.05408585071564,True,True,True,2,True,True,False,0.0007524779066443443,0.023285452974960208,0.00011227792128920555,0.03444972704164684,0.0020232389215379953,0.05987255601212382,67,0.07778356014750898,0.0025804920587688684,0.10365013382397592,True,0.4646796218487395,0.16467962184873952,137.78701239824295
Defra_25k_Apr19_rev.csv,1,include_self,20,2.0,0.15,67,40,False,True,True,40,20,40,0.47785547785547783,0.5164403508177847,0.5398246035559827,0.23982460355598273,265.3432321548462,True,True,True,2,True,True,False,0.0008678669109940529,0.023285452974960208,0.00011410797014832497,0.04610873316414654,0.0021944160107523203,0.07170463004149497,67,0.07771642110310495,0.002510181860998273,0.10351270600222051,True,0.4489767013667587,0.14897670136675872,269.6009316444397
Defra_25k_Apr19_rev.csv,1,include_self,20,3.0,0.15,67,60,False,True,True,60,20,60,0.47785547785547783,0.4780951918642751,0.4609608565667802,0.16096085656678022,269.5013848543167,True,True,True,2,True,True,False,0.001110194018110633,0.023285452974960208,0.00011962791904807091,0.06994287599809468,0.002837008098140359,0.09618721599690616,67,0.0778894079849124,0.002571740886196494,0.10374743212014437,True,0.4489767013667587,0.14897670136675872,269.6009316444397
Departmental_Spend_Over_25000_July_2014.csv,0,include_self,10,2.0,0.15,98,20,False,True,True,20,10,20,1.0,1.0,1.0,0.7,132.72249031066895,True,True,True,1,True,True,False,0.0006358309183269739,0.024857828859239817,0.00012675789184868336,0.020626481855288148,0.0018760119564831257,0.047488750889897346,98,0.09786252095364034,0.0028362481389194727,0.12555770692415535,True,0.9170675389647874,0.6170675389647875,134.75991761684418
Departmental_Spend_Over_25000_July_2014.csv,0,include_self,10,3.0,0.15,98,30,False,True,True,30,10,30,1.0,1.0,1.0,0.7,133.7972863316536,True,True,True,1,True,True,False,0.000832567922770977,0.024857828859239817,0.00011796806938946247,0.030459955101832747,0.0020977791864424944,0.057535440661013126,98,0.09460575808770955,0.0027830989565700293,0.1222475457470864,True,0.9170675389647874,0.6170675389647875,134.75991761684418
Departmental_Spend_Over_25000_July_2014.csv,0,include_self,20,2.0,0.15,98,40,False,True,True,40,20,40,1.0,1.0,1.0,0.7,265.0321083664894,True,True,True,1,True,True,False,0.0008297280874103308,0.024857828859239817,0.00011698785237967968,0.040105042047798634,0.0021426270250231028,0.06722449790686369,98,0.0942152130883187,0.002820458961650729,0.1218944110441953,True,0.8179261862917399,0.5179261862917399,267.09903275966644
Departmental_Spend_Over_25000_July_2014.csv,0,include_self,20,3.0,0.15,98,60,False,True,True,60,20,60,1.0,1.0,1.0,0.7,266.58492213487625,True,True,True,1,True,True,False,0.0010286138858646154,0.024857828859239817,0.00012286799028515816,0.059781348099932075,0.002686240943148732,0.08744995575398207,98,0.09494710294529796,0.002762590069323778,0.12256817170418799,True,0.8179261862917399,0.5179261862917399,267.09903275966644
Primary2520Pupils2520with2520Special2520Educational2520Needs25202528SEN25292520-2520Oct25202020.csv,6,include_self,10,2.0,0.15,241,20,False,True,True,20,10,20,0.04597701149425287,0.9995031580383912,0.9996651531018127,0.6996651531018128,66.05516868829727,True,False,True,2,True,True,False,0.0006239111535251141,0.08868874702602625,0.0003539749886840582,0.015443779993802309,0.0018166429363191128,0.10630493401549757,241,0.11552583682350814,0.003262051148340106,0.20747744501568377,True,0.9986130492676432,0.6986130492676432,73.99617278575897
Primary2520Pupils2520with2520Special2520Educational2520Needs25202528SEN25292520-2520Oct25202020.csv,6,include_self,10,3.0,0.15,241,30,False,True,True,30,10,30,0.04597701149425287,0.999256003138004,0.9996566249000267,0.6996566249000267,66.44434458017349,True,False,True,2,True,True,False,0.0006522599142044783,0.08868874702602625,0.0003515239804983139,0.020886918995529413,0.0024967221543192863,0.11242557317018509,241,0.11209948710165918,0.0036551959346979856,0.20444447011686862,True,0.9986130492676432,0.6986130492676432,73.99617278575897
Primary2520Pupils2520with2520Special2520Educational2520Needs25202528SEN25292520-2520Oct25202020.csv,6,include_self,20,2.0,0.15,241,40,False,True,True,40,20,40,0.04597701149425287,0.9989770453232857,0.9994136473056561,0.699413647305656,132.5989244580269,True,False,True,2,True,True,False,0.0007605890277773142,0.08868874702602625,0.0003225649707019329,0.02421843889169395,0.0020676790736615658,0.11529927887022495,241,0.1111304429359734,0.0032415520399808884,0.2030616421252489,True,0.9978456625864822,0.6978456625864822,143.85258847475052
Primary2520Pupils2520with2520Special2520Educational2520Needs25202528SEN25292520-2520Oct25202020.csv,6,include_self,20,3.0,0.15,241,60,False,True,True,60,20,60,0.04597701149425287,0.9981645320301936,0.9992495885528144,0.6992495885528145,136.65186840295792,True,False,True,2,True,True,False,0.0008687768131494522,0.08868874702602625,0.0003341848496347666,0.03141171112656593,0.002414833987131715,0.12285128701478243,241,0.11316397204063833,0.0032295319251716137,0.2050834211986512,True,0.9978456625864822,0.6978456625864822,143.85258847475052
PurchasingCard-April18.csv,0,include_self,10,2.0,0.15,71,20,False,True,True,20,10,20,1.0,1.0,1.0,0.7,96.38951486349106,True,False,True,1,True,True,False,0.0005796321202069521,0.019667814951390028,8.925795555114746e-05,0.011169063160195947,0.0016795459669083357,0.03260726202279329,71,0.03798067313618958,0.002130117965862155,0.059779175790026784,True,0.9981031866464339,0.698103186646434,98.72121316194534
PurchasingCard-April18.csv,0,include_self,10,3.0,0.15,71,30,False,True,True,30,10,30,1.0,1.0,1.0,0.7,97.47798985242844,True,False,True,1,True,True,False,0.0006106910295784473,0.019667814951390028,9.9928118288517e-05,0.0158697129227221,0.0018732610624283552,0.037511948030442,71,0.03696379903703928,0.002114776987582445,0.058747181901708245,True,0.9981031866464339,0.698103186646434,98.72121316194534
PurchasingCard-April18.csv,0,include_self,20,2.0,0.15,71,40,False,True,True,40,20,40,1.0,1.0,1.0,0.7,194.32875353097916,True,False,True,1,True,True,False,0.0007181589026004076,0.019667814951390028,9.825709275901318e-05,0.020930709084495902,0.001918981084600091,0.04261737200431526,71,0.03682848997414112,0.0021009279880672693,0.05859780288301408,True,0.99830220713073,0.6983022071307301,196.34334188699722
PurchasingCard-April18.csv,0,include_self,20,3.0,0.15,71,60,False,True,True,60,20,60,1.0,1.0,1.0,0.7,195.7704525589943,True,True,True,1,True,True,False,0.0008430758025497198,0.019667814951390028,9.28191002458334e-05,0.03121448401361704,0.002393944887444377,0.053370901849120855,71,0.03672719094902277,0.002092677867040038,0.05848825490102172,True,0.99830220713073,0.6983022071307301,196.34334188699722
Sept_2013_-_HMRC_workforce_management_information.csv,36,include_self,10,2.0,0.15,109,20,False,False,False,20,0,20,0.02040816326530612,0.12883435582822086,,,,True,False,True,1,True,False,True,0.0009613859001547098,0.026955849025398493,0.0001460290513932705,0.17197656398639083,0.0009949649684131145,0.20007524616084993,109,0.9330415308941156,0.0012404720764607191,0.9612388429231942,False,,,
Sept_2013_-_HMRC_workforce_management_information.csv,36,include_self,10,3.0,0.15,109,30,False,False,False,30,0,30,0.02040816326530612,0.13901345291479822,,,,True,False,True,1,True,False,True,0.0010256350506097078,0.026955849025398493,0.00019895797595381737,0.2541010689456016,0.0010554438922554255,0.28231354989111423,109,0.9276589418295771,0.0012367309536784887,0.9558524521999061,False,,,
Sept_2013_-_HMRC_workforce_management_information.csv,36,include_self,20,2.0,0.15,109,40,False,False,False,40,0,40,0.02040816326530612,0.14487632508833923,,,,True,False,True,1,True,False,True,0.0010845230426639318,0.026955849025398493,0.00015153689309954643,0.33763139392249286,0.0011171840596944094,0.36585839302279055,109,0.9340904660057276,0.0012198509648442268,0.9622669771779329,False,,,
Sept_2013_-_HMRC_workforce_management_information.csv,36,include_self,20,3.0,0.15,109,60,False,False,False,60,0,60,0.02040816326530612,0.14805825242718446,,,,True,False,True,1,True,False,True,0.0011410231236368418,0.026955849025398493,0.00015300698578357697,0.5097586871124804,0.0011833228636533022,0.5380531151313335,109,0.9294407460838556,0.0012064131442457438,0.9576039670500904,False,,,
SpendoverC2A3500Apr17.csv,2,include_self,10,2.0,0.15,84,20,False,False,False,20,0,20,0.015545395166557806,0.025946729479978257,,,,True,False,True,2,True,False,True,0.0005180309526622295,0.023902683053165674,0.0001272079534828663,0.0062595868948847055,0.000531601021066308,0.03082295903004706,84,0.024952638195827603,0.0008259180467575788,0.04968191892839968,False,,,
SpendoverC2A3500Apr17.csv,2,include_self,10,3.0,0.15,84,30,False,False,False,30,0,30,0.015545395166557806,0.02526042533364396,,,,True,False,True,3,True,False,True,0.0006204810924828053,0.023902683053165674,0.00015076808631420135,0.009624466998502612,0.0006376600358635187,0.03431711788289249,84,0.024089331040158868,0.0008294370491057634,0.048822022043168545,False,,,
SpendoverC2A3500Apr17.csv,2,include_self,20,2.0,0.15,84,40,False,False,False,40,0,40,0.015545395166557806,0.024475082216038453,,,,True,False,True,4,True,False,True,0.0006331109907478094,0.023902683053165674,0.00018607708625495434,0.012254816945642233,0.0006498801521956921,0.036994827911257744,84,0.023579017957672477,0.0007435781881213188,0.04822574998252094,False,,,
SpendoverC2A3500Apr17.csv,2,include_self,20,3.0,0.15,84,60,False,False,False,60,0,60,0.015545395166557806,0.022561875238300482,,,,True,False,True,4,True,False,True,0.0007372188847512007,0.023902683053165674,0.00021005701273679733,0.01841034390963614,0.0007615690119564533,0.04328627418726683,84,0.023526618955656886,0.0007539980579167604,0.04818416107445955,False,,,
UKAEA_Transactions_P08_Nov_2020.csv,1,include_self,10,2.0,0.15,52,20,False,True,True,20,10,20,1.0,1.0,1.0,0.7,73.66267842054367,True,False,True,1,True,True,False,0.0005699920002371073,0.01736054103821516,7.114000618457794e-05,0.007215243065729737,0.0020883989054709673,0.02673716191202402,52,0.018320057075470686,0.0022584458347409964,0.03793967398814857,True,1.0,0.7,76.17694187164307
UKAEA_Transactions_P08_Nov_2020.csv,1,include_self,10,3.0,0.15,52,30,False,True,True,30,10,30,1.0,1.0,1.0,0.7,73.83957815170288,True,False,True,1,True,True,False,0.0005882908590137959,0.01736054103821516,6.335903890430927e-05,0.010535743087530136,0.0017766328528523445,0.02973751723766327,52,0.018070938996970654,0.002078738994896412,0.0375110290478915,True,1.0,0.7,76.17694187164307
UKAEA_Transactions_P08_Nov_2020.csv,1,include_self,20,2.0,0.15,52,40,False,True,True,40,20,40,1.0,1.0,1.0,0.7,148.84976732730865,True,False,True,1,True,True,False,0.0006649910937994719,0.01736054103821516,6.586895324289799e-05,0.013614297145977616,0.001921101938933134,0.03296326915733516,52,0.0176579758990556,0.002103338949382305,0.037122496170923114,True,1.0,0.7,150.28140926361084
UKAEA_Transactions_P08_Nov_2020.csv,1,include_self,20,3.0,0.15,52,60,True,True,True,52,20,52,1.0,0.999989904088844,1.0,0.7,150.28140926361084,True,True,False,0,True,True,False,0.0007418489549309015,0.01736054103821516,6.549060344696045e-06,0.017737755086272955,0.0021072288509458303,0.03721347404643893,52,0.017654416151344776,0.0020797080360352993,0.0370954261161387,True,1.0,0.7,150.28140926361084
V3.1_-_Final__csv__May_2013__25k_Transprncy_rpt.csv,4,include_self,10,2.0,0.15,52,20,False,False,False,20,0,20,0.011730205278592375,0.020734542073454206,,,,True,False,True,1,True,False,True,0.000612420029938221,0.017370390938594937,6.73891045153141e-05,0.02050666301511228,0.0006301500834524632,0.03857637499459088,52,0.05335962399840355,0.0009984849020838737,0.0717290798202157,False,,,
V3.1_-_Final__csv__May_2013__25k_Transprncy_rpt.csv,4,include_self,10,3.0,0.15,52,30,False,False,False,30,0,30,0.011730205278592375,0.01717962324223932,,,,True,False,True,2,True,False,True,0.0007326290942728519,0.017370390938594937,9.977794252336025e-05,0.03437296790070832,0.0007642388809472322,0.052609285805374384,52,0.05236066784709692,0.0009540161117911339,0.07068567490205169,False,,,
V3.1_-_Final__csv__May_2013__25k_Transprncy_rpt.csv,4,include_self,20,2.0,0.15,52,40,False,False,False,40,0,40,0.011730205278592375,0.014255765199161425,,,,True,False,True,2,True,False,True,0.0008268889505416155,0.017370390938594937,0.00010400800965726376,0.040569063974544406,0.000849877018481493,0.05889595206826925,52,0.052264990052208304,0.0009826060850173235,0.07061882689595222,False,,,
V3.1_-_Final__csv__May_2013__25k_Transprncy_rpt.csv,4,include_self,20,3.0,0.15,52,60,True,False,False,52,0,52,0.011730205278592375,0.011179097072928725,,,,True,False,False,0,True,False,True,0.0009266161359846592,0.017370390938594937,1.1070864275097847e-05,0.05244773696176708,0.0009540058672428131,0.07078507379628718,52,0.05250309593975544,0.0009586960077285767,0.07083302293904126,False,,,
Weekly2520Data252007.12.202520-252013.12.20.csv,7,include_self,10,2.0,0.15,78,20,False,False,False,20,0,20,0.041666666666666664,0.041669368960373564,,,,True,False,True,2,True,False,True,0.0006503399927169085,0.025144024984911084,0.00015161698684096336,0.02330078207887709,0.0006672509480267763,0.049265524838119745,78,0.08515661000274122,0.0010959829669445753,0.11139741889201105,False,,,
Weekly2520Data252007.12.202520-252013.12.20.csv,7,include_self,10,3.0,0.15,78,30,False,False,False,30,0,30,0.041666666666666664,0.041668703260178894,,,,True,False,True,2,True,False,True,0.0007582490798085928,0.025144024984911084,0.0001495969481766224,0.03478007088415325,0.0007802089676260948,0.06085603218525648,78,0.08485899399966002,0.0010968539863824844,0.11110079195350409,False,,,
Weekly2520Data252007.12.202520-252013.12.20.csv,7,include_self,20,2.0,0.15,78,40,False,False,False,40,0,40,0.041666666666666664,0.04166825875969585,,,,True,False,True,2,True,False,True,0.0008629870135337114,0.025144024984911084,0.00015445798635482788,0.045852795941755176,0.0008881159592419863,0.07204171596094966,78,0.08472878579050303,0.0010681240819394588,0.11094168503768742,False,,,
Weekly2520Data252007.12.202520-252013.12.20.csv,7,include_self,20,3.0,0.15,78,60,False,False,False,60,0,60,0.041666666666666664,0.041667246635023594,,,,True,False,True,2,True,False,True,0.0010360439773648977,0.025144024984911084,0.00016980688087642193,0.06877984385937452,0.0010671529453247786,0.095163389807567,78,0.08454249892383814,0.0010768149513751268,0.11076440894976258,False,,,
amo-ame-2007-eng.csv,2,include_self,10,2.0,0.15,61,20,False,False,False,20,0,20,0.028717789506364482,0.07488754634596202,,,,True,False,True,3,True,False,True,0.0005281821358948946,0.024753250880166888,0.00014860695227980614,0.008850578218698502,0.0005524719599634409,0.03430686891078949,61,0.02578648505732417,0.0009321060497313738,0.05147273186594248,False,,,
amo-ame-2007-eng.csv,2,include_self,10,3.0,0.15,61,30,False,False,False,30,0,30,0.028717789506364482,0.07418536444932256,,,,True,False,True,2,True,False,True,0.000573070952668786,0.024753250880166888,0.00010154815390706062,0.013061144156381488,0.0005896419752389193,0.03850724594667554,61,0.025079796090722084,0.0007919881027191877,0.0506254849024117,False,,,
amo-ame-2007-eng.csv,2,include_self,20,2.0,0.15,61,40,False,False,False,40,0,40,0.028717789506364482,0.07224954487405919,,,,True,False,True,2,True,False,True,0.0006724700797349215,0.024753250880166888,0.00012225797399878502,0.016853837994858623,0.0006904290057718754,0.042421016842126846,61,0.024761551059782505,0.0008020380046218634,0.05031738989055157,False,,,
amo-ame-2007-eng.csv,2,include_self,20,3.0,0.15,61,60,False,False,False,60,0,60,0.028717789506364482,0.05055959522735174,,,,True,False,True,2,True,False,True,0.0008164278697222471,0.024753250880166888,0.00012270919978618622,0.028472984908148646,0.0008427971042692661,0.054193991934880614,61,0.024851179914548993,0.0007900779601186514,0.05039500794373453,False,,,
british-transport-police-authority__31-03-2015__dft_310315-BTPA-Organogram-ver-1-senior.csv,18,include_self,10,2.0,0.15,178,20,False,True,True,20,10,20,1.0,1.0,1.0,0.7,162.9696200489998,True,False,True,1,True,True,False,0.000769427977502346,0.03887203894555569,0.00020162807777523994,0.03745568194426596,0.0022479661274701357,0.07877915306016803,178,0.33134657703340054,0.003094094106927514,0.3733135787770152,True,1.0,0.7,183.80095672607422
british-transport-police-authority__31-03-2015__dft_310315-BTPA-Organogram-ver-1-senior.csv,18,include_self,10,3.0,0.15,178,30,False,True,True,30,10,30,1.0,1.0,1.0,0.7,164.7092376947403,True,False,True,1,True,True,False,0.0008733968716114759,0.03887203894555569,0.00024325703270733356,0.0550304080825299,0.002266037045046687,0.09641337115317583,178,0.3279368691146374,0.0031126439571380615,0.3699224619194865,True,1.0,0.7,183.80095672607422
british-transport-police-authority__31-03-2015__dft_310315-BTPA-Organogram-ver-1-senior.csv,18,include_self,20,2.0,0.15,178,40,False,True,True,40,20,40,1.0,1.0,1.0,0.7,326.5236828327179,True,False,True,1,True,True,False,0.001030683983117342,0.03887203894555569,0.00020637689158320427,0.07367184106260538,0.002464352874085307,0.11521697998978198,178,0.330716366879642,0.0030498038977384567,0.3726392509415746,True,1.0,0.7,359.59011286497116
british-transport-police-authority__31-03-2015__dft_310315-BTPA-Organogram-ver-1-senior.csv,18,include_self,20,3.0,0.15,178,60,False,True,True,60,20,60,1.0,1.0,1.0,0.7,334.0874499678612,True,False,True,1,True,True,False,0.0011603119783103466,0.03887203894555569,0.00026061595417559147,0.11063180095516145,0.002782807918265462,0.1525491529610008,178,0.32834634208120406,0.0030343548860400915,0.37025373592041433,True,1.0,0.7,359.59011286497116
department-for-transport__31-03-2012__dft_DfT-Transparency-Final-Return-31-03-12-junior.csv,9,include_self,10,2.0,0.15,192,20,False,True,True,20,10,20,0.45857418111753373,0.5776330076004343,0.5827067669172933,0.2827067669172933,90.52751129865646,True,False,True,3,True,True,False,0.0006058500148355961,0.0365538839250803,0.00034124497324228287,0.01420637802220881,0.001921079820021987,0.053024157881736755,192,0.11027683597058058,0.003127401927486062,0.14995892206206918,True,0.36493166618202966,0.06493166618202967,94.78149199485779
department-for-transport__31-03-2012__dft_DfT-Transparency-Final-Return-31-03-12-junior.csv,9,include_self,10,3.0,0.15,192,30,False,True,True,30,10,30,0.45857418111753373,0.5645620022753128,0.5814910025706941,0.2814910025706941,91.18085616827011,True,False,True,4,True,True,False,0.0006766589358448982,0.0365538839250803,0.0004112438764423132,0.021586997201666236,0.0019850910175591707,0.060538996709510684,192,0.11064748908393085,0.003117114072665572,0.150319678010419,True,0.36493166618202966,0.06493166618202967,94.78149199485779
department-for-transport__31-03-2012__dft_DfT-Transparency-Final-Return-31-03-12-junior.csv,9,include_self,20,2.0,0.15,192,40,False,True,True,40,20,40,0.45857418111753373,0.5482815057283142,0.5620757608933654,0.26207576089336543,176.8486043214798,True,False,True,4,True,True,False,0.0007640488911420107,0.0365538839250803,0.00038055400364100933,0.026891778921708465,0.002133097965270281,0.06596078397706151,192,0.10650083096697927,0.003087643999606371,0.14614314888603985,True,0.34212856383920665,0.042128563839206656,187.89974224567413
department-for-transport__31-03-2012__dft_DfT-Transparency-Final-Return-31-03-12-junior.csv,9,include_self,20,3.0,0.15,192,60,False,True,True,60,20,60,0.45857418111753373,0.48870741355110375,0.4897913394660085,0.1897913394660085,183.41677075624466,True,True,True,4,True,True,False,0.0008624978363513947,0.0365538839250803,0.0003984940703958273,0.03736479301005602,0.0023707549553364515,0.07668960490263999,192,0.10761739406734705,0.003134884173050523,0.14730703178793192,True,0.34212856383920665,0.042128563839206656,187.89974224567413
kpi-foi02-01.csv,6,include_self,10,2.0,0.15,110,20,False,True,True,20,10,20,0.06666666666666667,0.2924634420697413,0.19298245614035087,0.10701754385964912,66.05448949337006,True,False,True,2,True,True,False,0.0005521508865058422,0.024129341123625636,0.00017581810243427753,0.006989866029471159,0.0021736070048063993,0.03347035218030214,110,0.03859962406568229,0.004407133907079697,0.06713662017136812,True,0.26918671248568155,0.030813287514318444,72.5087286233902
kpi-foi02-01.csv,6,include_self,10,3.0,0.15,110,30,False,True,True,30,10,30,0.06666666666666667,0.24411508282476024,0.15057915057915058,0.1494208494208494,70.8504991531372,True,False,True,2,True,True,False,0.0005971801001578569,0.024129341123625636,0.00018807686865329742,0.00996051193214953,0.0035387370735406876,0.03781824605539441,110,0.03694913908839226,0.004343434935435653,0.06542288511991501,True,0.26918671248568155,0.030813287514318444,72.5087286233902
kpi-foi02-01.csv,6,include_self,20,2.0,0.15,110,40,False,True,True,40,20,40,0.06666666666666667,0.21321961620469082,0.24154589371980675,0.058454106280193235,141.30507439374924,True,False,True,2,True,True,False,0.0006576001178473234,0.024129341123625636,0.00018924707546830177,0.013265592977404594,0.0023101859260350466,0.03989587724208832,110,0.038512853905558586,0.003406799864023924,0.06604964518919587,True,0.2042755344418052,0.09572446555819478,147.46137607097626
kpi-foi02-01.csv,6,include_self,20,3.0,0.15,110,60,False,True,True,60,20,60,0.06666666666666667,0.17418032786885246,0.22841726618705036,0.07158273381294963,146.6345535516739,True,True,True,2,True,True,False,0.00073396903462708,0.024129341123625636,0.00018353713676333427,0.020025901962071657,0.002225506817921996,0.046565717086195946,110,0.0368704900611192,0.003334050066769123,0.0643349310848862,True,0.2042755344418052,0.09572446555819478,147.46137607097626
office-of-rail-regulation__31-03-2014__orr_310314-ORR-Organogram-ver1_-senior.csv,2,include_self,10,2.0,0.15,173,20,False,True,True,20,10,20,0.47368421052631576,0.9111111111111111,0.8492063492063492,0.5492063492063493,163.46758544445038,True,False,True,2,True,True,False,0.0007796979043632746,0.02980609517544508,0.00026419595815241337,0.036973848938941956,0.002074209041893482,0.06911998800933361,173,0.32131912698969245,0.003052024869248271,0.35417812620289624,True,0.4074074074074074,0.1074074074074074,177.99007976055145
office-of-rail-regulation__31-03-2014__orr_310314-ORR-Organogram-ver1_-senior.csv,2,include_self,10,3.0,0.15,173,30,False,True,True,30,10,30,0.47368421052631576,0.8448844884488449,0.5645161290322581,0.26451612903225813,165.9787564277649,True,False,True,2,True,True,False,0.0009062471799552441,0.02980609517544508,0.0002885269932448864,0.05506007792428136,0.0023046459536999464,0.08746088505722582,173,0.3166164380963892,0.0030180560424923897,0.349441277096048,True,0.4074074074074074,0.1074074074074074,177.99007976055145
office-of-rail-regulation__31-03-2014__orr_310314-ORR-Organogram-ver1_-senior.csv,2,include_self,20,2.0,0.15,173,40,False,True,True,40,20,40,0.47368421052631576,0.7755102040816326,0.7687861271676301,0.4687861271676301,327.36681139469147,True,False,True,2,True,True,False,0.001052074134349823,0.02980609517544508,0.000253146979957819,0.07326408592052758,0.0025357319973409176,0.10586078022606671,173,0.31710533890873194,0.0029895161278545856,0.3499020109884441,True,0.3630769230769231,0.06307692307692309,349.7296714782715
office-of-rail-regulation__31-03-2014__orr_310314-ORR-Organogram-ver1_-senior.csv,2,include_self,20,3.0,0.15,173,60,False,True,True,60,20,60,0.47368421052631576,0.6761229314420804,0.6783216783216783,0.37832167832167835,329.2753419280052,True,False,True,4,True,True,False,0.0011467731092125177,0.02980609517544508,0.0003969839308410883,0.11002552811987698,0.00280489819124341,0.143035096116364,173,0.32093021320179105,0.0030057160183787346,0.3537428821437061,True,0.3630769230769231,0.06307692307692309,349.7296714782715
pocatc-pdrclsl-2016-eng.csv,4,include_self,10,2.0,0.15,76,20,False,False,False,20,0,20,0.012048192771084338,0.07685240479581056,,,,True,False,True,3,True,False,True,0.0005468709859997034,0.02248275396414101,0.00014457781799137592,0.008844678057357669,0.0005623020697385073,0.032035782001912594,76,0.03278978983871639,0.0008024289272725582,0.05607552407309413,False,,,
pocatc-pdrclsl-2016-eng.csv,4,include_self,10,3.0,0.15,76,30,False,False,False,30,0,30,0.012048192771084338,0.07521111893033075,,,,True,False,True,4,True,False,True,0.0005777319893240929,0.02248275396414101,0.0002046071458607912,0.012604580959305167,0.0005943910218775272,0.035887834848836064,76,0.03235451807267964,0.0007759190630167723,0.05561374011449516,False,,,
pocatc-pdrclsl-2016-eng.csv,4,include_self,20,2.0,0.15,76,40,False,False,False,40,0,40,0.012048192771084338,0.07239574680179432,,,,True,False,True,4,True,False,True,0.0006298099178820848,0.02248275396414101,0.00018061697483062744,0.016456034034490585,0.0006499399896711111,0.03977143601514399,76,0.03241569688543677,0.0007481388747692108,0.055654670111835,False,,,
pocatc-pdrclsl-2016-eng.csv,4,include_self,20,3.0,0.15,76,60,False,False,False,60,0,60,0.012048192771084338,0.058783794156930774,,,,True,False,True,3,True,False,True,0.0007248488254845142,0.02248275396414101,0.00018357695080339909,0.02541623217985034,0.0007529580034315586,0.04883746104314923,76,0.03230819781310856,0.0007887789979577065,0.05558062996715307,False,,,
purchasing-card-spend-jul2015.csv,5,include_self,10,2.0,0.15,69,20,False,True,True,20,10,20,0.2824427480916031,0.33277560884922847,0.3246884472886494,0.024688447288649384,96.76026833057404,True,False,True,2,True,True,False,0.0005561611615121365,0.019288951996713877,0.00011083809658885002,0.010594672057777643,0.0018568129744380713,0.03185304393991828,69,0.036250218050554395,0.001986740855500102,0.05752666085027158,True,0.28501787455313615,0.014982125446863837,97.84060573577881
purchasing-card-spend-jul2015.csv,5,include_self,10,3.0,0.15,69,30,False,True,True,30,10,30,0.2824427480916031,0.3180873180873181,0.305287662121716,0.005287662121715997,97.49367034435272,True,True,True,2,True,True,False,0.0006100218743085861,0.019288951996713877,0.00010326807387173176,0.015685416059568524,0.0017864520195871592,0.0368658690713346,69,0.036478275898844004,0.001988750882446766,0.05775657878257334,True,0.28501787455313615,0.014982125446863837,97.84060573577881
purchasing-card-spend-jul2015.csv,5,include_self,20,2.0,0.15,69,40,False,True,True,40,20,40,0.2824427480916031,0.30434782608695654,0.30206112295664533,0.002061122956645345,193.92763137817383,True,True,True,2,True,True,False,0.0007511279545724392,0.019288951996713877,0.0001051479484885931,0.021356821060180664,0.0019870500545948744,0.04273978201672435,69,0.036397956777364016,0.001996711129322648,0.05768413911573589,True,0.29236401673640167,0.007635983263598323,194.529923081398
purchasing-card-spend-jul2015.csv,5,include_self,20,3.0,0.15,69,60,False,True,True,60,20,60,0.2824427480916031,0.26926829268292685,0.29236401673640167,0.007635983263598323,194.529923081398,True,True,True,2,True,True,False,0.0007985190022736788,0.019288951996713877,0.0001158188097178936,0.0315574889536947,0.0022073870059102774,0.053171437000855803,69,0.03613599995151162,0.00200286996550858,0.057428342988714576,True,0.29236401673640167,0.007635983263598323,194.529923081398
trinity-house__30-09-2012__dft_Trinity-House-Final-Return-junior.csv,9,include_self,10,2.0,0.15,269,20,False,True,True,20,10,20,0.5193798449612403,0.8807116862110796,0.8368421052631579,0.536842105263158,90.19005006551743,True,False,True,3,True,True,False,0.0005970520433038473,0.044619725085794926,0.0004215729422867298,0.012543641962110996,0.0018248830456286669,0.05941137415356934,269,0.17640743893571198,0.0034341788850724697,0.22446231311187148,True,0.5303558967201675,0.23035589672016749,97.82919806241989
trinity-house__30-09-2012__dft_Trinity-House-Final-Return-junior.csv,9,include_self,10,3.0,0.15,269,30,False,True,True,30,10,30,0.5193798449612403,0.8782684485764091,0.8368421052631579,0.536842105263158,90.19005006551743,True,False,True,4,True,True,False,0.0006798398680984974,0.044619725085794926,0.000554421916604042,0.020899948198348284,0.0019119719509035349,0.06798782688565552,269,0.1800329138059169,0.0033912700600922108,0.22804479906335473,True,0.5303558967201675,0.23035589672016749,97.82919806241989
trinity-house__30-09-2012__dft_Trinity-House-Final-Return-junior.csv,9,include_self,20,2.0,0.15,269,40,False,True,True,40,20,40,0.5193798449612403,0.8747456477503956,0.8789473684210526,0.5789473684210527,175.66272324323654,True,False,True,3,True,True,False,0.0007706580217927694,0.044619725085794926,0.00046258396469056606,0.028832540148869157,0.002079728990793228,0.07599687692709267,269,0.17493404005654156,0.003359680064022541,0.22291418514214456,True,0.502132196162047,0.20213219616204697,190.60995721817017
trinity-house__30-09-2012__dft_Trinity-House-Final-Return-junior.csv,9,include_self,20,3.0,0.15,269,60,False,True,True,60,20,60,0.5193798449612403,0.8646201413427562,0.8765288293535236,0.5765288293535236,176.1034414768219,True,False,True,4,True,True,False,0.0009429859928786755,0.044619725085794926,0.0005706809461116791,0.04666897305287421,0.0026442508678883314,0.09450542903505266,269,0.17612447286956012,0.0033891990315169096,0.22413421818055212,True,0.502132196162047,0.20213219616204697,190.60995721817017
