benchmark,q_table,attr,k,F_star,delta,tau,n_D,n_subsets,N_Q,n_Q,F_Q,F_min,F_max,F_closest,best_gap,tau_reachable,fstar_bracketed,fstar_within_delta,skipped
santos3,311_calls_historic_data_a_fair.csv,1,3,0.3,0.15,0.15,11,165,74886,170715,0.4386609261049117,0.3168250632790487,0.43837203756232096,0.3168250632790487,0.016825063279048702,True,False,True,
santos3,abandoned_wells_a_fair.csv,6,3,0.3,0.15,0.15,11,165,1169,2719,0.42993747701360796,0.2547216090262448,0.43143152551931574,0.3054515676181563,0.005451567618156294,True,True,True,
santos3,albums_a_fair.csv,4,3,0.3,0.15,0.15,10,120,671,1505,0.44584717607973423,0.15885660731021556,0.4475023862551702,0.29747899159663865,0.0025210084033613356,True,True,True,
santos3,animal_tag_data_a_fair.csv,3,3,0.3,0.15,0.15,8,56,24247,92078,0.26333108885944523,0.1759894420837382,0.2665927376542482,0.2665927376542482,0.03340726234575181,True,False,True,
santos3,animal_tag_data_b_fair.csv,1,3,0.3,0.15,0.15,9,84,5748,13341,0.43085225995052845,0.3292050386366042,0.43333270102623445,0.3292050386366042,0.02920503863660423,True,False,True,
santos3,biodiversity_a_fair.csv,6,3,0.3,0.15,0.15,2,0,5356,12571,0.42605997931747674,,,,,,,,insufficient_candidates
santos3,business_rates_a_fair.csv,9,3,0.3,0.15,0.15,4,4,3388,8211,0.41261722080136404,0.3369366257986531,0.3793327485950037,0.3369366257986531,0.03693662579865309,True,False,True,
santos3,cdc_nutrition_physical_activity_and_obesity_legislation_a_fair.csv,1,3,0.3,0.15,0.15,12,220,4113,8203,0.5014019261245886,0.494246433650821,0.5026505193293971,0.494246433650821,0.194246433650821,True,False,False,
santos3,cihr_co-applicant_a_fair.csv,3,3,0.3,0.15,0.15,8,56,17700,73171,0.24189911303658554,0.14581783194355355,0.23883766886783828,0.23883766886783828,0.06116233113216171,True,False,True,
santos3,cihr_co-applicant_b_fair.csv,2,3,0.3,0.15,0.15,5,10,40722,90231,0.45130830867440236,0.372127162185669,0.43453843692776867,0.372127162185669,0.072127162185669,True,False,True,
santos3,civic_building_locations_a_fair.csv,3,3,0.3,0.15,0.15,6,20,20,45,0.4444444444444444,0.02471315092674316,0.43074324324324326,0.29310344827586204,0.006896551724137945,True,True,True,
santos3,complaint_by_practice_a_fair.csv,0,3,0.3,0.15,0.15,2,0,70116,151941,0.461468596363062,,,,,,,,insufficient_candidates
santos3,complaint_by_practice_b_fair.csv,1,3,0.3,0.15,0.15,5,10,3816,8719,0.4376648698245212,0.05273749026299195,0.36837356192194903,0.28544354544791894,0.014556454552081044,True,True,True,
santos3,contributors_parties_a_fair.csv,2,3,0.3,0.15,0.15,17,680,18064,44751,0.4036557842282854,0.28620570241255916,0.41192330736968247,0.3030811693798231,0.003081169379823112,True,True,True,
santos3,contributors_parties_b_fair.csv,0,3,0.3,0.15,0.15,17,680,7293,7293,1.0,1.0,1.0,1.0,0.7,True,False,False,
santos3,data_mill_a_fair.csv,4,3,0.3,0.15,0.15,5,10,16415,37227,0.4409434012947592,0.16467785188065118,0.36911826001288317,0.28324694780707044,0.01675305219292955,True,True,True,
santos3,data_mill_b_fair.csv,3,3,0.3,0.15,0.15,3,1,15809,37634,0.42007227507041506,0.2681722306460767,0.2681722306460767,0.2681722306460767,0.031827769353923285,True,False,True,
santos3,deaths_2012_2018_a_fair.csv,5,3,0.3,0.15,0.15,10,120,603,1138,0.5298769771528998,0.5639991033400583,0.6787750791974657,0.5639991033400583,0.2639991033400583,True,False,False,
santos3,immigration_records_a_fair.csv,2,3,0.3,0.15,0.15,12,220,6148,15042,0.40872224438239596,0.18129585432688058,0.42221469855626226,0.29606057927458085,0.0039394207254191405,True,True,True,
santos3,ipopayments_a_fair.csv,0,3,0.3,0.15,0.15,11,165,1650,1650,1.0,0.9347826086956522,1.0,0.9347826086956522,0.6347826086956523,True,False,False,
santos3,ipopayments_b_fair.csv,2,3,0.3,0.15,0.15,7,35,701,1652,0.42433414043583534,0.3513462976813762,0.4360924683072334,0.3513462976813762,0.05134629768137622,True,False,True,
santos3,job_pay_scales_a_fair.csv,4,3,0.3,0.15,0.15,10,120,93,210,0.44285714285714284,0.23361344537815126,0.43773119605425403,0.2995391705069124,0.0004608294930875667,True,True,True,
santos3,lane_description_a_fair.csv,1,3,0.3,0.15,0.15,8,56,4519,10231,0.4416968038314925,0.02037101391715898,0.43709423087379695,0.30169610071690856,0.0016961007169085662,True,True,True,
santos3,lane_description_b_fair.csv,9,3,0.3,0.15,0.15,4,4,7413,7413,1.0,0.5558424790187217,0.6534097421203439,0.5558424790187217,0.25584247901872176,True,False,False,
santos3,mines_a_fair.csv,5,3,0.3,0.15,0.15,12,220,4056,10065,0.4029806259314456,0.17128113219207713,0.42868650833609045,0.3000874330923592,8.743309235920149e-05,True,True,True,
santos3,mines_b_fair.csv,2,3,0.3,0.15,0.15,4,4,798,1918,0.41605839416058393,0.3157213715764503,0.4160839160839161,0.3157213715764503,0.015721371576450316,True,False,True,
santos3,minister_meetings_a_fair.csv,4,3,0.3,0.15,0.15,8,56,12,26,0.46153846153846156,0.2289156626506024,0.46236559139784944,0.2978723404255319,0.002127659574468088,True,True,True,
santos3,monthly_data_feed_a_fair.csv,11,3,0.3,0.15,0.15,6,20,6720,6720,1.0,1.0,1.0,1.0,0.7,True,False,False,
santos3,monthly_data_feed_b_fair.csv,1,3,0.3,0.15,0.15,4,4,3230,7934,0.407108646332241,0.21377012770682954,0.2896014119723489,0.2896014119723489,0.01039858802765109,True,False,True,
santos3,new_york_city_restaurant_inspection_results_a_fair.csv,6,3,0.3,0.15,0.15,9,84,93174,224259,0.41547496421548297,0.25740844855160666,0.41606858532760455,0.32006351753989054,0.020063517539890552,True,True,True,
santos3,oil_and_gas_summary_production_data_1967_1999_a_fair.csv,2,3,0.3,0.15,0.15,12,220,4906,11214,0.4374888532191903,0.2659474508439186,0.43399881612226227,0.3163664586230314,0.016366458623031432,True,True,True,
santos3,practice_reference_a_fair.csv,6,3,0.3,0.15,0.15,13,286,163,580,0.2810344827586207,0.2546744036105738,0.2954264524103832,0.2954264524103832,0.004573547589616811,True,False,True,
santos3,practice_reference_b_fair.csv,5,3,0.3,0.15,0.15,13,286,264,614,0.42996742671009774,0.30185185185185187,0.4322448979591837,0.30185185185185187,0.0018518518518518823,True,False,True,
santos3,prescribing_a_fair.csv,14,3,0.3,0.15,0.15,5,10,22556,90184,0.25011088441408674,0.18744856219828274,0.2529809209979786,0.2529809209979786,0.0470190790020214,True,False,True,
santos3,prescribing_b_fair.csv,13,3,0.3,0.15,0.15,6,20,41751,94043,0.4439564879895367,0.2426552490450601,0.4282407721835702,0.32535449946420114,0.025354499464201152,True,True,True,
santos3,psyckes_antipsychotic_polypharmacy_quality_indicators_beginning_2012_a_fair.csv,3,3,0.3,0.15,0.15,13,286,108800,150762,0.7216672636340723,0.7207502322607111,0.7220352071041614,0.7207502322607111,0.4207502322607111,True,False,False,
santos3,purchasing_card_a_fair.csv,1,3,0.3,0.15,0.15,10,120,173,414,0.4178743961352657,0.17258464079273328,0.4250159540523293,0.2854877081681205,0.014512291831879465,True,True,True,
santos3,report_card_discipline_for_2015_16_a_fair.csv,2,3,0.3,0.15,0.15,11,165,121730,272079,0.44740681934291143,0.29336026543453064,0.4474272850965614,0.29935506015825414,0.0006449398417458507,True,True,True,
santos3,senior_officials_expenses_a_fair.csv,1,3,0.3,0.15,0.15,5,10,28,67,0.417910447761194,0.4552352048558422,0.5837173579109063,0.4552352048558422,0.1552352048558422,True,False,False,
santos3,stockport_contracts_a_fair.csv,4,3,0.3,0.15,0.15,1,0,459,1042,0.44049904030710174,,,,,,,,insufficient_candidates
santos3,stockport_contracts_b_fair.csv,15,3,0.3,0.15,0.15,4,4,331,811,0.4081381011097411,0.3507382066978754,0.4267578125,0.3507382066978754,0.05073820669787543,True,False,True,
santos3,time_spent_watching_vcr_movies_a_fair.csv,4,3,0.3,0.15,0.15,5,10,1206,1206,1.0,1.0,1.0,1.0,0.7,True,False,False,
santos3,tuition_assistance_program_tap_recipients_a_fair.csv,5,3,0.3,0.15,0.15,14,364,29003,46579,0.6226625732626291,0.6200328033907664,0.6238490394452655,0.6200328033907664,0.3200328033907664,True,False,False,
santos3,wholesale_markets_a_fair.csv,2,3,0.3,0.15,0.15,2,0,41370,102591,0.40325174722928914,,,,,,,,insufficient_candidates
santos3,workforce_management_information_a_fair.csv,20,3,0.3,0.15,0.15,1,0,14,52,0.2692307692307692,,,,,,,,insufficient_candidates
santos3,workforce_management_information_b_fair.csv,17,3,0.3,0.15,0.15,1,0,23,52,0.4423076923076923,,,,,,,,insufficient_candidates
santos3,ydn_spending_data_a_fair.csv,1,3,0.3,0.15,0.15,6,20,501,2039,0.245708680725846,0.21171770972037285,0.2485651817436458,0.2485651817436458,0.05143481825635418,True,False,True,
santos3,ydn_spending_data_b_fair.csv,11,3,0.3,0.15,0.15,6,20,595,1460,0.4075342465753425,0.3633123689727463,0.4265292553191489,0.3633123689727463,0.06331236897274634,True,False,True,
