experiment,config_id,seed,q_table,attr,M_size,k,alpha,F_star,delta,include_query,top_n,adapter_synopsis,adapter_semantic,adapter_overlap,adapter_unionability,lp_precheck,n_sem,n_ovl,n_pair,feasible,infeasibility_cause,error,n_D,n_P,n_R,F_P,F_R,delta_R,sum_U,n_unionability_computations,dinkelbach_iterations_stage1,effective_alpha,ilp_time_s,lp_precheck_ran,lp_feasible,lp_time_s,wall_time_s,gt_size,d_hits,p_hits,r_hits,precision_d,recall_d,precision_p,recall_p,precision_r,recall_r,scoring_time_s
stage1_skip_ablation,two_stage__k10_a1.0,42,311_calls_historic_data_a_fair.csv,1,1,10,1.0,0.3,0.15,True,500,csv,hnsw,inverted_index,pinned_match,True,500,22,22,True,,,22,10,10,0.4366853616125003,0.4366853616125003,-0.13668536161250033,65.52114886045456,10,1,1.0,0.0030102250166237354,True,True,0.001534787006676197,0.02098127594217658,,,,,,,,,,,0.004010830074548721
stage1_skip_ablation,skip_stage1__k10_a1.0,42,311_calls_historic_data_a_fair.csv,1,1,10,1.0,0.3,0.15,True,500,csv,hnsw,inverted_index,pinned_match,True,500,22,22,True,,,22,22,10,0.3550875249855062,0.36098465889680703,-0.06098465889680704,68.59029054641724,22,0,2.2,0.0017349340487271547,True,True,0.0006001309957355261,0.021223152987658978,,,,,,,,,,,0.008538922993466258
stage1_skip_ablation,two_stage__k10_a1.0,42,abandoned_wells_a_fair.csv,6,1,10,1.0,0.3,0.15,True,500,csv,hnsw,inverted_index,pinned_match,True,500,22,19,True,,,19,10,10,0.41039440301376184,0.41039440301376184,-0.11039440301376185,61.703618228435516,10,2,1.0,0.0013209600001573563,True,True,0.0004890919663012028,0.00979157304391265,,,,,,,,,,,0.0034172888845205307
stage1_skip_ablation,skip_stage1__k10_a1.0,42,abandoned_wells_a_fair.csv,6,1,10,1.0,0.3,0.15,True,500,csv,hnsw,inverted_index,pinned_match,True,500,22,19,True,,,19,19,10,0.32069921639541893,0.31583359068248995,-0.015833590682489962,64.23800450563431,19,0,1.9,0.00146209797821939,True,True,0.0005304021760821342,0.011206932133063674,,,,,,,,,,,0.006333515979349613
stage1_skip_ablation,two_stage__k10_a1.0,42,albums_a_fair.csv,4,1,10,1.0,0.3,0.15,True,500,csv,hnsw,inverted_index,pinned_match,True,232,40,11,True,,,11,10,10,0.3353759294960066,0.3353759294960066,-0.0353759294960066,34.29550921916962,10,1,1.0,0.0013040699996054173,True,True,0.00047076307237148285,0.006635041907429695,,,,,,,,,,,0.0015994459390640259
stage1_skip_ablation,skip_stage1__k10_a1.0,42,albums_a_fair.csv,4,1,10,1.0,0.3,0.15,True,500,csv,hnsw,inverted_index,pinned_match,True,232,40,11,True,,,11,11,10,0.3148542999289268,0.2997805413313826,0.00021945866861738939,35.5307657122612,11,0,1.1,0.0013014599680900574,True,True,0.0004658331163227558,0.005264560924842954,,,,,,,,,,,0.0017186549957841635
stage1_skip_ablation,two_stage__k10_a1.0,42,animal_tag_data_a_fair.csv,3,1,10,1.0,0.3,0.15,True,500,csv,hnsw,inverted_index,pinned_match,True,500,21,20,True,,,20,10,10,0.27707407623292246,0.27707407623292246,0.022925923767077527,97.4732226729393,10,1,1.0,0.0014041699469089508,True,True,0.0005008820444345474,0.016189228044822812,,,,,,,,,,,0.00727279088459909
stage1_skip_ablation,skip_stage1__k10_a1.0,42,animal_tag_data_a_fair.csv,3,1,10,1.0,0.3,0.15,True,500,csv,hnsw,inverted_index,pinned_match,True,500,21,20,True,,,20,20,10,0.22461633349964522,0.21808293816324034,0.08191706183675965,113.37411427497864,20,0,2.0,0.0016940641216933727,True,True,0.0005709109827876091,0.02285441802814603,,,,,,,,,,,0.014551821863278747
stage1_skip_ablation,two_stage__k10_a1.0,42,animal_tag_data_b_fair.csv,1,1,10,1.0,0.3,0.15,True,500,csv,hnsw,inverted_index,pinned_match,True,500,24,23,True,,,23,10,10,0.43434841737553664,0.43434841737553664,-0.13434841737553666,98.90945738554001,10,1,1.0,0.0016853550914674997,True,True,0.0005201632156968117,0.015083553036674857,,,,,,,,,,,0.006675780052319169
stage1_skip_ablation,skip_stage1__k10_a1.0,42,animal_tag_data_b_fair.csv,1,1,10,1.0,0.3,0.15,True,500,csv,hnsw,inverted_index,pinned_match,True,500,24,23,True,,,23,23,10,0.38219460956336987,0.3838530757893104,-0.0838530757893104,104.74518549442291,23,0,2.3,0.0016206859145313501,True,True,0.0006427410989999771,0.02394689293578267,,,,,,,,,,,0.015230952063575387
stage1_skip_ablation,two_stage__k10_a1.0,42,biodiversity_a_fair.csv,6,1,10,1.0,0.3,0.15,True,500,csv,hnsw,inverted_index,pinned_match,True,59,2,2,False,insufficient_candidates,,2,0,0,,,,,0,0,1.0,,False,,,0.001896891975775361,,,,,,,,,,,
stage1_skip_ablation,skip_stage1__k10_a1.0,42,biodiversity_a_fair.csv,6,1,10,1.0,0.3,0.15,True,500,csv,hnsw,inverted_index,pinned_match,True,59,2,2,False,insufficient_candidates,,2,0,0,,,,,0,0,1.0,,False,,,0.001135741826146841,,,,,,,,,,,
stage1_skip_ablation,two_stage__k10_a1.0,42,business_rates_a_fair.csv,9,1,10,1.0,0.3,0.15,True,500,csv,hnsw,inverted_index,pinned_match,True,500,24,20,True,,,20,10,10,0.4120079032423851,0.4120079032423851,-0.11200790324238513,252.94922703504562,10,1,1.0,0.0017634839750826359,True,True,0.0006828699260950089,0.04258997389115393,,,,,,,,,,,0.03468522196635604
stage1_skip_ablation,skip_stage1__k10_a1.0,42,business_rates_a_fair.csv,9,1,10,1.0,0.3,0.15,True,500,csv,hnsw,inverted_index,pinned_match,True,500,24,20,True,,,20,20,10,0.337529530880864,0.3450215519965618,-0.045021551996561826,255.21517860889435,20,0,2.0,0.001968950964510441,True,True,0.0008370978757739067,0.07612332212738693,,,,,,,,,,,0.06903885793872178
stage1_skip_ablation,two_stage__k10_a1.0,42,cdc_nutrition_physical_activity_and_obesity_legislation_a_fair.csv,1,1,10,1.0,0.3,0.15,True,500,csv,hnsw,inverted_index,pinned_match,True,500,22,22,True,,,22,10,10,0.5032902084085012,0.5032902084085012,-0.20329020840850126,61.86178022623062,10,1,1.0,0.0013766689226031303,True,True,0.0005061619449406862,0.01095348596572876,,,,,,,,,,,0.0039626609068363905
stage1_skip_ablation,skip_stage1__k10_a1.0,42,cdc_nutrition_physical_activity_and_obesity_legislation_a_fair.csv,1,1,10,1.0,0.3,0.15,True,500,csv,hnsw,inverted_index,pinned_match,True,500,22,22,True,,,22,22,10,0.49963485783530887,0.4995743627048863,-0.19957436270488632,72.50861942768097,22,0,2.2,0.0014790270943194628,True,True,0.0005437920335680246,0.014039040077477694,,,,,,,,,,,0.008389523951336741
stage1_skip_ablation,two_stage__k10_a1.0,42,cihr_co-applicant_a_fair.csv,3,1,10,1.0,0.3,0.15,True,500,csv,hnsw,inverted_index,pinned_match,True,500,24,24,True,,,24,10,10,0.2456056853944178,0.2456056853944178,0.054394314605582195,115.88253790140152,10,2,1.0,0.001450147945433855,True,True,0.0005451131146401167,0.025655885925516486,,,,,,,,,,,0.007473729085177183
stage1_skip_ablation,skip_stage1__k10_a1.0,42,cihr_co-applicant_a_fair.csv,3,1,10,1.0,0.3,0.15,True,500,csv,hnsw,inverted_index,pinned_match,True,500,24,24,True,,,24,24,10,0.19758698835896363,0.19618568973302328,0.10381431026697671,118.28882563114166,24,0,2.4,0.0016481149941682816,True,True,0.0006027307827025652,0.033189082983881235,,,,,,,,,,,0.01781450491398573
stage1_skip_ablation,two_stage__k10_a1.0,42,cihr_co-applicant_b_fair.csv,2,1,10,1.0,0.3,0.15,True,500,csv,hnsw,inverted_index,pinned_match,True,500,13,13,True,,,13,10,10,0.4361989314014601,0.4361989314014601,-0.1361989314014601,106.34386551380157,10,2,1.0,0.001462188083678484,True,True,0.0005283530335873365,0.021493209060281515,,,,,,,,,,,0.006868238095194101
stage1_skip_ablation,skip_stage1__k10_a1.0,42,cihr_co-applicant_b_fair.csv,2,1,10,1.0,0.3,0.15,True,500,csv,hnsw,inverted_index,pinned_match,True,500,13,13,True,,,13,13,10,0.4182334714382468,0.40884084135411436,-0.10884084135411437,107.3097694516182,13,0,1.3,0.0014670670498162508,True,True,0.0005245320498943329,0.0211260539945215,,,,,,,,,,,0.008859887951985002
stage1_skip_ablation,two_stage__k10_a1.0,42,civic_building_locations_a_fair.csv,3,1,10,1.0,0.3,0.15,True,500,csv,hnsw,inverted_index,pinned_match,True,500,18,18,True,,,18,10,10,0.43798306956201694,0.43798306956201694,-0.13798306956201695,139.20223116874695,10,2,1.0,0.0014102389104664326,True,True,0.0004951839800924063,0.01695294608362019,,,,,,,,,,,0.011535035911947489
stage1_skip_ablation,skip_stage1__k10_a1.0,42,civic_building_locations_a_fair.csv,3,1,10,1.0,0.3,0.15,True,500,csv,hnsw,inverted_index,pinned_match,True,500,18,18,True,,,18,18,10,0.2804130364633753,0.284693597142072,0.015306402857928003,147.9909816980362,18,0,1.8,0.0015437370166182518,True,True,0.0005518419202417135,0.02511720499023795,,,,,,,,,,,0.020473754033446312
stage1_skip_ablation,two_stage__k10_a1.0,42,complaint_by_practice_a_fair.csv,0,1,10,1.0,0.3,0.15,True,500,csv,hnsw,inverted_index,pinned_match,True,500,30,8,False,insufficient_candidates,,8,0,0,,,,,0,0,1.0,,False,,,0.008114408003166318,,,,,,,,,,,
stage1_skip_ablation,skip_stage1__k10_a1.0,42,complaint_by_practice_a_fair.csv,0,1,10,1.0,0.3,0.15,True,500,csv,hnsw,inverted_index,pinned_match,True,500,30,8,False,insufficient_candidates,,8,0,0,,,,,0,0,1.0,,False,,,0.006627341033890843,,,,,,,,,,,
stage1_skip_ablation,two_stage__k10_a1.0,42,complaint_by_practice_b_fair.csv,1,1,10,1.0,0.3,0.15,True,500,csv,hnsw,inverted_index,pinned_match,True,500,30,11,True,,,11,10,10,0.27528144557502476,0.27528144557502476,0.024718554424975225,80.81487101316452,10,2,1.0,0.001486168010160327,True,True,0.0005516621749848127,0.014508544001728296,,,,,,,,,,,0.005984190851449966
stage1_skip_ablation,skip_stage1__k10_a1.0,42,complaint_by_practice_b_fair.csv,1,1,10,1.0,0.3,0.15,True,500,csv,hnsw,inverted_index,pinned_match,True,500,30,11,True,,,11,11,10,0.22058355564594276,0.2698184103376494,0.030181589662350572,82.6770167350769,11,0,1.1,0.0013873691204935312,True,True,0.0005052119959145784,0.014454653020948172,,,,,,,,,,,0.006396063836291432
stage1_skip_ablation,two_stage__k10_a1.0,42,contributors_parties_a_fair.csv,2,1,10,1.0,0.3,0.15,True,500,csv,hnsw,inverted_index,pinned_match,True,500,50,40,True,,,32,10,10,0.41566819491077667,0.41566819491077667,-0.11566819491077668,51.53126871585846,10,1,1.0,0.0013735198881477118,True,True,0.00049199303612113,0.01139898900873959,,,,,,,,,,,0.003078003879636526
stage1_skip_ablation,skip_stage1__k10_a1.0,42,contributors_parties_a_fair.csv,2,1,10,1.0,0.3,0.15,True,500,csv,hnsw,inverted_index,pinned_match,True,500,50,40,True,,,32,32,10,0.323883339414199,0.333186446453857,-0.03318644645385699,62.68885391950607,32,0,3.2,0.001584996934980154,True,True,0.000556690851226449,0.017876463010907173,,,,,,,,,,,0.009650985011830926
stage1_skip_ablation,two_stage__k10_a1.0,42,contributors_parties_b_fair.csv,0,1,10,1.0,0.3,0.15,True,500,csv,hnsw,inverted_index,pinned_match,True,500,42,32,True,,,32,10,10,1.0,1.0,-0.7,43.3335143327713,10,1,1.0,0.0013071009889245033,True,True,0.00046989298425614834,0.009467838797718287,,,,,,,,,,,0.0019019709434360266
stage1_skip_ablation,skip_stage1__k10_a1.0,42,contributors_parties_b_fair.csv,0,1,10,1.0,0.3,0.15,True,500,csv,hnsw,inverted_index,pinned_match,True,500,42,32,True,,,32,32,10,1.0,1.0,-0.7,46.62786227464676,32,0,3.2,0.0016029260586947203,True,True,0.0005430921446532011,0.013082063989713788,,,,,,,,,,,0.005543367005884647
stage1_skip_ablation,two_stage__k10_a1.0,42,data_mill_a_fair.csv,4,1,10,1.0,0.3,0.15,True,500,csv,hnsw,inverted_index,pinned_match,True,500,7,7,False,insufficient_candidates,,7,0,0,,,,,0,0,1.0,,False,,,0.004490272141993046,,,,,,,,,,,
stage1_skip_ablation,skip_stage1__k10_a1.0,42,data_mill_a_fair.csv,4,1,10,1.0,0.3,0.15,True,500,csv,hnsw,inverted_index,pinned_match,True,500,7,7,False,insufficient_candidates,,7,0,0,,,,,0,0,1.0,,False,,,0.003434739075601101,,,,,,,,,,,
stage1_skip_ablation,two_stage__k10_a1.0,42,data_mill_b_fair.csv,3,1,10,1.0,0.3,0.15,True,500,csv,hnsw,inverted_index,pinned_match,True,500,22,19,False,stage2_infeasible,,14,10,0,0.12237674803316213,,,,10,2,1.0,0.0005600610747933388,True,False,0.000549261923879385,0.0253140009008348,,,,,,,,,,,0.01892981701530516
stage1_skip_ablation,skip_stage1__k10_a1.0,42,data_mill_b_fair.csv,3,1,10,1.0,0.3,0.15,True,500,csv,hnsw,inverted_index,pinned_match,True,500,22,19,False,stage2_infeasible,,14,14,0,0.08101896528955843,,,,14,0,1.4,0.0005688818637281656,True,False,0.0005554219242185354,0.031993521843105555,,,,,,,,,,,0.025946670910343528
stage1_skip_ablation,two_stage__k10_a1.0,42,deaths_2012_2018_a_fair.csv,5,1,10,1.0,0.3,0.15,True,500,csv,hnsw,inverted_index,pinned_match,True,422,40,40,True,,,22,10,10,0.6973991707500943,0.6973991707500943,-0.3973991707500943,70.51463145017624,10,1,1.0,0.0016215459909290075,True,True,0.00048314291052520275,0.011008745059370995,,,,,,,,,,,0.005178811959922314
stage1_skip_ablation,skip_stage1__k10_a1.0,42,deaths_2012_2018_a_fair.csv,5,1,10,1.0,0.3,0.15,True,500,csv,hnsw,inverted_index,pinned_match,True,422,40,40,True,,,22,22,10,0.6099236641221374,0.6468370016930891,-0.3468370016930891,73.53871881961823,22,0,2.2,0.00153882778249681,True,True,0.0005571611691266298,0.016615361906588078,,,,,,,,,,,0.011400790186598897
stage1_skip_ablation,two_stage__k10_a1.0,42,immigration_records_a_fair.csv,2,1,10,1.0,0.3,0.15,True,500,csv,hnsw,inverted_index,pinned_match,True,407,45,28,True,,,28,10,10,0.42530597903531203,0.42530597903531203,-0.12530597903531204,47.6464421749115,10,1,1.0,0.0013521190267056227,True,True,0.0004917830228805542,0.011463817907497287,,,,,,,,,,,0.0035269372165203094
stage1_skip_ablation,skip_stage1__k10_a1.0,42,immigration_records_a_fair.csv,2,1,10,1.0,0.3,0.15,True,500,csv,hnsw,inverted_index,pinned_match,True,407,45,28,True,,,28,28,10,0.2994933391765532,0.29113950966424973,0.00886049033575026,62.98715162277222,28,0,2.8,0.0014708279632031918,True,True,0.0005510218907147646,0.017555497121065855,,,,,,,,,,,0.010118858888745308
stage1_skip_ablation,two_stage__k10_a1.0,42,ipopayments_a_fair.csv,0,1,10,1.0,0.3,0.15,True,500,csv,hnsw,inverted_index,pinned_match,True,500,30,30,True,,,30,10,10,1.0,1.0,-0.7,81.23563438653946,10,1,1.0,0.0013807388022542,True,True,0.0005107619799673557,0.010780109092593193,,,,,,,,,,,0.004465662874281406
stage1_skip_ablation,skip_stage1__k10_a1.0,42,ipopayments_a_fair.csv,0,1,10,1.0,0.3,0.15,True,500,csv,hnsw,inverted_index,pinned_match,True,500,30,30,True,,,30,30,10,0.9374120374203162,1.0,-0.7,83.81696665287018,30,0,3.0,0.0015495268162339926,True,True,0.0005452320910990238,0.01871546101756394,,,,,,,,,,,0.01295750611461699
stage1_skip_ablation,two_stage__k10_a1.0,42,ipopayments_b_fair.csv,2,1,10,1.0,0.3,0.15,True,500,csv,hnsw,inverted_index,pinned_match,True,500,16,16,True,,,16,10,10,0.4379450361913729,0.4379450361913729,-0.13794503619137294,80.36610251665115,10,1,1.0,0.0012960098683834076,True,True,0.00046754302456974983,0.008721218910068274,,,,,,,,,,,0.004341175081208348
stage1_skip_ablation,skip_stage1__k10_a1.0,42,ipopayments_b_fair.csv,2,1,10,1.0,0.3,0.15,True,500,csv,hnsw,inverted_index,pinned_match,True,500,16,16,True,,,16,16,10,0.4136438334201772,0.4079052845779121,-0.1079052845779121,82.72553932666779,16,0,1.6,0.0014541279524564743,True,True,0.0005209620576351881,0.011220521992072463,,,,,,,,,,,0.006851877085864544
stage1_skip_ablation,two_stage__k10_a1.0,42,job_pay_scales_a_fair.csv,4,1,10,1.0,0.3,0.15,True,500,csv,hnsw,inverted_index,pinned_match,True,500,80,18,True,,,18,10,10,0.4050364357531593,0.4050364357531593,-0.1050364357531593,97.02087724208832,10,2,1.0,0.0013432311825454235,True,True,0.00050014303997159,0.010226236190646887,,,,,,,,,,,0.005349491024389863
stage1_skip_ablation,skip_stage1__k10_a1.0,42,job_pay_scales_a_fair.csv,4,1,10,1.0,0.3,0.15,True,500,csv,hnsw,inverted_index,pinned_match,True,500,80,18,True,,,18,18,10,0.3915175860619366,0.3305739514348786,-0.03057395143487862,98.99793064594269,18,0,1.8,0.001645876094698906,True,True,0.0005405019037425518,0.01432982599362731,,,,,,,,,,,0.009512617951259017
stage1_skip_ablation,two_stage__k10_a1.0,42,lane_description_a_fair.csv,1,1,10,1.0,0.3,0.15,True,500,csv,hnsw,inverted_index,pinned_match,True,500,31,25,True,,,25,10,10,0.4402403211013034,0.4402403211013034,-0.1402403211013034,132.2522521018982,10,2,1.0,0.0015579061582684517,True,True,0.0005677109584212303,0.03417071979492903,,,,,,,,,,,0.010269436985254288
stage1_skip_ablation,skip_stage1__k10_a1.0,42,lane_description_a_fair.csv,1,1,10,1.0,0.3,0.15,True,500,csv,hnsw,inverted_index,pinned_match,True,500,31,25,True,,,25,25,10,0.27190479962716546,0.269015177888276,0.030984822111723986,136.36295175552368,25,0,2.5,0.0018022418953478336,True,True,0.0006749590393155813,0.04786760522983968,,,,,,,,,,,0.025093435076996684
stage1_skip_ablation,two_stage__k10_a1.0,42,lane_description_b_fair.csv,9,1,10,1.0,0.3,0.15,True,500,csv,hnsw,inverted_index,pinned_match,True,500,1165,14,False,insufficient_candidates,,8,0,0,,,,,0,0,1.0,,False,,,0.0031403531320393085,,,,,,,,,,,
stage1_skip_ablation,skip_stage1__k10_a1.0,42,lane_description_b_fair.csv,9,1,10,1.0,0.3,0.15,True,500,csv,hnsw,inverted_index,pinned_match,True,500,1165,14,False,insufficient_candidates,,8,0,0,,,,,0,0,1.0,,False,,,0.002425143960863352,,,,,,,,,,,
stage1_skip_ablation,two_stage__k10_a1.0,42,mines_a_fair.csv,5,1,10,1.0,0.3,0.15,True,500,csv,hnsw,inverted_index,pinned_match,True,500,16,16,True,,,16,10,10,0.42713074779377613,0.42713074779377613,-0.12713074779377614,76.15936517715454,10,1,1.0,0.001407278934493661,True,True,0.0004907038528472185,0.00946105900220573,,,,,,,,,,,0.003550585824996233
stage1_skip_ablation,skip_stage1__k10_a1.0,42,mines_a_fair.csv,5,1,10,1.0,0.3,0.15,True,500,csv,hnsw,inverted_index,pinned_match,True,500,16,16,True,,,16,16,10,0.35698154494999323,0.33195727864372915,-0.03195727864372916,77.79971766471863,16,0,1.6,0.0014116500969976187,True,True,0.0005234710406512022,0.011303369887173176,,,,,,,,,,,0.005543247098103166
stage1_skip_ablation,two_stage__k10_a1.0,42,mines_b_fair.csv,2,1,10,1.0,0.3,0.15,True,500,csv,hnsw,inverted_index,pinned_match,True,500,25,7,False,insufficient_candidates,,6,0,0,,,,,0,0,1.0,,False,,,0.0017586241010576487,,,,,,,,,,,
stage1_skip_ablation,skip_stage1__k10_a1.0,42,mines_b_fair.csv,2,1,10,1.0,0.3,0.15,True,500,csv,hnsw,inverted_index,pinned_match,True,500,25,7,False,insufficient_candidates,,6,0,0,,,,,0,0,1.0,,False,,,0.001498358091339469,,,,,,,,,,,
stage1_skip_ablation,two_stage__k10_a1.0,42,minister_meetings_a_fair.csv,4,1,10,1.0,0.3,0.15,True,500,csv,hnsw,inverted_index,pinned_match,True,500,55,29,False,insufficient_candidates,,9,0,0,,,,,0,0,1.0,,False,,,0.0020097098313272,,,,,,,,,,,
stage1_skip_ablation,skip_stage1__k10_a1.0,42,minister_meetings_a_fair.csv,4,1,10,1.0,0.3,0.15,True,500,csv,hnsw,inverted_index,pinned_match,True,500,55,29,False,insufficient_candidates,,9,0,0,,,,,0,0,1.0,,False,,,0.001806681975722313,,,,,,,,,,,
stage1_skip_ablation,two_stage__k10_a1.0,42,monthly_data_feed_a_fair.csv,11,1,10,1.0,0.3,0.15,True,500,csv,hnsw,inverted_index,pinned_match,True,500,1165,126,True,,,28,10,10,1.0,1.0,-0.7,148.90712797641754,10,1,1.0,0.0016694851219654083,True,True,0.000581751111894846,0.02694386593066156,,,,,,,,,,,0.016827279003337026
stage1_skip_ablation,skip_stage1__k10_a1.0,42,monthly_data_feed_a_fair.csv,11,1,10,1.0,0.3,0.15,True,500,csv,hnsw,inverted_index,pinned_match,True,500,1165,126,True,,,28,28,10,0.8948798700097105,0.6814553990610329,-0.38145539906103293,179.29619371891022,28,0,2.8,0.0018865210004150867,True,True,0.0006929498631507158,0.058882619021460414,,,,,,,,,,,0.04799592308700085
stage1_skip_ablation,two_stage__k10_a1.0,42,monthly_data_feed_b_fair.csv,1,1,10,1.0,0.3,0.15,True,500,csv,hnsw,inverted_index,pinned_match,True,500,24,20,True,,,20,10,10,0.19225915018931425,0.19225915018931425,0.10774084981068574,117.38415277004242,10,2,1.0,0.002266076859086752,True,True,0.000520212110131979,0.019369949819520116,,,,,,,,,,,0.012911886908113956
stage1_skip_ablation,skip_stage1__k10_a1.0,42,monthly_data_feed_b_fair.csv,1,1,10,1.0,0.3,0.15,True,500,csv,hnsw,inverted_index,pinned_match,True,500,24,20,True,,,20,20,10,0.15885645136893056,0.1872323861424679,0.11276761385753209,117.75783550739288,20,0,2.0,0.0016921551432460546,True,True,0.0006220310460776091,0.03203325206413865,,,,,,,,,,,0.026438283966854215
stage1_skip_ablation,two_stage__k10_a1.0,42,new_york_city_restaurant_inspection_results_a_fair.csv,6,1,10,1.0,0.3,0.15,True,500,csv,hnsw,inverted_index,pinned_match,True,500,62,24,True,,,24,10,10,0.417790052755908,0.417790052755908,-0.11779005275590804,68.63632833957672,10,2,1.0,0.0014715481083840132,True,True,0.0005097419489175081,0.020327985985204577,,,,,,,,,,,0.005016064969822764
stage1_skip_ablation,skip_stage1__k10_a1.0,42,new_york_city_restaurant_inspection_results_a_fair.csv,6,1,10,1.0,0.3,0.15,True,500,csv,hnsw,inverted_index,pinned_match,True,500,62,24,True,,,24,24,10,0.31197395400312017,0.32196995206049056,-0.021969952060490572,74.11234140396118,24,0,2.4,0.0015878858976066113,True,True,0.0005909721367061138,0.026563083054497838,,,,,,,,,,,0.01158568705432117
stage1_skip_ablation,two_stage__k10_a1.0,42,oil_and_gas_summary_production_data_1967_1999_a_fair.csv,2,1,10,1.0,0.3,0.15,True,500,csv,hnsw,inverted_index,pinned_match,True,500,44,36,True,,,36,10,10,0.42651601181012944,0.42651601181012944,-0.12651601181012945,72.53525292873383,10,1,1.0,0.0014030099846422672,True,True,0.0004987919237464666,0.012180146994069219,,,,,,,,,,,0.004030999029055238
stage1_skip_ablation,skip_stage1__k10_a1.0,42,oil_and_gas_summary_production_data_1967_1999_a_fair.csv,2,1,10,1.0,0.3,0.15,True,500,csv,hnsw,inverted_index,pinned_match,True,500,44,36,True,,,36,36,10,0.3141132714193448,0.3344712486724321,-0.03447124867243212,77.28633844852448,36,0,3.6,0.0016263059806078672,True,True,0.0005956508684903383,0.022643662057816982,,,,,,,,,,,0.014582152012735605
stage1_skip_ablation,two_stage__k10_a1.0,42,practice_reference_a_fair.csv,6,1,10,1.0,0.3,0.15,True,500,csv,hnsw,inverted_index,pinned_match,True,500,31,30,True,,,30,10,10,0.29187299737838623,0.29187299737838623,0.008127002621613755,75.28191381692886,10,1,1.0,0.0013255400117486715,True,True,0.0004743528552353382,0.00924499100074172,,,,,,,,,,,0.003439028048887849
stage1_skip_ablation,skip_stage1__k10_a1.0,42,practice_reference_a_fair.csv,6,1,10,1.0,0.3,0.15,True,500,csv,hnsw,inverted_index,pinned_match,True,500,31,30,True,,,30,30,10,0.2734072392146387,0.2678102926337033,0.03218970736629667,79.10476684570312,30,0,3.0,0.0015515959821641445,True,True,0.0005442609544843435,0.01629451592452824,,,,,,,,,,,0.010410184971988201
stage1_skip_ablation,two_stage__k10_a1.0,42,practice_reference_b_fair.csv,5,1,10,1.0,0.3,0.15,True,500,csv,hnsw,inverted_index,pinned_match,True,500,30,30,True,,,30,10,10,0.43097497842968074,0.43097497842968074,-0.13097497842968076,66.26151949167252,10,1,1.0,0.0013172200415283442,True,True,0.00047443388029932976,0.008786458056420088,,,,,,,,,,,0.003067373065277934
stage1_skip_ablation,skip_stage1__k10_a1.0,42,practice_reference_b_fair.csv,5,1,10,1.0,0.3,0.15,True,500,csv,hnsw,inverted_index,pinned_match,True,500,30,30,True,,,30,30,10,0.35694296375266527,0.3650763358778626,-0.0650763358778626,67.75350695848465,30,0,3.0,0.0016503441147506237,True,True,0.0005563029553741217,0.0149367970880121,,,,,,,,,,,0.009062875993549824
stage1_skip_ablation,two_stage__k10_a1.0,42,prescribing_a_fair.csv,14,1,10,1.0,0.3,0.15,True,500,csv,hnsw,inverted_index,pinned_match,True,500,70,15,True,,,15,10,10,0.2314551834925981,0.2314551834925981,0.06854481650740188,165.717500269413,10,1,1.0,0.0015920859295874834,True,True,0.0005850119050592184,0.031979062128812075,,,,,,,,,,,0.01817915914580226
stage1_skip_ablation,skip_stage1__k10_a1.0,42,prescribing_a_fair.csv,14,1,10,1.0,0.3,0.15,True,500,csv,hnsw,inverted_index,pinned_match,True,500,70,15,True,,,15,15,10,0.19445384990872844,0.20020226067849003,0.09979773932150995,176.7369620203972,15,0,1.5,0.0017062150873243809,True,True,0.0006346199661493301,0.04065961204469204,,,,,,,,,,,0.02727515180595219
stage1_skip_ablation,two_stage__k10_a1.0,42,prescribing_b_fair.csv,13,1,10,1.0,0.3,0.15,True,500,csv,hnsw,inverted_index,pinned_match,True,500,180,39,True,,,26,10,10,0.43465258809271223,0.43465258809271223,-0.13465258809271224,158.48340040445328,10,2,1.0,0.0016594261396676302,True,True,0.0006120398174971342,0.041422982001677155,,,,,,,,,,,0.01843868405558169
stage1_skip_ablation,skip_stage1__k10_a1.0,42,prescribing_b_fair.csv,13,1,10,1.0,0.3,0.15,True,500,csv,hnsw,inverted_index,pinned_match,True,500,180,39,True,,,26,26,10,0.2971051389972392,0.34484335468283456,-0.04484335468283457,180.28359240293503,26,0,2.6,0.0019063211511820555,True,True,0.0007617280352860689,0.07006005197763443,,,,,,,,,,,0.04754028911702335
stage1_skip_ablation,two_stage__k10_a1.0,42,psyckes_antipsychotic_polypharmacy_quality_indicators_beginning_2012_a_fair.csv,3,1,10,1.0,0.3,0.15,True,500,csv,hnsw,inverted_index,pinned_match,True,500,22,20,True,,,20,10,10,0.7228559189488051,0.7228559189488051,-0.4228559189488051,51.78562945127487,10,2,1.0,0.0013778991997241974,True,True,0.0005187031347304583,0.014626281801611185,,,,,,,,,,,0.003161792876198888
stage1_skip_ablation,skip_stage1__k10_a1.0,42,psyckes_antipsychotic_polypharmacy_quality_indicators_beginning_2012_a_fair.csv,3,1,10,1.0,0.3,0.15,True,500,csv,hnsw,inverted_index,pinned_match,True,500,22,20,True,,,20,20,10,0.721689293103639,0.7213408465810525,-0.4213408465810525,59.65610682964325,20,0,2.0,0.0014737681485712528,True,True,0.0005329311825335026,0.016893466003239155,,,,,,,,,,,0.006189407780766487
stage1_skip_ablation,two_stage__k10_a1.0,42,purchasing_card_a_fair.csv,1,1,10,1.0,0.3,0.15,True,500,csv,hnsw,inverted_index,pinned_match,True,500,26,26,True,,,26,10,10,0.42546523016650345,0.42546523016650345,-0.12546523016650346,96.61396044492722,10,1,1.0,0.0013736700639128685,True,True,0.0005117319524288177,0.011005775071680546,,,,,,,,,,,0.005566606065258384
stage1_skip_ablation,skip_stage1__k10_a1.0,42,purchasing_card_a_fair.csv,1,1,10,1.0,0.3,0.15,True,500,csv,hnsw,inverted_index,pinned_match,True,500,26,26,True,,,26,26,10,0.287743871935968,0.29122521054061395,0.008774789459386034,98.16518497467041,26,0,2.6,0.0014749490655958652,True,True,0.000548612792044878,0.019496908877044916,,,,,,,,,,,0.014304126147180796
stage1_skip_ablation,two_stage__k10_a1.0,42,report_card_discipline_for_2015_16_a_fair.csv,2,1,10,1.0,0.3,0.15,True,500,csv,hnsw,inverted_index,pinned_match,True,500,22,22,True,,,22,10,10,0.4453388709250618,0.4453388709250618,-0.1453388709250618,79.40471345186234,10,1,1.0,0.0014805370010435581,True,True,0.0005438609514385462,0.021373929921537638,,,,,,,,,,,0.004895286867395043
stage1_skip_ablation,skip_stage1__k10_a1.0,42,report_card_discipline_for_2015_16_a_fair.csv,2,1,10,1.0,0.3,0.15,True,500,csv,hnsw,inverted_index,pinned_match,True,500,22,22,True,,,22,22,10,0.3450812367340485,0.3514433601721643,-0.05144336017216433,82.45878320932388,22,0,2.2,0.0015847361646592617,True,True,0.0005981521680951118,0.026956646936014295,,,,,,,,,,,0.01051829312928021
stage1_skip_ablation,two_stage__k10_a1.0,42,senior_officials_expenses_a_fair.csv,1,1,10,1.0,0.3,0.15,True,500,csv,hnsw,inverted_index,pinned_match,True,182,7,6,False,insufficient_candidates,,6,0,0,,,,,0,0,1.0,,False,,,0.0017531828489154577,,,,,,,,,,,
stage1_skip_ablation,skip_stage1__k10_a1.0,42,senior_officials_expenses_a_fair.csv,1,1,10,1.0,0.3,0.15,True,500,csv,hnsw,inverted_index,pinned_match,True,182,7,6,False,insufficient_candidates,,6,0,0,,,,,0,0,1.0,,False,,,0.001330130035057664,,,,,,,,,,,
stage1_skip_ablation,two_stage__k10_a1.0,42,stockport_contracts_a_fair.csv,4,1,10,1.0,0.3,0.15,True,500,csv,hnsw,inverted_index,pinned_match,True,500,1,1,False,insufficient_candidates,,1,0,0,,,,,0,0,1.0,,False,,,0.0013875090517103672,,,,,,,,,,,
stage1_skip_ablation,skip_stage1__k10_a1.0,42,stockport_contracts_a_fair.csv,4,1,10,1.0,0.3,0.15,True,500,csv,hnsw,inverted_index,pinned_match,True,500,1,1,False,insufficient_candidates,,1,0,0,,,,,0,0,1.0,,False,,,0.0007232800126075745,,,,,,,,,,,
stage1_skip_ablation,two_stage__k10_a1.0,42,stockport_contracts_b_fair.csv,15,1,10,1.0,0.3,0.15,True,500,csv,hnsw,inverted_index,pinned_match,True,500,24,22,True,,,22,10,10,0.4297670525875296,0.4297670525875296,-0.12976705258752963,167.06457620859146,10,2,1.0,0.001502936938777566,True,True,0.0005529928021132946,0.024527461966499686,,,,,,,,,,,0.019727214938029647
stage1_skip_ablation,skip_stage1__k10_a1.0,42,stockport_contracts_b_fair.csv,15,1,10,1.0,0.3,0.15,True,500,csv,hnsw,inverted_index,pinned_match,True,500,24,22,True,,,22,22,10,0.3166020109255008,0.3848260750479321,-0.0848260750479321,173.01377940177917,22,0,2.2,0.0017877831123769283,True,True,0.0007037988398224115,0.04868887201882899,,,,,,,,,,,0.04343093000352383
stage1_skip_ablation,two_stage__k10_a1.0,42,time_spent_watching_vcr_movies_a_fair.csv,4,1,10,1.0,0.3,0.15,True,500,csv,hnsw,inverted_index,pinned_match,True,500,14,14,True,,,14,10,10,1.0,1.0,-0.7,34.605761766433716,10,1,1.0,0.0013001009356230497,True,True,0.00045867287553846836,0.005895151989534497,,,,,,,,,,,0.0016533939633518457
stage1_skip_ablation,skip_stage1__k10_a1.0,42,time_spent_watching_vcr_movies_a_fair.csv,4,1,10,1.0,0.3,0.15,True,500,csv,hnsw,inverted_index,pinned_match,True,500,14,14,True,,,14,14,10,1.0,1.0,-0.7,37.892574310302734,14,0,1.4,0.0014745669905096292,True,True,0.00047242408618330956,0.006072938907891512,,,,,,,,,,,0.0022568469867110252
stage1_skip_ablation,two_stage__k10_a1.0,42,tuition_assistance_program_tap_recipients_a_fair.csv,5,1,10,1.0,0.3,0.15,True,500,csv,hnsw,inverted_index,pinned_match,True,464,22,22,True,,,22,10,10,0.6241418942006026,0.6241418942006026,-0.32414189420060263,62.87953841686249,10,2,1.0,0.001591626089066267,True,True,0.0004974131006747484,0.010013891151174903,,,,,,,,,,,0.003194341901689768
stage1_skip_ablation,skip_stage1__k10_a1.0,42,tuition_assistance_program_tap_recipients_a_fair.csv,5,1,10,1.0,0.3,0.15,True,500,csv,hnsw,inverted_index,pinned_match,True,464,22,22,True,,,22,22,10,0.6218355948393448,0.622036642427547,-0.322036642427547,66.8981808423996,22,0,2.2,0.0015113879926502705,True,True,0.0005148921627551317,0.013230281881988049,,,,,,,,,,,0.006856338120996952
stage1_skip_ablation,two_stage__k10_a1.0,42,wholesale_markets_a_fair.csv,2,1,10,1.0,0.3,0.15,True,500,csv,hnsw,inverted_index,pinned_match,True,500,2,2,False,insufficient_candidates,,2,0,0,,,,,0,0,1.0,,False,,,0.0038009239360690117,,,,,,,,,,,
stage1_skip_ablation,skip_stage1__k10_a1.0,42,wholesale_markets_a_fair.csv,2,1,10,1.0,0.3,0.15,True,500,csv,hnsw,inverted_index,pinned_match,True,500,2,2,False,insufficient_candidates,,2,0,0,,,,,0,0,1.0,,False,,,0.0034944280050694942,,,,,,,,,,,
stage1_skip_ablation,two_stage__k10_a1.0,42,workforce_management_information_a_fair.csv,20,1,10,1.0,0.3,0.15,True,500,csv,hnsw,inverted_index,pinned_match,True,500,14,7,False,insufficient_candidates,,7,0,0,,,,,0,0,1.0,,False,,,0.002434344030916691,,,,,,,,,,,
stage1_skip_ablation,skip_stage1__k10_a1.0,42,workforce_management_information_a_fair.csv,20,1,10,1.0,0.3,0.15,True,500,csv,hnsw,inverted_index,pinned_match,True,500,14,7,False,insufficient_candidates,,7,0,0,,,,,0,0,1.0,,False,,,0.0013600799720734358,,,,,,,,,,,
stage1_skip_ablation,two_stage__k10_a1.0,42,workforce_management_information_b_fair.csv,17,1,10,1.0,0.3,0.15,True,500,csv,hnsw,inverted_index,pinned_match,True,500,74,20,False,insufficient_candidates,,9,0,0,,,,,0,0,1.0,,False,,,0.0016839439049363136,,,,,,,,,,,
stage1_skip_ablation,skip_stage1__k10_a1.0,42,workforce_management_information_b_fair.csv,17,1,10,1.0,0.3,0.15,True,500,csv,hnsw,inverted_index,pinned_match,True,500,74,20,False,insufficient_candidates,,9,0,0,,,,,0,0,1.0,,False,,,0.0016285160090774298,,,,,,,,,,,
stage1_skip_ablation,two_stage__k10_a1.0,42,ydn_spending_data_a_fair.csv,1,1,10,1.0,0.3,0.15,True,500,csv,hnsw,inverted_index,pinned_match,True,500,13,9,False,insufficient_candidates,,9,0,0,,,,,0,0,1.0,,False,,,0.0021287889685481787,,,,,,,,,,,
stage1_skip_ablation,skip_stage1__k10_a1.0,42,ydn_spending_data_a_fair.csv,1,1,10,1.0,0.3,0.15,True,500,csv,hnsw,inverted_index,pinned_match,True,500,13,9,False,insufficient_candidates,,9,0,0,,,,,0,0,1.0,,False,,,0.0018078729044646025,,,,,,,,,,,
stage1_skip_ablation,two_stage__k10_a1.0,42,ydn_spending_data_b_fair.csv,11,1,10,1.0,0.3,0.15,True,500,csv,hnsw,inverted_index,pinned_match,True,500,13,13,True,,,13,10,10,0.42026512665704163,0.42026512665704163,-0.12026512665704164,102.57281923294067,10,1,1.0,0.0015492669772356749,True,True,0.0005678520537912846,0.011558077996596694,,,,,,,,,,,0.007694134954363108
stage1_skip_ablation,skip_stage1__k10_a1.0,42,ydn_spending_data_b_fair.csv,11,1,10,1.0,0.3,0.15,True,500,csv,hnsw,inverted_index,pinned_match,True,500,13,13,True,,,13,13,10,0.4045107311749727,0.4038178207674076,-0.10381782076740759,105.86804819107056,13,0,1.3,0.0014375781174749136,True,True,0.0005106430035084486,0.013725523836910725,,,,,,,,,,,0.009822332998737693
