experiment,config_id,seed,q_table,attr,M_size,k,alpha,F_star,delta,include_query,certify,top_n,adapter_synopsis,adapter_semantic,adapter_overlap,adapter_unionability,lp_precheck,n_sem,n_ovl,n_pair,feasible,infeasibility_cause,error,n_D,n_P,n_R,F_P,F_R,delta_R,sum_U,n_unionability_computations,dinkelbach_iterations_stage1,dinkelbach_iterations_certify,F_max_k,effective_alpha,certify_time_s,ilp_time_s,lp_precheck_ran,lp_feasible,lp_time_s,wall_time_s
santos_end_to_end,k3_a2,42,311_calls_historic_data_a.csv,1,1,3,2.0,0.3,0.15,True,True,100,csv,hnsw,inverted_index,pinned_match,True,100,11,11,False,intrinsic,,11,0,0,,,,,0,0,1,0.14843326976952234,2.0,2.8800219297409058e-05,,False,,,0.0049260463565588
santos_end_to_end,k3_a2,42,abandoned_wells_a.csv,6,1,3,2.0,0.3,0.15,True,True,100,csv,hnsw,inverted_index,pinned_match,True,100,11,8,True,,,8,6,3,0.17463446689666504,0.1673778389538885,0.1326221610461115,19.530199587345123,6,1,1,0.1798699379249187,2.0,1.601036638021469e-05,0.00850047217682004,True,True,0.004061231855303049,0.01208755699917674
santos_end_to_end,k3_a2,42,albums_a.csv,4,1,3,2.0,0.3,0.15,True,True,100,csv,hnsw,inverted_index,pinned_match,True,100,15,5,False,intrinsic,,5,0,0,,,,,0,0,1,0.0029815146094215863,2.0,1.582130789756775e-05,,False,,,0.001387542113661766
santos_end_to_end,k3_a2,42,animal_tag_data_a.csv,3,1,3,2.0,0.3,0.15,True,True,100,csv,hnsw,inverted_index,pinned_match,True,100,9,6,False,intrinsic,,6,0,0,,,,,0,0,1,0.0005705516644369245,2.0,1.6291160136461258e-05,,False,,,0.002187684178352356
santos_end_to_end,k3_a2,42,animal_tag_data_b.csv,1,1,3,2.0,0.3,0.15,True,True,100,csv,hnsw,inverted_index,pinned_match,True,100,12,9,True,,,9,6,3,0.2434,0.2424,0.057599999999999985,31.505156457424164,6,1,1,0.24405,2.0,1.7810147255659103e-05,0.0027408218011260033,True,True,0.001013095024973154,0.00872372416779399
santos_end_to_end,k3_a2,42,biodiversity_a.csv,6,1,3,2.0,0.3,0.15,True,True,100,csv,hnsw,inverted_index,pinned_match,True,52,1,1,False,insufficient_candidates,,1,0,0,,,,,0,0,0,,2.0,,,False,,,0.0009094439446926117
santos_end_to_end,k3_a2,42,business_rates_a.csv,9,1,3,2.0,0.3,0.15,True,True,100,csv,hnsw,inverted_index,pinned_match,True,100,12,4,True,,,4,4,3,0.23925179671457905,0.23862953315968743,0.061370466840312554,77.19086939096451,4,0,1,0.2402558223723905,1.3333333333333333,1.948140561580658e-05,0.00282458309084177,True,True,0.0011005168780684471,0.020978373009711504
santos_end_to_end,k3_a2,42,cdc_nutrition_physical_activity_and_obesity_legislation_a.csv,1,1,3,2.0,0.3,0.15,True,True,100,csv,hnsw,inverted_index,pinned_match,True,100,11,10,True,,,10,6,3,0.5025117132782688,0.5019692494130122,-0.20196924941301225,21.989594757556915,6,1,1,0.5031245959574193,2.0,2.1890271455049515e-05,0.0029884660616517067,True,True,0.0009899749420583248,0.008572941645979881
santos_end_to_end,k3_a2,42,cihr_co-applicant_a.csv,3,1,3,2.0,0.3,0.15,True,True,100,csv,hnsw,inverted_index,pinned_match,True,100,12,9,False,intrinsic,,9,0,0,,,,,0,0,1,0.06744744529471855,2.0,2.122996374964714e-05,,False,,,0.003433733247220516
santos_end_to_end,k3_a2,42,cihr_co-applicant_b.csv,2,1,3,2.0,0.3,0.15,True,True,100,csv,hnsw,inverted_index,pinned_match,True,100,1,1,False,insufficient_candidates,,1,0,0,,,,,0,0,0,,2.0,,,False,,,0.0008591641671955585
santos_end_to_end,k3_a2,42,civic_building_locations_a.csv,3,1,3,2.0,0.3,0.15,True,True,100,csv,hnsw,inverted_index,pinned_match,True,100,8,6,False,intrinsic,,6,0,0,,,,,0,0,1,0.023255813953488372,2.0,1.4851335436105728e-05,,False,,,0.0011019068770110607
santos_end_to_end,k3_a2,42,complaint_by_practice_a.csv,0,1,3,2.0,0.3,0.15,True,True,100,csv,hnsw,inverted_index,pinned_match,True,100,15,2,False,insufficient_candidates,,2,0,0,,,,,0,0,0,,2.0,,,False,,,0.0022687148302793503
santos_end_to_end,k3_a2,42,complaint_by_practice_b.csv,1,1,3,2.0,0.3,0.15,True,True,100,csv,hnsw,inverted_index,pinned_match,True,100,15,3,False,intrinsic,,3,0,0,,,,,0,0,1,0.01890181238414476,2.0,1.309998333454132e-05,,False,,,0.0015522241592407227
santos_end_to_end,k3_a2,42,contributors_parties_a.csv,2,1,3,2.0,0.3,0.15,True,True,100,csv,hnsw,inverted_index,pinned_match,True,100,25,20,True,,,16,6,3,0.16525800352300457,0.16457262313615906,0.13542737686384093,16.30111837387085,6,1,1,0.16508457944922034,2.0,2.111075446009636e-05,0.0036951969377696514,True,True,0.0009887060150504112,0.00857666227966547
santos_end_to_end,k3_a2,42,contributors_parties_b.csv,0,1,3,2.0,0.3,0.15,True,True,100,csv,hnsw,inverted_index,pinned_match,True,100,21,14,True,,,14,6,3,1.0,1.0,-0.7,13.49062716960907,6,1,1,1.0,2.0,3.292085602879524e-05,0.0032021389342844486,True,True,0.0011745481751859188,0.008851216174662113
santos_end_to_end,k3_a2,42,data_mill_a.csv,4,1,3,2.0,0.3,0.15,True,True,100,csv,hnsw,inverted_index,pinned_match,True,100,3,3,False,intrinsic,,3,0,0,,,,,0,0,1,0.0016442273323007267,2.0,1.7870217561721802e-05,,False,,,0.002171643078327179
santos_end_to_end,k3_a2,42,data_mill_b.csv,3,1,3,2.0,0.3,0.15,True,True,100,csv,hnsw,inverted_index,pinned_match,True,100,14,4,False,insufficient_candidates,,2,0,0,,,,,0,0,0,,2.0,,,False,,,0.0015259338542819023
santos_end_to_end,k3_a2,42,deaths_2012_2018_a.csv,5,1,3,2.0,0.3,0.15,True,True,100,csv,hnsw,inverted_index,pinned_match,True,100,20,17,True,,,9,6,3,0.6659216562757323,0.6198910081743869,-0.3198910081743869,24.19240093231201,6,1,1,0.6771069441582527,2.0,2.2679567337036133e-05,0.0028243539854884148,True,True,0.000891474075615406,0.009346213657408953
santos_end_to_end,k3_a2,42,immigration_records_a.csv,2,1,3,2.0,0.3,0.15,True,True,100,csv,hnsw,inverted_index,pinned_match,True,100,21,10,False,intrinsic,,10,0,0,,,,,0,0,1,0.0004677268475210477,2.0,2.5739893317222595e-05,,False,,,0.0032409504055976868
santos_end_to_end,k3_a2,42,ipopayments_a.csv,0,1,3,2.0,0.3,0.15,True,True,100,csv,hnsw,inverted_index,pinned_match,True,100,15,12,True,,,12,6,3,1.0,1.0,-0.7,25.495085895061493,6,1,1,1.0,2.0,2.7540139853954315e-05,0.002907675225287676,True,True,0.001037956215441227,0.00937913404777646
santos_end_to_end,k3_a2,42,ipopayments_b.csv,2,1,3,2.0,0.3,0.15,True,True,100,csv,hnsw,inverted_index,pinned_match,True,100,1,1,False,insufficient_candidates,,1,0,0,,,,,0,0,0,,2.0,,,False,,,0.000715100672096014
santos_end_to_end,k3_a2,42,job_pay_scales_a.csv,4,1,3,2.0,0.3,0.15,True,True,100,csv,hnsw,inverted_index,pinned_match,True,100,39,8,True,,,8,6,3,0.15148188803512624,0.16472868217054262,0.13527131782945737,29.496160089969635,6,1,1,0.1686046511627907,2.0,2.343021333217621e-05,0.0030281469225883484,True,True,0.0010359562002122402,0.009851791895925999
santos_end_to_end,k3_a2,42,lane_description_a.csv,1,1,3,2.0,0.3,0.15,True,True,100,csv,hnsw,inverted_index,pinned_match,True,100,15,8,False,intrinsic,,8,0,0,,,,,0,0,1,0.05847953216374269,2.0,2.1379906684160233e-05,,False,,,0.010664324276149273
santos_end_to_end,k3_a2,42,lane_description_b.csv,9,1,3,2.0,0.3,0.15,True,True,100,csv,hnsw,inverted_index,pinned_match,True,100,714,6,True,,,3,3,3,0.7190886013249953,0.7190886013249953,-0.4190886013249953,72.47520130872726,3,0,1,0.7190886013249953,1.0,1.2909993529319763e-05,0.0028666239231824875,True,True,0.0010172352194786072,0.014287149999290705
santos_end_to_end,k3_a2,42,mines_a.csv,5,1,3,2.0,0.3,0.15,True,True,100,csv,hnsw,inverted_index,pinned_match,True,100,6,6,False,intrinsic,,6,0,0,,,,,0,0,1,0.06741281547641108,2.0,2.2040214389562607e-05,,False,,,0.00230556633323431
santos_end_to_end,k3_a2,42,mines_b.csv,2,1,3,2.0,0.3,0.15,True,True,100,csv,hnsw,inverted_index,pinned_match,True,100,13,2,False,insufficient_candidates,,2,0,0,,,,,0,0,0,,2.0,,,False,,,0.0008636931888759136
santos_end_to_end,k3_a2,42,minister_meetings_a.csv,4,1,3,2.0,0.3,0.15,True,True,100,csv,hnsw,inverted_index,pinned_match,True,100,40,13,True,,,4,4,3,0.16470588235294117,0.15714285714285714,0.14285714285714285,13.931461215019226,4,0,1,0.21666666666666667,1.3333333333333333,1.7369631677865982e-05,0.003474223893135786,True,True,0.0010508662089705467,0.005592996254563332
santos_end_to_end,k3_a2,42,monthly_data_feed_a.csv,11,1,3,2.0,0.3,0.15,True,True,100,csv,hnsw,inverted_index,pinned_match,True,100,714,29,True,,,6,6,3,0.6083333333333333,1.0,-0.7,55.51334589719772,6,0,1,1.0,2.0,2.1491199731826782e-05,0.0029615359380841255,True,True,0.00107859680429101,0.018780170008540154
santos_end_to_end,k3_a2,42,monthly_data_feed_b.csv,1,1,3,2.0,0.3,0.15,True,True,100,csv,hnsw,inverted_index,pinned_match,True,100,12,5,False,intrinsic,,5,0,0,,,,,0,0,1,0.125,2.0,2.133101224899292e-05,,False,,,0.0017870678566396236
santos_end_to_end,k3_a2,42,new_york_city_restaurant_inspection_results_a.csv,6,1,3,2.0,0.3,0.15,True,True,100,csv,hnsw,inverted_index,pinned_match,True,100,31,8,False,intrinsic,,8,0,0,,,,,0,0,1,0.008066763168803986,2.0,1.6849953681230545e-05,,False,,,0.00774663919582963
santos_end_to_end,k3_a2,42,oil_and_gas_summary_production_data_1967_1999_a.csv,2,1,3,2.0,0.3,0.15,True,True,100,csv,hnsw,inverted_index,pinned_match,True,100,22,11,True,,,11,6,3,0.162953898406673,0.1615685648111173,0.13843143518888268,24.132563173770905,6,1,1,0.16504595710670042,2.0,1.751026138663292e-05,0.0026802211068570614,True,True,0.0009467941708862782,0.007243821397423744
santos_end_to_end,k3_a2,42,practice_reference_a.csv,6,1,3,2.0,0.3,0.15,True,True,100,csv,hnsw,inverted_index,pinned_match,True,100,16,13,True,,,13,6,3,0.2437579348286077,0.2440119760479042,0.05598802395209579,23.347184002399445,6,1,1,0.2446969696969697,2.0,2.1191313862800598e-05,0.002665901090949774,True,True,0.0008968035690486431,0.006847786251455545
santos_end_to_end,k3_a2,42,practice_reference_b.csv,5,1,3,2.0,0.3,0.15,True,True,100,csv,hnsw,inverted_index,pinned_match,True,100,15,13,True,,,13,6,3,0.22829440282062582,0.2280431432973806,0.07195685670261939,20.483887314796448,6,1,1,0.22910216718266255,2.0,2.0720064640045166e-05,0.0026931711472570896,True,True,0.0009286338463425636,0.006422848906368017
santos_end_to_end,k3_a2,42,prescribing_a.csv,14,1,3,2.0,0.3,0.15,True,True,100,csv,hnsw,inverted_index,pinned_match,True,100,38,6,False,intrinsic,,6,0,0,,,,,0,0,1,0.000675,2.0,1.6289763152599335e-05,,False,,,0.002755601890385151
santos_end_to_end,k3_a2,42,prescribing_b.csv,13,1,3,2.0,0.3,0.15,True,True,100,csv,hnsw,inverted_index,pinned_match,True,100,103,9,False,intrinsic,,6,0,0,,,,,0,0,1,0.031841666666666664,2.0,1.545064151287079e-05,,False,,,0.0025467099621891975
santos_end_to_end,k3_a2,42,psyckes_antipsychotic_polypharmacy_quality_indicators_beginning_2012_a.csv,3,1,3,2.0,0.3,0.15,True,True,100,csv,hnsw,inverted_index,pinned_match,True,100,11,9,True,,,9,6,3,0.7222756995386198,0.7218723229690761,-0.4218723229690761,16.09196764230728,6,2,1,0.7223187461541246,2.0,1.8570106476545334e-05,0.0027224021032452583,True,True,0.0009393547661602497,0.010103975888341665
santos_end_to_end,k3_a2,42,purchasing_card_a.csv,1,1,3,2.0,0.3,0.15,True,True,100,csv,hnsw,inverted_index,pinned_match,True,100,13,9,False,intrinsic,,9,0,0,,,,,0,0,1,0.06621961441743504,2.0,1.7529819160699844e-05,,False,,,0.0015585538931190968
santos_end_to_end,k3_a2,42,report_card_discipline_for_2015_16_a.csv,2,1,3,2.0,0.3,0.15,True,True,100,csv,hnsw,inverted_index,pinned_match,True,100,11,11,False,intrinsic,,11,0,0,,,,,0,0,1,0.0429351932577739,2.0,1.8789898604154587e-05,,False,,,0.006283246912062168
santos_end_to_end,k3_a2,42,senior_officials_expenses_a.csv,1,1,3,2.0,0.3,0.15,True,True,100,csv,hnsw,inverted_index,pinned_match,True,100,6,2,False,insufficient_candidates,,2,0,0,,,,,0,0,0,,2.0,,,False,,,0.0006467299535870552
santos_end_to_end,k3_a2,42,stockport_contracts_a.csv,4,1,3,2.0,0.3,0.15,True,True,100,csv,hnsw,inverted_index,pinned_match,True,100,1,1,False,insufficient_candidates,,1,0,0,,,,,0,0,0,,2.0,,,False,,,0.00048827799037098885
santos_end_to_end,k3_a2,42,stockport_contracts_b.csv,15,1,3,2.0,0.3,0.15,True,True,100,csv,hnsw,inverted_index,pinned_match,True,100,11,3,False,intrinsic,,3,0,0,,,,,0,0,1,0.09235880398671097,2.0,1.3650860637426376e-05,,False,,,0.0006881910376250744
santos_end_to_end,k3_a2,42,time_spent_watching_vcr_movies_a.csv,4,1,3,2.0,0.3,0.15,True,True,100,csv,hnsw,inverted_index,pinned_match,True,100,7,7,True,,,7,6,3,1.0,1.0,-0.7,12.181639194488525,6,1,1,1.0,2.0,1.558009535074234e-05,0.002792363055050373,True,True,0.0009449650533497334,0.004956546239554882
santos_end_to_end,k3_a2,42,tuition_assistance_program_tap_recipients_a.csv,5,1,3,2.0,0.3,0.15,True,True,100,csv,hnsw,inverted_index,pinned_match,True,100,11,11,True,,,11,6,3,0.623473798299795,0.6234430568862762,-0.3234430568862762,18.96412354707718,6,2,1,0.6239139966547037,2.0,1.9549857825040817e-05,0.0027860929258167744,True,True,0.0009164139628410339,0.007358004339039326
santos_end_to_end,k3_a2,42,wholesale_markets_a.csv,2,1,3,2.0,0.3,0.15,True,True,100,csv,hnsw,inverted_index,pinned_match,True,100,1,1,False,insufficient_candidates,,1,0,0,,,,,0,0,0,,2.0,,,False,,,0.0014242320321500301
santos_end_to_end,k3_a2,42,workforce_management_information_a.csv,20,1,3,2.0,0.3,0.15,True,True,100,csv,hnsw,inverted_index,pinned_match,True,100,1,1,False,insufficient_candidates,,1,0,0,,,,,0,0,0,,2.0,,,False,,,0.00045755738392472267
santos_end_to_end,k3_a2,42,workforce_management_information_b.csv,17,1,3,2.0,0.3,0.15,True,True,100,csv,hnsw,inverted_index,pinned_match,True,100,31,3,False,insufficient_candidates,,1,0,0,,,,,0,0,0,,2.0,,,False,,,0.0004428066313266754
santos_end_to_end,k3_a2,42,ydn_spending_data_a.csv,1,1,3,2.0,0.3,0.15,True,True,100,csv,hnsw,inverted_index,pinned_match,True,100,1,1,False,insufficient_candidates,,1,0,0,,,,,0,0,0,,2.0,,,False,,,0.0004673381336033344
santos_end_to_end,k3_a2,42,ydn_spending_data_b.csv,11,1,3,2.0,0.3,0.15,True,True,100,csv,hnsw,inverted_index,pinned_match,True,100,1,1,False,insufficient_candidates,,1,0,0,,,,,0,0,0,,2.0,,,False,,,0.0003984556533396244
