F_star,tau,n_feasible,n_total,reach_rate
0.2,0.05000000000000002,276,282,0.9787234042553191
0.25,0.1,264,282,0.9361702127659575
0.3,0.15,240,282,0.851063829787234
0.35,0.19999999999999998,225,282,0.7978723404255319
0.4,0.25,201,282,0.7127659574468085
0.45,0.30000000000000004,180,282,0.6382978723404256
0.5,0.35,174,282,0.6170212765957447
0.55,0.4,168,282,0.5957446808510638
0.6,0.44999999999999996,162,282,0.574468085106383
0.65,0.5,153,282,0.5425531914893617
0.7,0.5499999999999999,150,282,0.5319148936170213
0.75,0.6,150,282,0.5319148936170213
0.8,0.65,141,282,0.5
0.85,0.7,138,282,0.48936170212765956
0.9,0.75,138,282,0.48936170212765956
0.95,0.7999999999999999,138,282,0.48936170212765956
1.0,0.85,138,282,0.48936170212765956
