dataset,q_table,n_D,two_n_scored,two_stage1_s,two_scoring_s,two_lp_s,two_milp_s,two_stage2_s,two_total_s,two_feasible,two_sum_U,two_F_R,skip_n_scored,skip_scoring_s,skip_lp_s,skip_milp_s,skip_stage2_s,skip_total_s,skip_feasible,skip_sum_U,skip_F_R
tier_100k,1_1438042987127.36_20150728002307-00144-ip-10-236-191-2_676020729_0.csv,1511,30,0.0024051908403635025,0.005075343884527683,0.0025948919355869293,0.0014981790445744991,0.004397290758788586,0.011877825483679771,True,44.962229549884796,0.8070175438596491,1511,0.24912115605548024,0.0027052960358560085,0.004396578762680292,0.007571632042527199,0.25669278809800744,True,70.00000059604645,0.2
tier_100k,0_1438042988061.16_20150728002308-00282-ip-10-236-191-2_894007386_3.csv,3770,30,0.004492491018027067,0.001141880638897419,0.001427121926099062,0.00130173796787858,0.0030088559724390507,0.008643227629363537,True,18.196297645568848,0.44,3770,0.11588624585419893,0.00881630415096879,0.044137691147625446,0.053820849396288395,0.16970709525048733,True,19.39209371805191,0.2
tier_100k,0_1438042988458.74_20150728002308-00249-ip-10-236-191-2_328699461_4.csv,3968,30,0.006083127111196518,0.0025908658280968666,0.0012188437394797802,0.0012600761838257313,0.002733407076448202,0.011407400015741587,True,23.295834600925446,0.9384615384615385,3968,0.3230205229483545,0.0073638129979372025,0.0085817058570683,0.01683718990534544,0.3398577128536999,True,30.000001192092896,0.2
tier_100k,1_1438042987127.36_20150728002307-00114-ip-10-236-191-2_902351685_191.csv,3736,30,0.004761290270835161,0.0011325669474899769,0.001270011067390442,0.001152315642684698,0.002728099934756756,0.008621957153081894,True,17.44879376888275,0.4230769230769231,3736,0.10838916478678584,0.008484141901135445,0.031396175269037485,0.040706561878323555,0.1490957266651094,True,19.38507831096649,0.16417910447761194
tier_100k,1_1438042987127.36_20150728002307-00182-ip-10-236-191-2_150862475_5.csv,1966,30,0.001696552149951458,0.016808588057756424,0.0012476970441639423,0.0012802369892597198,0.00276741711422801,0.021272557321935892,True,105.500064432621,0.9940476190476191,1966,0.9729751460254192,0.0036314460448920727,0.008876301813870668,0.013078623916953802,0.986053769942373,True,120.50257575511932,0.6896551724137931
tier_100k,1_1438042987127.36_20150728002307-00000-ip-10-236-191-2_300770320_2.csv,3041,30,0.00582811888307333,0.005203744862228632,0.001231202855706215,0.0011097127571702003,0.002579599153250456,0.013611462898552418,True,37.90502256155014,0.6774193548387096,3041,0.4498681193217635,0.006460234988480806,0.0362432231195271,0.04344183066859841,0.49330994999036193,True,51.9931800365448,0.11337868480725624
tier_100k,1_1438042987127.36_20150728002307-00080-ip-10-236-191-2_899463259_102.csv,3752,30,0.0043642218224704266,0.0011340398341417313,0.00126657634973526,0.0012838300317525864,0.002812744118273258,0.008311005774885416,True,17.590404212474823,0.36666666666666664,3752,0.10673392424359918,0.008583728689700365,0.03619845723733306,0.045641487929970026,0.1523754121735692,True,19.44776940345764,0.1
tier_100k,1_1438042990112.50_20150728002310-00154-ip-10-236-191-2_303864106_21.csv,1790,30,0.0029255528934299946,0.02135080099105835,0.001235548872500658,0.0011457772925496101,0.002641370054334402,0.026917723938822746,True,118.04681450128555,0.7555555555555555,1790,1.1742485966533422,0.0032132077030837536,0.008094965945929289,0.011838830076158047,1.1860874267295003,True,129.37420827150345,0.32727272727272727
tier_100k,0_1438042988458.74_20150728002308-00095-ip-10-236-191-2_520943855_0.csv,1944,30,0.0033047539182007313,0.004882690031081438,0.00122824776917696,0.0011935471557080746,0.0026629315689206123,0.010850375518202782,True,46.79186886548996,0.7916666666666666,1944,0.26443745382130146,0.003540151286870241,0.006679669953882694,0.010766752064228058,0.2752042058855295,True,53.75320506095886,0.2033898305084746
tier_100k,1_1438042987127.36_20150728002307-00145-ip-10-236-191-2_499439925_0.csv,2639,30,0.004630375187844038,0.005671877879649401,0.001180117018520832,0.0010708561167120934,0.0024992497637867928,0.012801502831280231,True,42.48085820674896,0.5679012345679012,2639,0.5258002448827028,0.005082625430077314,0.12700857315212488,0.13285074289888144,0.6586509877815843,True,56.15349406003952,0.100418410041841
tier_100k,1_1438042990112.50_20150728002310-00013-ip-10-236-191-2_321346784_4.csv,3769,30,0.006375449243932962,0.0029931622557342052,0.0012578819878399372,0.0012708422727882862,0.0027832607738673687,0.012151872273534536,True,23.439946711063385,0.9210526315789473,3769,0.3053619870916009,0.0062746210023760796,0.00965324230492115,0.016878340858966112,0.322240327950567,True,29.947916984558105,0.3235294117647059
tier_100k,1_1438042987127.36_20150728002307-00033-ip-10-236-191-2_482136553_0.csv,1616,30,0.001481223851442337,0.001397069077938795,0.0013549667783081532,0.0012384443543851376,0.0028527937829494476,0.00573108671233058,True,14.569699764251709,0.868421052631579,1616,0.06791272386908531,0.002743772231042385,0.005436609033495188,0.008635916281491518,0.07654864015057683,True,16.888010501861572,0.2711864406779661
tier_100k,0_1438042988061.16_20150728002308-00109-ip-10-236-191-2_681611335_21.csv,3403,30,0.007222593761980534,0.005802700761705637,0.0012929337099194527,0.0011984840966761112,0.0027760397642850876,0.015801334287971258,True,49.127420127391815,0.9351851851851852,3403,0.6010820986703038,0.006156515795737505,0.008259248919785023,0.01524817617610097,0.6163302748464048,True,52.85689789056778,0.1214574898785425
tier_100k,0_1438042988061.16_20150728002308-00244-ip-10-236-191-2_65898746_2.csv,1974,30,0.0027783438563346863,0.009290216024965048,0.0012763901613652706,0.0013292878866195679,0.0028647109866142273,0.014933270867913961,True,59.37584334611893,0.7368421052631579,1974,0.41857061674818397,0.0034702392295002937,0.004028454888612032,0.00802398007363081,0.4265945968218148,True,70.00000238418579,0.2
tier_100k,0_1438042988061.16_20150728002308-00215-ip-10-236-191-2_362876303_35.csv,2023,30,0.0038078376092016697,0.00597970187664032,0.0012670569121837616,0.0010991976596415043,0.002598427701741457,0.012385967187583447,True,51.75343298912048,0.3191489361702128,2023,0.35942052816972136,0.00372751010581851,0.0075327432714402676,0.011836745776236057,0.3712572739459574,True,64.98756974935532,0.1388888888888889
tier_100k,1_1438042990112.50_20150728002310-00312-ip-10-236-191-2_3243890_59.csv,1517,30,0.00124060595408082,0.0023111323826014996,0.001275177113711834,0.0012887269258499146,0.002796851098537445,0.006348589435219765,True,31.009752929210663,0.9761904761904762,1517,0.13303021807223558,0.0026684021577239037,0.018249300308525562,0.021391102112829685,0.15442132018506527,True,35.85137456655502,0.2331288343558282
tier_100k,1_1438042990112.50_20150728002310-00085-ip-10-236-191-2_403435483_3.csv,1563,30,0.0014900458045303822,0.0014783088117837906,0.0012492099776864052,0.001171044073998928,0.0026652058586478233,0.005633560474961996,True,17.045522212982178,1.0,1563,0.0644182600080967,0.002659217920154333,0.005162714049220085,0.008287941105663776,0.07270620111376047,True,19.261433601379395,0.9393939393939394
tier_100k,0_1438042988061.16_20150728002308-00194-ip-10-236-191-2_846810834_13.csv,1912,30,0.0035048797726631165,0.013999087270349264,0.0012172129936516285,0.0011040656827390194,0.0025649978779256344,0.020068964920938015,True,70.01199406385422,0.3617021276595745,1912,0.6188325611874461,0.00357796810567379,0.007287109736353159,0.01143429009243846,0.6302668512798846,True,78.40741097927094,0.1076923076923077
tier_100k,1_1438042990112.50_20150728002310-00286-ip-10-236-191-2_318221297_4.csv,3788,30,0.00415790593251586,0.0027543469332158566,0.0012512528337538242,0.0012262347154319286,0.0027280310168862343,0.00964028388261795,True,23.592373549938202,0.9375,3788,0.3063997342251241,0.0065153371542692184,0.008091999683529139,0.015526129398494959,0.3219258636236191,True,29.860341370105743,0.25
tier_100k,1_1438042987127.36_20150728002307-00290-ip-10-236-191-2_407999777_10.csv,1452,30,0.0023561781272292137,0.002774127759039402,0.0012364019639790058,0.0012950869277119637,0.0028240112587809563,0.007954317145049572,True,30.128752887248993,0.7904509283819628,1452,0.1330200619995594,0.0025094347074627876,0.006226418074220419,0.009168074931949377,0.14218813693150878,True,34.28086298704147,0.1083223249669749
tier_100k,0_1438042988458.74_20150728002308-00166-ip-10-236-191-2_302386578_10.csv,2476,30,0.004602354951202869,0.004135733004659414,0.0012647327966988087,0.0011317948810756207,0.0026416308246552944,0.011379718780517578,True,35.40064585208893,0.6305732484076433,2476,0.32520126178860664,0.004664876963943243,0.09202284086495638,0.09746639197692275,0.4226676537655294,True,44.940258502960205,0.1008174386920981
tier_100k,0_1438042988458.74_20150728002308-00253-ip-10-236-191-2_222600153_3.csv,1689,30,0.0027902908623218536,0.023443351034075022,0.0012831110507249832,0.0013507087714970112,0.002915015909820795,0.02914865780621767,True,131.35534596443176,0.45121951219512196,1689,1.2740439837798476,0.0031430143862962723,0.00907181203365326,0.012705793138593435,1.286749776918441,True,146.67750841379166,0.20075757575757575
tier_100k,1_1438042990112.50_20150728002310-00237-ip-10-236-191-2_880298254_15.csv,3741,30,0.004893355071544647,0.001126077026128769,0.0016398057341575623,0.0014139940030872822,0.0033923136070370674,0.009411745704710484,True,17.341802537441254,0.34375,3741,0.11037307092919946,0.008945344015955925,0.038510449696332216,0.048315348103642464,0.15868841903284192,True,19.62790536880493,0.1
tier_100k,0_1438042988061.16_20150728002308-00089-ip-10-236-191-2_807127666_2.csv,2325,30,0.00414635892957449,0.0055123320780694485,0.001230292022228241,0.0013727438636124134,0.002867245115339756,0.012525936122983694,True,47.48051202297211,0.8018867924528302,2325,0.34553914377465844,0.004530508071184158,0.011418365873396397,0.016590495128184557,0.362129638902843,True,57.749644696712494,0.1
tier_100k,0_1438042988458.74_20150728002308-00060-ip-10-236-191-2_492355315_1.csv,1974,30,0.0027245748788118362,0.009104750119149685,0.0012750872410833836,0.0012595453299582005,0.0027861660346388817,0.014615491032600403,True,59.37584334611893,0.7368421052631579,1974,0.41414294159039855,0.0035605216398835182,0.004318553954362869,0.008421699050813913,0.42256464064121246,True,70.00000238418579,0.2
tier_100k,1_1438042990112.50_20150728002310-00296-ip-10-236-191-2_202658094_3.csv,2314,30,0.0032182149589061737,0.003156714141368866,0.0012256461195647717,0.0012850328348577023,0.002780437935143709,0.009155367035418749,True,40.09610289335251,0.8857142857142857,2314,0.26782653108239174,0.004427245818078518,0.008645379915833473,0.013676220085471869,0.2815027511678636,True,45.44836872816086,0.21705426356589147
tier_100k,1_1438042988061.16_20150728002308-00013-ip-10-236-191-2_636339982_0.csv,1974,30,0.0029656309634447098,0.00952904811128974,0.0012663458473980427,0.001265043392777443,0.0027925847098231316,0.015287263784557581,True,59.37584334611893,0.7368421052631579,1974,0.42159875109791756,0.0036135208792984486,0.004199258051812649,0.00836959108710289,0.42996834218502045,True,70.00000238418579,0.2
tier_100k,1_1438042987127.36_20150728002307-00294-ip-10-236-191-2_390417830_16.csv,2679,30,0.0026763221248984337,0.005189104005694389,0.0012649428099393845,0.0012260652147233486,0.0027572219260036945,0.010622648056596518,True,52.124311685562134,0.9943820224719101,2679,0.3701329892501235,0.005376450717449188,0.020826346706598997,0.026862805243581533,0.39699579449370503,True,58.318422853946686,0.7727272727272727
tier_100k,0_1438042988458.74_20150728002308-00254-ip-10-236-191-2_909417374_257.csv,3363,30,0.0037750303745269775,0.0010996488854289055,0.0012812665663659573,0.001373313833028078,0.0029230876825749874,0.0077977669425308704,True,17.497373461723328,0.3548387096774194,3363,0.09814385417848825,0.007259939797222614,0.05579343903809786,0.06390836415812373,0.162052218336612,True,19.564951717853546,0.1
tier_100k,0_1438042988061.16_20150728002308-00101-ip-10-236-191-2_653250037_0.csv,1855,30,0.003099788911640644,0.006052360869944096,0.0012438120320439339,0.0015971041284501553,0.0030658990144729614,0.012218048796057701,True,40.089202761650085,0.8428874734607219,1855,0.34676487976685166,0.00332076707854867,0.00833381898701191,0.012183149345219135,0.3589480291120708,True,47.075315117836,0.1485148514851485
tier_100k,0_1438042988458.74_20150728002308-00046-ip-10-236-191-2_428007644_11.csv,2723,30,0.004823862574994564,0.009013765025883913,0.0013139047659933567,0.0011653658002614975,0.002756121102720499,0.016593748703598976,True,50.45055341720581,0.2181208053691275,2723,0.5346912881359458,0.005234700161963701,0.3697921531274915,0.3759002867154777,0.9105915748514235,True,54.01760023832321,0.12240663900414937
tier_100k,1_1438042987127.36_20150728002307-00290-ip-10-236-191-2_469307566_0.csv,2467,30,0.0034060319885611534,0.021412023808807135,0.0013379310257732868,0.001229188870638609,0.0028428896330296993,0.027660945430397987,True,101.00939041376114,0.46226415094339623,2467,1.2322778729721904,0.00483657093718648,0.16850447189062834,0.17397379921749234,1.4062516721896827,True,119.00384765863419,0.1
tier_100k,1_1438042990112.50_20150728002310-00062-ip-10-236-191-2_896744244_9.csv,3368,30,0.003860906697809696,0.0010777362622320652,0.0012259557843208313,0.0013300091959536076,0.0027989340014755726,0.007737576961517334,True,17.741071045398712,0.39285714285714285,3368,0.10062537901103497,0.007175082340836525,0.02583087608218193,0.03375932481139898,0.13438470382243395,True,19.3473778963089,0.10891089108910891
tier_100k,1_1438042990112.50_20150728002310-00225-ip-10-236-191-2_718036865_0.csv,2083,30,0.0029446901753544807,0.0023697279393672943,0.0012551690451800823,0.0012059756554663181,0.0027009188197553158,0.00801533693447709,True,29.046603620052338,0.9122807017543859,2083,0.17119305301457644,0.003974193707108498,0.020911412313580513,0.025450362358242273,0.1966434153728187,True,39.32585799694061,0.10434782608695652
tier_100k,0_1438042988061.16_20150728002308-00189-ip-10-236-191-2_414087396_10.csv,1593,30,0.0013136938214302063,0.0024502379819750786,0.0013086176477372646,0.001255179289728403,0.002824392169713974,0.006588323973119259,True,32.05988484621048,0.9765625,1593,0.1431082608178258,0.002718676347285509,0.006126780994236469,0.009373438078910112,0.1524816988967359,True,36.01550084352493,0.136986301369863
tier_100k,0_1438042988061.16_20150728002308-00144-ip-10-236-191-2_279381280_30.csv,2986,30,0.006023258902132511,0.0064559392631053925,0.001257271971553564,0.0011227219365537167,0.002617906779050827,0.01509710494428873,True,48.78801608085632,0.6516393442622951,2986,0.6174402367323637,0.0060747647657990456,0.04390764096751809,0.05074047762900591,0.6681807143613696,True,68.31771463155746,0.14381270903010032
tier_100k,1_1438042990112.50_20150728002310-00081-ip-10-236-191-2_890934925_129.csv,3361,30,0.0041102757677435875,0.0011595170944929123,0.0012874258682131767,0.0014086756855249405,0.0029389322735369205,0.00820872513577342,True,18.158505141735077,0.5,3361,0.10259767714887857,0.007262683007866144,0.025901390239596367,0.03393950313329697,0.13653718028217554,True,18.981413662433624,0.44
tier_100k,0_1438042988061.16_20150728002308-00133-ip-10-236-191-2_59742533_2.csv,1763,30,0.0015616333112120628,0.0042772721499204636,0.0013119219802320004,0.0011554709635674953,0.0027105542831122875,0.008549459744244814,True,52.38309347629547,0.9534883720930233,1763,0.23699099477380514,0.003056596964597702,0.012792639899998903,0.01637446414679289,0.25336545892059803,True,68.73070293664932,0.5
tier_100k,1_1438042990112.50_20150728002310-00259-ip-10-236-191-2_889779227_121.csv,3734,30,0.004462787415832281,0.0012469757348299026,0.001261398196220398,0.0012902198359370232,0.0028143362142145634,0.008524099364876747,True,17.905031383037567,0.4230769230769231,3734,0.11058620596304536,0.00846839789301157,0.03146396577358246,0.04079428082332015,0.1513804867863655,True,19.35134208202362,0.15492957746478872
tier_100k,0_1438042988458.74_20150728002308-00262-ip-10-236-191-2_380524338_2.csv,3170,30,0.0033569098450243473,0.0036359140649437904,0.0012540868483483791,0.0013419981114566326,0.0028708111494779587,0.009863635059446096,True,29.634463012218475,0.9735849056603774,3170,0.3085290747694671,0.006801740266382694,0.015618395060300827,0.023223374970257282,0.3317524497397244,True,38.32413852214813,0.1891891891891892
tier_100k,1_1438042987127.36_20150728002307-00027-ip-10-236-191-2_67802697_2.csv,1123,30,0.0011710631661117077,0.006316310726106167,0.001303700264543295,0.0012303912080824375,0.002848717849701643,0.010336091741919518,True,66.8948084115982,0.2,1123,0.23344256076961756,0.0014883540570735931,0.0019899667240679264,0.0038364906795322895,0.23727905144914985,True,70.00000357627869,0.2
tier_100k,0_1438042988458.74_20150728002308-00175-ip-10-236-191-2_385639780_18.csv,2511,30,0.0025354037061333656,0.005009728018194437,0.0014085150323808193,0.00124411191791296,0.002897480968385935,0.010442612692713737,True,54.727201759815216,0.98,2511,0.37046754313632846,0.004960265010595322,0.01931798178702593,0.02492147870361805,0.3953890218399465,True,57.93234586715698,0.4888888888888889
tier_100k,0_1438042988458.74_20150728002308-00303-ip-10-236-191-2_56708567_9.csv,3201,30,0.003261718899011612,0.006050067022442818,0.0012150481343269348,0.0016808188520371914,0.0032654348760843277,0.012577220797538757,True,49.467445611953735,0.9509803921568627,3201,0.5239542699418962,0.006970510818064213,0.017192274797707796,0.024918694980442524,0.5488729649223387,True,58.057851910591125,0.3880597014925373
tier_100k,0_1438042988458.74_20150728002308-00063-ip-10-236-191-2_657101208_1.csv,3107,30,0.003772897180169821,0.009087275248020887,0.0013157487846910954,0.0012504220940172672,0.0028514410369098186,0.015711613465100527,True,61.19083994626999,1.0,3107,0.5332795660942793,0.006599671673029661,0.03596619190648198,0.04331656498834491,0.5765961310826242,True,70.0000011920929,1.0
tier_100k,1_1438042990112.50_20150728002310-00190-ip-10-236-191-2_436521753_9.csv,1623,30,0.0025493139401078224,0.025542980059981346,0.0012718918733298779,0.0012658736668527126,0.0027865958400070667,0.030878889840096235,True,127.83086276054382,0.6216216216216216,1623,1.2438078019768,0.0030202018097043037,0.007208672817796469,0.010731540154665709,1.2545393421314657,True,146.77555173635483,0.23809523809523808
tier_100k,1_1438042987127.36_20150728002307-00214-ip-10-236-191-2_225430488_0.csv,3708,30,0.008165250066667795,0.00474782008677721,0.001318192109465599,0.0013132160529494286,0.00290590338408947,0.015818973537534475,True,42.006687581539154,0.9583333333333334,3708,0.5454137129709125,0.006799288094043732,0.007219379302114248,0.014881503768265247,0.5602952167391777,True,44.28363239765167,0.5691056910569106
tier_100k,0_1438042988061.16_20150728002308-00047-ip-10-236-191-2_843664602_0.csv,2094,30,0.001943517941981554,0.011690098326653242,0.0012368513271212578,0.0013085482642054558,0.0028169220313429832,0.01645053829997778,True,61.4201055765152,0.2932330827067669,2094,0.5744252568110824,0.0038628587499260902,0.07223091600462794,0.07668164791539311,0.6511069047264755,True,66.06599938869476,0.1007905138339921
tier_100k,0_1438042988061.16_20150728002308-00181-ip-10-236-191-2_216538600_0.csv,868,30,0.0008249417878687382,0.004147661384195089,0.0013042809441685677,0.0012199967168271542,0.0028954073786735535,0.007868010550737381,True,27.351223945617676,0.16176470588235295,868,0.10798955196514726,0.0012732953764498234,0.0017306432127952576,0.003341888077557087,0.11133144004270434,True,28.01293247938156,0.13924050632911392
tier_100k,0_1438042988061.16_20150728002308-00002-ip-10-236-191-2_545269850_0.csv,1974,30,0.0026322067715227604,0.009959105867892504,0.0012941458262503147,0.0013061338104307652,0.002854475751519203,0.015445788390934467,True,59.37584334611893,0.7368421052631579,1974,0.41064038360491395,0.003479891922324896,0.004064098000526428,0.008083038963377476,0.4187234225682914,True,70.00000238418579,0.2
tier_100k,0_1438042988061.16_20150728002308-00330-ip-10-236-191-2_795231590_4.csv,3685,30,0.003983688075095415,0.010024632327258587,0.0012470562942326069,0.0012882072478532791,0.0027870265766978264,0.01679534697905183,True,73.7757620215416,0.8269230769230769,3685,1.0755450460128486,0.00713619589805603,0.015413462650030851,0.02342495322227478,1.0989699992351234,True,85.88452571630478,0.2878787878787879
tier_100k,0_1438042988061.16_20150728002308-00235-ip-10-236-191-2_713850328_17.csv,2309,30,0.002028563991189003,0.002181077841669321,0.0012339772656559944,0.0013642599806189537,0.0028457343578338623,0.007055376190692186,True,23.677406072616577,0.9484536082474226,2309,0.15593622298911214,0.005140721332281828,0.010597491171211004,0.016462734900414944,0.17239895788952708,True,26.456457793712616,0.26865671641791045
tier_100k,0_1438042988458.74_20150728002308-00232-ip-10-236-191-2_795586035_3.csv,1762,30,0.0014345343224704266,0.005488665774464607,0.0012761102989315987,0.0012408769689500332,0.002758414950221777,0.00968161504715681,True,53.75815308094025,1.0,1762,0.2916290429420769,0.003920804243534803,0.008339147083461285,0.012962231878191233,0.30459127482026815,True,63.930311024188995,0.9736842105263158
tier_100k,0_1438042988458.74_20150728002308-00250-ip-10-236-191-2_501951825_0.csv,1974,30,0.00257203821092844,0.009326219093054533,0.0012929337099194527,0.0012152078561484814,0.0027511739172041416,0.014649431221187115,True,59.37584334611893,0.7368421052631579,1974,0.43087830673903227,0.0035400711931288242,0.004176744259893894,0.00823826901614666,0.43911657575517893,True,70.00000238418579,0.2
tier_100k,1_1438042987127.36_20150728002307-00037-ip-10-236-191-2_318965632_0.csv,1855,30,0.003727579955011606,0.008088876027613878,0.0018990510143339634,0.0014155670069158077,0.0036679510958492756,0.01548440707847476,True,53.15622216463089,0.9562043795620438,1855,0.3538266126997769,0.003613840788602829,0.009646883234381676,0.013869764748960733,0.3676963774487376,True,58.62678623199463,0.1295843520782396
tier_100k,0_1438042988061.16_20150728002308-00041-ip-10-236-191-2_37534908_6.csv,2334,30,0.003003254998475313,0.016325462143868208,0.001249650027602911,0.0012903711758553982,0.0028003458864986897,0.02212906302884221,True,99.74498462677002,0.7798165137614679,2334,1.1497728186659515,0.004678206983953714,0.011388701852411032,0.016755409073084593,1.166528227739036,True,115.84208208322525,0.15384615384615385
tier_100k,1_1438042987127.36_20150728002307-00269-ip-10-236-191-2_847834464_0.csv,2813,30,0.004233677871525288,0.006191367283463478,0.0012147100642323494,0.0011608973145484924,0.0026358719915151596,0.013060917146503925,True,44.29628610610962,0.9388888888888889,2813,0.4188103899359703,0.005684215109795332,0.05147084919735789,0.05785751389339566,0.47666790382936597,True,50.159279465675354,0.20408163265306123
tier_100k,0_1438042988061.16_20150728002308-00199-ip-10-236-191-2_891430247_172.csv,3362,30,0.004143724218010902,0.001250831875950098,0.0012864149175584316,0.0013436400331556797,0.0028710407204926014,0.008265596814453602,True,17.57327389717102,0.39285714285714285,3362,0.09894536109641194,0.007240572012960911,0.02562924800440669,0.0336378738284111,0.13258323492482305,True,19.425730228424072,0.11827956989247312
tier_100k,1_1438042987127.36_20150728002307-00153-ip-10-236-191-2_490931395_0.csv,1974,30,0.0027400366961956024,0.009168474934995174,0.0013376399874687195,0.00129029992967844,0.00288489181548357,0.014793403446674347,True,59.37584334611893,0.7368421052631579,1974,0.4177092402242124,0.0035592098720371723,0.004156343638896942,0.008251907769590616,0.425961147993803,True,70.00000238418579,0.2
tier_100k,0_1438042988458.74_20150728002308-00081-ip-10-236-191-2_476604823_0.csv,2424,30,0.0035855299793183804,0.02100392896682024,0.0013070651330053806,0.0013713608495891094,0.002989906817674637,0.027579365763813257,True,99.462406873703,0.46226415094339623,2424,1.230607864446938,0.005068605300039053,0.028569521382451057,0.034391650930047035,1.264999515376985,True,118.90753298997879,0.1
tier_100k,0_1438042988458.74_20150728002308-00210-ip-10-236-191-2_79682215_3.csv,2577,30,0.002893724013119936,0.015238582622259855,0.0012397761456668377,0.0012795650400221348,0.002757713198661804,0.020890019834041595,True,97.56051933765411,1.0,2577,0.894005673006177,0.005789482034742832,0.032227516174316406,0.03883830411359668,0.9328439771197736,True,117.12582689523697,0.9259259259259259
tier_100k,1_1438042987127.36_20150728002307-00008-ip-10-236-191-2_633806649_3.csv,2088,30,0.0028302096761763096,0.016659055836498737,0.001227227970957756,0.0012386138550937176,0.0027124551124870777,0.022201720625162125,True,83.68812561035156,0.49206349206349204,2088,0.8644689307548106,0.003907916136085987,0.007926015183329582,0.012389142997562885,0.8768580737523735,True,108.11512011289597,0.2
tier_100k,0_1438042988061.16_20150728002308-00201-ip-10-236-191-2_319577306_4.csv,2406,30,0.0023821471258997917,0.002192487008869648,0.001230764202773571,0.0012331567704677582,0.002722891978919506,0.007297526113688946,True,24.9707710146904,0.9777777777777777,2406,0.14634439116343856,0.005237875040620565,0.007128925062716007,0.013216919731348753,0.1595613108947873,True,29.999999403953552,0.3333333333333333
tier_100k,1_1438042990112.50_20150728002310-00310-ip-10-236-191-2_200224826_0.csv,2795,30,0.003783412277698517,0.0036225230433046818,0.001225222833454609,0.0012418790720403194,0.002717924304306507,0.010123859625309706,True,30.713405549526215,0.9847198641765704,2795,0.294210122898221,0.009199992753565311,0.01624187920242548,0.026500198058784008,0.320710320957005,True,36.31066292524338,0.10317460317460317
tier_100k,1_1438042987127.36_20150728002307-00102-ip-10-236-191-2_893578330_152.csv,3739,30,0.004678287077695131,0.00113306799903512,0.001348487101495266,0.001268849242478609,0.002888286020606756,0.008699641097337008,True,17.299137115478516,0.34375,3739,0.11317501915618777,0.008773740846663713,0.046607167925685644,0.0562288430519402,0.16940386220812798,True,19.538085520267487,0.1
tier_100k,1_1438042990112.50_20150728002310-00044-ip-10-236-191-2_261321661_61.csv,2796,30,0.004376038908958435,0.005410260055214167,0.0012460248544812202,0.0012438111007213593,0.0027417191304266453,0.012528018094599247,True,32.82571625709534,0.2153846153846154,2796,0.4060692242346704,0.005814999807626009,0.10965207265689969,0.11616444494575262,0.522233669180423,True,48.233330845832825,0.10804597701149425
tier_100k,1_1438042987127.36_20150728002307-00074-ip-10-236-191-2_137128786_0.csv,2840,30,0.0057020531967282295,0.016770731192082167,0.0013640490360558033,0.0013910699635744095,0.003032660111784935,0.02550544450059533,True,72.9695412516594,0.45794392523364486,2840,0.990100712981075,0.006492482963949442,0.1567154871299863,0.16417041514068842,1.1542711281217635,True,88.43926054239273,0.125
tier_100k,1_1438042987127.36_20150728002307-00082-ip-10-236-191-2_795702564_10.csv,1986,30,0.003071768209338188,0.005362499970942736,0.0012383130379021168,0.0012683379463851452,0.002773525658994913,0.011207793839275837,True,46.38623094558716,0.7333333333333333,1986,0.30830586329102516,0.004362078383564949,0.00995049299672246,0.015095680952072144,0.3234015442430973,True,57.10522121191025,0.1
