tier,q_table,attr,k,alpha,tau,n_sem,n_ovl,n_D_intersection,n_D_union,pool_size_requested,clamped,feasible,tau_reached,n_P,n_R,n_unionability_computations,F_Q,F_P,F_R,sum_U,dinkelbach_ran,dinkelbach_iterations,retrieval_time_s,intersection_time_s,probe_time_s,union_combine_time_s,intersection_combine_time_s,union_lookup_time_s,intersection_lookup_time_s,stage1_time_s,scoring_time_s,stage2_time_s,end_to_end_s
tier_10k,0_1438042988458.74_20150728002308-00103-ip-10-236-191-2_666285279_1.csv,0,10,2.0,0.15,200,24,5,219,20,False,True,True,20,10,20,0.125,0.2714285714285714,0.23076923076923078,26.81782430410385,True,2,0.0010830298997461796,0.00044212350621819496,0.0004271077923476696,0.00010767905041575432,7.393769919872284e-06,0.0005482430569827557,7.621943950653076e-06,0.00025803176686167717,0.001241970807313919,0.008021615911275148,0.010605994146317244
tier_10k,0_1438042988458.74_20150728002308-00103-ip-10-236-191-2_666285279_1.csv,0,10,3.0,0.15,200,24,5,219,30,False,True,True,30,10,30,0.125,0.19827586206896552,0.1590909090909091,33.48918730020523,True,3,0.0010830298997461796,0.00044212350621819496,0.0004271077923476696,0.00010767905041575432,7.393769919872284e-06,0.0005482430569827557,7.621943950653076e-06,0.0006547309458255768,0.0025045727379620075,0.0030120573937892914,0.007256484590470791
tier_10k,0_1438042988458.74_20150728002308-00103-ip-10-236-191-2_666285279_1.csv,0,20,2.0,0.15,200,24,5,219,40,False,True,True,40,20,40,0.125,0.14743589743589744,0.1511627906976744,56.14412373304367,True,3,0.0010830298997461796,0.00044212350621819496,0.0004271077923476696,0.00010767905041575432,7.393769919872284e-06,0.0005482430569827557,7.621943950653076e-06,0.0003768317401409149,0.003187792841345072,0.006284378934651613,0.010933545883744955
tier_10k,0_1438042988458.74_20150728002308-00103-ip-10-236-191-2_666285279_1.csv,0,20,3.0,0.15,200,24,5,219,60,False,True,True,60,20,60,0.125,0.09363295880149813,0.15053763440860216,57.36975258588791,True,2,0.0010830298997461796,0.00044212350621819496,0.0004271077923476696,0.00010767905041575432,7.393769919872284e-06,0.0005482430569827557,7.621943950653076e-06,0.0003028302453458309,0.006465977989137173,0.08515960071235895,0.09301293361932039
tier_10k,1_1438042987127.36_20150728002307-00144-ip-10-236-191-2_676020729_0.csv,1,10,2.0,0.15,200,3484,14,3670,20,False,True,True,20,10,20,0.6,0.9827586206896551,0.9487179487179487,13.776634395122528,True,1,0.020209401845932007,0.002527346834540367,0.0023937649093568325,0.002465187106281519,9.918306022882462e-05,0.015350449830293655,3.439886495471001e-05,0.0036826548166573048,0.001248866319656372,0.003320463001728058,0.02846400858834386
tier_10k,1_1438042987127.36_20150728002307-00144-ip-10-236-191-2_676020729_0.csv,1,10,3.0,0.15,200,3484,14,3670,30,False,True,True,30,10,30,0.6,0.9556962025316456,0.8727272727272727,13.776634395122528,True,2,0.020209401845932007,0.002527346834540367,0.0023937649093568325,0.002465187106281519,9.918306022882462e-05,0.015350449830293655,3.439886495471001e-05,0.006020320113748312,0.0012202565558254719,0.0026226104237139225,0.03007418569177389
tier_10k,1_1438042987127.36_20150728002307-00144-ip-10-236-191-2_676020729_0.csv,1,20,2.0,0.15,200,3484,14,3670,40,False,True,True,40,20,40,0.6,0.9095744680851063,0.8,13.776634395122528,True,2,0.020209401845932007,0.002527346834540367,0.0023937649093568325,0.002465187106281519,9.918306022882462e-05,0.015350449830293655,3.439886495471001e-05,0.005804974120110273,0.0012389598414301872,0.002262437716126442,0.029517333954572678
tier_10k,1_1438042987127.36_20150728002307-00144-ip-10-236-191-2_676020729_0.csv,1,20,3.0,0.15,200,3484,14,3670,60,False,True,True,60,20,60,0.6,0.8395061728395061,0.660377358490566,13.776634395122528,True,2,0.020209401845932007,0.002527346834540367,0.0023937649093568325,0.002465187106281519,9.918306022882462e-05,0.015350449830293655,3.439886495471001e-05,0.005846048705279827,0.001412498764693737,0.0023372890427708626,0.029807169921696186
tier_10k,0_1438042988061.16_20150728002308-00282-ip-10-236-191-2_894007386_3.csv,0,10,2.0,0.15,200,393,101,492,20,False,True,True,20,10,20,0.6,0.6551724137931034,0.6037735849056604,18.735549688339233,True,1,0.0027201948687434196,0.0009755217470228672,0.0007111625745892525,0.00027362117543816566,7.04391859471798e-05,0.0017354111187160015,0.00019391998648643494,0.00047229789197444916,0.0007321331650018692,0.002223565708845854,0.00614984892308712
tier_10k,0_1438042988061.16_20150728002308-00282-ip-10-236-191-2_894007386_3.csv,0,10,3.0,0.15,200,393,101,492,30,False,True,True,30,10,30,0.6,0.635036496350365,0.6037735849056604,19.06503301858902,True,1,0.0027201948687434196,0.0009755217470228672,0.0007111625745892525,0.00027362117543816566,7.04391859471798e-05,0.0017354111187160015,0.00019391998648643494,0.000493696890771389,0.0010229302570223808,0.0022872616536915302,0.0065255905501544476
tier_10k,0_1438042988061.16_20150728002308-00282-ip-10-236-191-2_894007386_3.csv,0,20,2.0,0.15,200,393,101,492,40,False,True,True,40,20,40,0.6,0.6256684491978609,0.6019417475728155,37.74808740615845,True,1,0.0027201948687434196,0.0009755217470228672,0.0007111625745892525,0.00027362117543816566,7.04391859471798e-05,0.0017354111187160015,0.00019391998648643494,0.0004838299937546253,0.0013230089098215103,0.0021206196397542953,0.006649153772741556
tier_10k,0_1438042988061.16_20150728002308-00282-ip-10-236-191-2_894007386_3.csv,0,20,3.0,0.15,200,393,101,492,60,False,True,True,60,20,60,0.6,0.6156583629893239,0.6019417475728155,38.0585213303566,True,2,0.0027201948687434196,0.0009755217470228672,0.0007111625745892525,0.00027362117543816566,7.04391859471798e-05,0.0017354111187160015,0.00019391998648643494,0.00070220697671175,0.002017286140471697,0.0022371597588062286,0.007678384892642498
tier_10k,0_1438042988458.74_20150728002308-00249-ip-10-236-191-2_328699461_4.csv,2,10,2.0,0.15,200,6776,67,6909,20,False,True,True,20,10,20,0.6,0.997920997920998,0.9902912621359223,15.513365626335144,True,1,0.029702550265938044,0.004185399040579796,0.003843508195132017,0.004708284046500921,0.0001998557709157467,0.021150758024305105,0.000142035074532032,0.007246153894811869,0.001773641910403967,0.0037562078796327114,0.04248150810599327
tier_10k,0_1438042988458.74_20150728002308-00249-ip-10-236-191-2_328699461_4.csv,2,10,3.0,0.15,200,6776,67,6909,30,False,True,True,30,10,30,0.6,0.9982174688057041,0.9901960784313726,19.20116227865219,True,1,0.029702550265938044,0.004185399040579796,0.003843508195132017,0.004708284046500921,0.0001998557709157467,0.021150758024305105,0.000142035074532032,0.007794321049004793,0.0024090642109513283,0.0032053040340542793,0.043112777173519135
tier_10k,0_1438042988458.74_20150728002308-00249-ip-10-236-191-2_328699461_4.csv,2,20,2.0,0.15,200,6776,67,6909,40,False,True,True,40,20,40,0.6,0.9984289080911233,0.994413407821229,38.25628477334976,True,1,0.029702550265938044,0.004185399040579796,0.003843508195132017,0.004708284046500921,0.0001998557709157467,0.021150758024305105,0.000142035074532032,0.007745872717350721,0.0031225020065903664,0.0030954452231526375,0.043667799327522516
tier_10k,0_1438042988458.74_20150728002308-00249-ip-10-236-191-2_328699461_4.csv,2,20,3.0,0.15,200,6776,67,6909,60,False,True,True,60,20,60,0.6,0.9986550100874243,0.9935275080906149,39.823144018650055,True,1,0.029702550265938044,0.004185399040579796,0.003843508195132017,0.004708284046500921,0.0001998557709157467,0.021150758024305105,0.000142035074532032,0.0077497391030192375,0.004288072232156992,0.00300277816131711,0.04474483244121075
tier_10k,1_1438042990112.50_20150728002310-00273-ip-10-236-191-2_869240800_0.csv,1,10,2.0,0.15,200,2,2,200,20,False,False,False,20,0,20,0.06,0.039735099337748346,,,True,3,0.0013382979668676853,0.0005730213597416878,0.0005606571212410927,0.00012055085971951485,6.109941750764847e-06,0.0006570899859070778,6.254296749830246e-06,0.0003916323184967041,0.001086538191884756,0.0007010316476225853,0.00351893762126565
tier_10k,1_1438042990112.50_20150728002310-00273-ip-10-236-191-2_869240800_0.csv,1,10,3.0,0.15,200,2,2,200,30,False,False,False,30,0,30,0.06,0.031413612565445025,,,True,3,0.0013382979668676853,0.0005730213597416878,0.0005606571212410927,0.00012055085971951485,6.109941750764847e-06,0.0006570899859070778,6.254296749830246e-06,0.0003596157766878605,0.0015190760605037212,0.0006861826404929161,0.0039043016731739044
tier_10k,1_1438042990112.50_20150728002310-00273-ip-10-236-191-2_869240800_0.csv,1,20,2.0,0.15,200,2,2,200,40,False,False,False,40,0,40,0.06,0.02553191489361702,,,True,3,0.0013382979668676853,0.0005730213597416878,0.0005606571212410927,0.00012055085971951485,6.109941750764847e-06,0.0006570899859070778,6.254296749830246e-06,0.0003484198823571205,0.0020368616096675396,0.0007095290347933769,0.004434280097484589
tier_10k,1_1438042990112.50_20150728002310-00273-ip-10-236-191-2_869240800_0.csv,1,20,3.0,0.15,200,2,2,200,60,False,False,False,60,0,60,0.06,0.018276762402088774,,,True,2,0.0013382979668676853,0.0005730213597416878,0.0005606571212410927,0.00012055085971951485,6.109941750764847e-06,0.0006570899859070778,6.254296749830246e-06,0.0002518678084015846,0.0030483282171189785,0.0006455439142882824,0.005285101011395454
tier_10k,0_1438042988061.16_20150728002308-00096-ip-10-236-191-2_895004754_0.csv,0,10,2.0,0.15,200,1,1,200,20,False,True,True,20,10,20,0.6666666666666666,0.09090909090909091,0.16666666666666666,18.329391300678253,True,2,0.0011727544479072094,0.000626804307103157,0.0006200973875820637,9.322119876742363e-05,4.705972969532013e-06,0.0004594358615577221,2.0009465515613556e-06,0.0002371063455939293,0.0010039713233709335,0.0022596479393541813,0.004674848634749651
tier_10k,0_1438042988061.16_20150728002308-00096-ip-10-236-191-2_895004754_0.csv,0,10,3.0,0.15,200,1,1,200,30,False,True,True,30,10,30,0.6666666666666666,0.0625,0.16666666666666666,18.383336067199707,True,2,0.0011727544479072094,0.000626804307103157,0.0006200973875820637,9.322119876742363e-05,4.705972969532013e-06,0.0004594358615577221,2.0009465515613556e-06,0.0002852790057659149,0.0015373658388853073,0.0019745919853448868,0.004971411544829607
tier_10k,0_1438042988061.16_20150728002308-00096-ip-10-236-191-2_895004754_0.csv,0,20,2.0,0.15,200,1,1,200,40,False,False,False,40,0,40,0.6666666666666666,0.047619047619047616,,,True,2,0.0011727544479072094,0.000626804307103157,0.0006200973875820637,9.322119876742363e-05,4.705972969532013e-06,0.0004594358615577221,2.0009465515613556e-06,0.0002804449759423733,0.0019364068284630775,0.0007059830240905285,0.0040968055836856365
tier_10k,0_1438042988061.16_20150728002308-00096-ip-10-236-191-2_895004754_0.csv,0,20,3.0,0.15,200,1,1,200,60,False,False,False,60,0,60,0.6666666666666666,0.03225806451612903,,,True,2,0.0011727544479072094,0.000626804307103157,0.0006200973875820637,9.322119876742363e-05,4.705972969532013e-06,0.0004594358615577221,2.0009465515613556e-06,0.0002924441359937191,0.002912845928221941,0.0006436710245907307,0.005022859200835228
tier_10k,1_1438042987127.36_20150728002307-00114-ip-10-236-191-2_902351685_191.csv,0,10,2.0,0.15,200,410,115,495,20,False,True,True,20,10,20,0.5,0.953125,0.9142857142857143,17.89754354953766,True,1,0.002713995985686779,0.0011434713378548622,0.0007434291765093803,0.00027490779757499695,0.00017132097855210304,0.0016956590116024017,0.00022872118279337883,0.00048088282346725464,0.0008092080242931843,0.0021329689770936966,0.006138701923191547
tier_10k,1_1438042987127.36_20150728002307-00114-ip-10-236-191-2_902351685_191.csv,0,10,3.0,0.15,200,410,115,495,30,False,True,True,30,10,30,0.5,0.9642857142857143,0.9090909090909091,17.970851838588715,True,1,0.002713995985686779,0.0011434713378548622,0.0007434291765093803,0.00027490779757499695,0.00017132097855210304,0.0016956590116024017,0.00022872118279337883,0.0005212649703025818,0.001019044779241085,0.002150048967450857,0.006405849941074848
tier_10k,1_1438042987127.36_20150728002307-00114-ip-10-236-191-2_902351685_191.csv,0,20,2.0,0.15,200,410,115,495,40,False,True,True,40,20,40,0.5,0.8951612903225806,0.8428571428571429,35.74649620056152,True,1,0.002713995985686779,0.0011434713378548622,0.0007434291765093803,0.00027490779757499695,0.00017132097855210304,0.0016956590116024017,0.00022872118279337883,0.0004944349639117718,0.0013718814589083195,0.0021526762284338474,0.006734459660947323
tier_10k,1_1438042987127.36_20150728002307-00114-ip-10-236-191-2_902351685_191.csv,0,20,3.0,0.15,200,410,115,495,60,False,True,True,60,20,60,0.5,0.7979274611398963,0.7564102564102564,36.4890062212944,True,2,0.002713995985686779,0.0011434713378548622,0.0007434291765093803,0.00027490779757499695,0.00017132097855210304,0.0016956590116024017,0.00022872118279337883,0.0007221940904855728,0.0019108769483864307,0.0024150684475898743,0.007763671223074198
tier_10k,1_1438042987127.36_20150728002307-00182-ip-10-236-191-2_150862475_5.csv,8,10,2.0,0.15,200,1177,1,1376,20,False,True,True,20,10,20,0.3333333333333333,0.5531914893617021,0.5217391304347826,65.18861371278763,True,2,0.007148712873458862,0.0010367766954004765,0.0009996597655117512,0.001397124957293272,3.433367237448692e-05,0.004751928150653839,2.7832575142383575e-06,0.00186561094596982,0.006842355243861675,0.003291719127446413,0.01915033208206296
tier_10k,1_1438042987127.36_20150728002307-00182-ip-10-236-191-2_150862475_5.csv,8,10,3.0,0.15,200,1177,1,1376,30,False,True,True,30,10,30,0.3333333333333333,0.4838709677419355,0.5217391304347826,65.18861371278763,True,1,0.007148712873458862,0.0010367766954004765,0.0009996597655117512,0.001397124957293272,3.433367237448692e-05,0.004751928150653839,2.7832575142383575e-06,0.0013930117711424828,0.007214343175292015,0.0027893329970538616,0.018546985927969217
tier_10k,1_1438042987127.36_20150728002307-00182-ip-10-236-191-2_150862475_5.csv,8,20,2.0,0.15,200,1177,1,1376,40,False,True,True,40,20,40,0.3333333333333333,0.44715447154471544,0.4444444444444444,112.93988347053528,True,1,0.007148712873458862,0.0010367766954004765,0.0009996597655117512,0.001397124957293272,3.433367237448692e-05,0.004751928150653839,2.7832575142383575e-06,0.0013544699177145958,0.00940134422853589,0.0030237892642617226,0.020929823629558086
tier_10k,1_1438042987127.36_20150728002307-00182-ip-10-236-191-2_150862475_5.csv,8,20,3.0,0.15,200,1177,1,1376,60,False,True,True,60,20,60,0.3333333333333333,0.3787878787878788,0.38596491228070173,137.90706634521484,True,2,0.007148712873458862,0.0010367766954004765,0.0009996597655117512,0.001397124957293272,3.433367237448692e-05,0.004751928150653839,2.7832575142383575e-06,0.002068448346108198,0.014934941194951534,0.0033856509253382683,0.02753926580771804
tier_10k,1_1438042987127.36_20150728002307-00015-ip-10-236-191-2_372255835_10.csv,2,10,2.0,0.15,200,1,1,200,20,False,True,True,20,10,20,0.5,0.08695652173913043,0.15384615384615385,34.96743017435074,True,2,0.00117503572255373,0.0005704271607100964,0.000561554916203022,0.00010608602315187454,6.499234586954117e-06,0.0005073947831988335,2.3730099201202393e-06,0.0002667400985956192,0.0022581988014280796,0.0023617171682417393,0.0060633709654212
tier_10k,1_1438042987127.36_20150728002307-00015-ip-10-236-191-2_372255835_10.csv,2,10,3.0,0.15,200,1,1,200,30,False,True,True,30,10,30,0.5,0.06060606060606061,0.15384615384615385,34.99028956890106,True,2,0.00117503572255373,0.0005704271607100964,0.000561554916203022,0.00010608602315187454,6.499234586954117e-06,0.0005073947831988335,2.3730099201202393e-06,0.00027816416695713997,0.003158524166792631,0.002435578964650631,0.00704880990087986
tier_10k,1_1438042987127.36_20150728002307-00015-ip-10-236-191-2_372255835_10.csv,2,20,2.0,0.15,200,1,1,200,40,False,False,False,40,0,40,0.5,0.046511627906976744,,,True,2,0.00117503572255373,0.0005704271607100964,0.000561554916203022,0.00010608602315187454,6.499234586954117e-06,0.0005073947831988335,2.3730099201202393e-06,0.0002761390060186386,0.003986942116171122,0.0006954139098525047,0.006134848576039076
tier_10k,1_1438042987127.36_20150728002307-00015-ip-10-236-191-2_372255835_10.csv,2,20,3.0,0.15,200,1,1,200,60,False,False,False,60,0,60,0.5,0.03007518796992481,,,True,2,0.00117503572255373,0.0005704271607100964,0.000561554916203022,0.00010608602315187454,6.499234586954117e-06,0.0005073947831988335,2.3730099201202393e-06,0.00027945078909397125,0.005575365852564573,0.0006784992292523384,0.0077095539309084415
tier_10k,0_1438042988458.74_20150728002308-00325-ip-10-236-191-2_265100376_0.csv,0,10,2.0,0.15,200,1,1,200,20,False,False,False,20,0,20,0.1111111111111111,0.03571428571428571,,,True,2,0.0013547721318900585,0.0007362752221524715,0.000729778315871954,9.528361260890961e-05,4.292931407690048e-06,0.000529710203409195,2.20397487282753e-06,0.00023499410599470139,0.0008236500434577465,0.0007849154062569141,0.0031994362361729145
tier_10k,0_1438042988458.74_20150728002308-00325-ip-10-236-191-2_265100376_0.csv,0,10,3.0,0.15,200,1,1,200,30,False,False,False,30,0,30,0.1111111111111111,0.02631578947368421,,,True,2,0.0013547721318900585,0.0007362752221524715,0.000729778315871954,9.528361260890961e-05,4.292931407690048e-06,0.000529710203409195,2.20397487282753e-06,0.00025043776258826256,0.0011459668166935444,0.0006866077892482281,0.003438994288444519
tier_10k,0_1438042988458.74_20150728002308-00325-ip-10-236-191-2_265100376_0.csv,0,20,2.0,0.15,200,1,1,200,40,False,False,False,40,0,40,0.1111111111111111,0.02,,,True,2,0.0013547721318900585,0.0007362752221524715,0.000729778315871954,9.528361260890961e-05,4.292931407690048e-06,0.000529710203409195,2.20397487282753e-06,0.00025034788995981216,0.0014944239519536495,0.0006162850186228752,0.003716834355145693
tier_10k,0_1438042988458.74_20150728002308-00325-ip-10-236-191-2_265100376_0.csv,0,20,3.0,0.15,200,1,1,200,60,False,False,False,60,0,60,0.1111111111111111,0.0125,,,True,2,0.0013547721318900585,0.0007362752221524715,0.000729778315871954,9.528361260890961e-05,4.292931407690048e-06,0.000529710203409195,2.20397487282753e-06,0.0002459990791976452,0.0029575317166745663,0.0007584290578961372,0.00531782815232873
tier_10k,1_1438042987127.36_20150728002307-00000-ip-10-236-191-2_300770320_2.csv,0,10,2.0,0.15,200,6784,31,6953,20,False,True,True,20,10,20,0.11538461538461539,0.9821173104434907,0.9391534391534392,11.347048997879028,True,3,0.03022104501724243,0.004240847192704678,0.003982788883149624,0.004584420006722212,0.00017031515017151833,0.021653836127370596,8.774315938353539e-05,0.0147329643368721,0.0009746449068188667,0.0040011340752244,0.04993209429085255
tier_10k,1_1438042987127.36_20150728002307-00000-ip-10-236-191-2_300770320_2.csv,0,10,3.0,0.15,200,6784,31,6953,30,False,True,True,30,10,30,0.11538461538461539,0.9839948783610756,0.9265175718849841,15.185523986816406,True,3,0.03022104501724243,0.004240847192704678,0.003982788883149624,0.004584420006722212,0.00017031515017151833,0.021653836127370596,8.774315938353539e-05,0.019991897977888584,0.001178462989628315,0.004085382912307978,0.055478834081441164
tier_10k,1_1438042987127.36_20150728002307-00000-ip-10-236-191-2_300770320_2.csv,0,20,2.0,0.15,200,6784,31,6953,40,False,True,True,40,20,40,0.11538461538461539,0.9854819976771196,0.9513742071881607,15.185523986816406,True,2,0.03022104501724243,0.004240847192704678,0.003982788883149624,0.004584420006722212,0.00017031515017151833,0.021653836127370596,8.774315938353539e-05,0.011446836870163679,0.0011537401005625725,0.0035476870834827423,0.04637093609198928
tier_10k,1_1438042987127.36_20150728002307-00000-ip-10-236-191-2_300770320_2.csv,0,20,3.0,0.15,200,6784,31,6953,60,False,True,True,60,20,60,0.11538461538461539,0.9872967479674797,0.9568480300187617,15.185523986816406,True,2,0.03022104501724243,0.004240847192704678,0.003982788883149624,0.004584420006722212,0.00017031515017151833,0.021653836127370596,8.774315938353539e-05,0.0114194480702281,0.0013136351481080055,0.003880786243826151,0.046836506109684706
tier_10k,0_1438042988061.16_20150728002308-00164-ip-10-236-191-2_873456340_3.csv,0,10,2.0,0.15,200,4295,20,4475,20,False,True,True,20,10,20,0.8,0.9981981981981982,0.9941860465116279,14.41037255525589,True,1,0.019203076139092445,0.0023474395275115967,0.0021964809857308865,0.002640094142407179,0.00011421367526054382,0.01436650101095438,3.67448665201664e-05,0.004611448384821415,0.0009848722256720066,0.0037883520126342773,0.02858999278396368
tier_10k,0_1438042988061.16_20150728002308-00164-ip-10-236-191-2_873456340_3.csv,0,10,3.0,0.15,200,4295,20,4475,30,False,True,True,30,10,30,0.8,0.9984101748807631,0.9929577464788732,15.014658749103546,True,1,0.019203076139092445,0.0023474395275115967,0.0021964809857308865,0.002640094142407179,0.00011421367526054382,0.01436650101095438,3.67448665201664e-05,0.004999720957130194,0.001501601655036211,0.003125213086605072,0.028831107076257467
tier_10k,0_1438042988061.16_20150728002308-00164-ip-10-236-191-2_873456340_3.csv,0,20,2.0,0.15,200,4295,20,4475,40,False,True,True,40,20,40,0.8,0.9985119047619048,0.9956331877729258,29.5106560587883,True,1,0.019203076139092445,0.0023474395275115967,0.0021964809857308865,0.002640094142407179,0.00011421367526054382,0.01436650101095438,3.67448665201664e-05,0.004796293098479509,0.0019889967516064644,0.002633144147694111,0.02862311014905572
tier_10k,0_1438042988061.16_20150728002308-00164-ip-10-236-191-2_873456340_3.csv,0,20,3.0,0.15,200,4295,20,4475,60,False,True,True,60,20,60,0.8,0.9986263736263736,0.9951219512195122,30.0924791097641,True,1,0.019203076139092445,0.0023474395275115967,0.0021964809857308865,0.002640094142407179,0.00011421367526054382,0.01436650101095438,3.67448665201664e-05,0.0048562451265752316,0.003013862296938896,0.0028681550174951553,0.0299427998252213
tier_10k,0_1438042988458.74_20150728002308-00046-ip-10-236-191-2_688841822_2.csv,2,10,2.0,0.15,200,1,1,200,20,False,True,True,20,10,20,0.6078431372549019,0.3803680981595092,0.46616541353383456,41.48807692527771,True,2,0.0013275188393890858,0.0006916816346347332,0.0006834235973656178,0.00010368507355451584,5.5800192058086395e-06,0.0005404101684689522,2.6780180633068085e-06,0.00031416909769177437,0.0024120761081576347,0.0024595106951892376,0.006514770910143852
tier_10k,0_1438042988458.74_20150728002308-00046-ip-10-236-191-2_688841822_2.csv,2,10,3.0,0.15,200,1,1,200,30,False,True,True,30,10,30,0.6078431372549019,0.29245283018867924,0.4460431654676259,42.65582501888275,True,2,0.0013275188393890858,0.0006916816346347332,0.0006834235973656178,0.00010368507355451584,5.5800192058086395e-06,0.0005404101684689522,2.6780180633068085e-06,0.0002808840945363045,0.0034878901205956936,0.0022122636437416077,0.007309922948479652
tier_10k,0_1438042988458.74_20150728002308-00046-ip-10-236-191-2_688841822_2.csv,2,20,2.0,0.15,200,1,1,200,40,False,True,True,40,20,40,0.6078431372549019,0.2366412213740458,0.34065934065934067,83.06625998020172,True,2,0.0013275188393890858,0.0006916816346347332,0.0006834235973656178,0.00010368507355451584,5.5800192058086395e-06,0.0005404101684689522,2.6780180633068085e-06,0.00028157979249954224,0.004558959975838661,0.00222767423838377,0.00839719781652093
tier_10k,0_1438042988458.74_20150728002308-00046-ip-10-236-191-2_688841822_2.csv,2,20,3.0,0.15,200,1,1,200,60,False,True,True,60,20,60,0.6078431372549019,0.16711590296495957,0.34065934065934067,83.08238172531128,True,2,0.0013275188393890858,0.0006916816346347332,0.0006834235973656178,0.00010368507355451584,5.5800192058086395e-06,0.0005404101684689522,2.6780180633068085e-06,0.00029782112687826157,0.006448236759752035,0.0027811951003968716,0.010856280568987131
tier_10k,1_1438042990112.50_20150728002310-00103-ip-10-236-191-2_381157664_0.csv,3,10,2.0,0.15,200,4076,11,4265,20,False,True,True,20,10,20,0.47058823529411764,0.9936265137029955,0.9838709677419355,0.0,True,2,0.015746927354484797,0.0018722033128142357,0.0017590941861271858,0.002421582117676735,9.286310523748398e-05,0.011566251050680876,2.0246021449565887e-05,0.005953687708824873,0.00024667801335453987,0.004021305125206709,0.025971245486289263
tier_10k,1_1438042990112.50_20150728002310-00103-ip-10-236-191-2_381157664_0.csv,3,10,3.0,0.15,200,4076,11,4265,30,False,True,True,30,10,30,0.47058823529411764,0.9946010797840432,0.9679715302491103,0.0,True,1,0.015746927354484797,0.0018722033128142357,0.0017590941861271858,0.002421582117676735,9.286310523748398e-05,0.011566251050680876,2.0246021449565887e-05,0.004438311792910099,0.00024906592443585396,0.0029605883173644543,0.023396351374685764
tier_10k,1_1438042990112.50_20150728002310-00103-ip-10-236-191-2_381157664_0.csv,3,20,2.0,0.15,200,4076,11,4265,40,False,True,True,40,20,40,0.47058823529411764,0.9951897381079636,0.9814432989690721,0.0,True,1,0.015746927354484797,0.0018722033128142357,0.0017590941861271858,0.002421582117676735,9.286310523748398e-05,0.011566251050680876,2.0246021449565887e-05,0.004354801028966904,0.0003080833703279495,0.0029616071842610836,0.023373118601739407
tier_10k,1_1438042990112.50_20150728002310-00103-ip-10-236-191-2_381157664_0.csv,3,20,3.0,0.15,200,4076,11,4265,60,False,True,True,60,20,60,0.47058823529411764,0.9959964412811388,0.9771573604060914,0.0,True,1,0.015746927354484797,0.0018722033128142357,0.0017590941861271858,0.002421582117676735,9.286310523748398e-05,0.011566251050680876,2.0246021449565887e-05,0.004333062097430229,0.00043857516720891,0.0028844629414379597,0.023404384031891823
tier_10k,1_1438042987127.36_20150728002307-00080-ip-10-236-191-2_899463259_102.csv,1,10,2.0,0.15,200,1,1,200,20,False,False,False,20,0,20,0.2,0.029850746268656716,,,True,2,0.0012574461288750172,0.0005006212741136551,0.0004929420538246632,0.0001062280498445034,5.051959306001663e-06,0.0006582760252058506,2.627260982990265e-06,0.0002875658683478832,0.0007722117006778717,0.0006908690556883812,0.003009492065757513
tier_10k,1_1438042987127.36_20150728002307-00080-ip-10-236-191-2_899463259_102.csv,1,10,3.0,0.15,200,1,1,200,30,False,False,False,30,0,30,0.2,0.01990049751243781,,,True,2,0.0012574461288750172,0.0005006212741136551,0.0004929420538246632,0.0001062280498445034,5.051959306001663e-06,0.0006582760252058506,2.627260982990265e-06,0.00029653823003172874,0.001029354054480791,0.000641935970634222,0.0032264101319015026
tier_10k,1_1438042987127.36_20150728002307-00080-ip-10-236-191-2_899463259_102.csv,1,20,2.0,0.15,200,1,1,200,40,False,False,False,40,0,40,0.2,0.014598540145985401,,,True,2,0.0012574461288750172,0.0005006212741136551,0.0004929420538246632,0.0001062280498445034,5.051959306001663e-06,0.0006582760252058506,2.627260982990265e-06,0.00029245996847748756,0.0013465061783790588,0.0007681609131395817,0.003665743861347437
tier_10k,1_1438042987127.36_20150728002307-00080-ip-10-236-191-2_899463259_102.csv,1,20,3.0,0.15,200,1,1,200,60,False,False,False,60,0,60,0.2,0.009195402298850575,,,True,2,0.0012574461288750172,0.0005006212741136551,0.0004929420538246632,0.0001062280498445034,5.051959306001663e-06,0.0006582760252058506,2.627260982990265e-06,0.00029501086100935936,0.0018900679424405098,0.000658620148897171,0.004102223087102175
tier_10k,1_1438042987127.36_20150728002307-00140-ip-10-236-191-2_74640728_1.csv,1,10,2.0,0.15,200,1,1,200,20,False,False,False,20,0,20,0.07692307692307693,0.03125,,,True,2,0.0012006019242107868,0.0006234827451407909,0.0006166179664433002,0.0001048799604177475,4.78280708193779e-06,0.0004791039973497391,2.0819716155529022e-06,0.00023400597274303436,0.0012424439191818237,0.0006413892842829227,0.003319673240184784
tier_10k,1_1438042987127.36_20150728002307-00140-ip-10-236-191-2_74640728_1.csv,1,10,3.0,0.15,200,1,1,200,30,False,False,False,30,0,30,0.07692307692307693,0.023809523809523808,,,True,2,0.0012006019242107868,0.0006234827451407909,0.0006166179664433002,0.0001048799604177475,4.78280708193779e-06,0.0004791039973497391,2.0819716155529022e-06,0.0002559577114880085,0.0018755747005343437,0.0006704558618366718,0.004003642126917839
tier_10k,1_1438042987127.36_20150728002307-00140-ip-10-236-191-2_74640728_1.csv,1,20,2.0,0.15,200,1,1,200,40,False,False,False,40,0,40,0.07692307692307693,0.019230769230769232,,,True,2,0.0012006019242107868,0.0006234827451407909,0.0006166179664433002,0.0001048799604177475,4.78280708193779e-06,0.0004791039973497391,2.0819716155529022e-06,0.0002775699831545353,0.002779086120426655,0.0006668549031019211,0.004925306886434555
tier_10k,1_1438042987127.36_20150728002307-00140-ip-10-236-191-2_74640728_1.csv,1,20,3.0,0.15,200,1,1,200,60,False,False,False,60,0,60,0.07692307692307693,0.012578616352201259,,,True,2,0.0012006019242107868,0.0006234827451407909,0.0006166179664433002,0.0001048799604177475,4.78280708193779e-06,0.0004791039973497391,2.0819716155529022e-06,0.0002854820340871811,0.003944355063140392,0.0008646505884826183,0.006296277977526188
tier_10k,1_1438042990112.50_20150728002310-00154-ip-10-236-191-2_303864106_21.csv,3,10,2.0,0.15,200,66,17,249,20,False,True,True,20,10,20,0.2,0.29473684210526313,0.24074074074074073,128.6431366801262,True,1,0.0011269785463809967,0.0004455684684216976,0.00040383823215961456,0.00012846337631344795,1.4489982277154922e-05,0.0005946769379079342,2.724025398492813e-05,0.00018366193398833275,0.011395263951271772,0.0033170823007822037,0.01602434366941452
tier_10k,1_1438042990112.50_20150728002310-00154-ip-10-236-191-2_303864106_21.csv,3,10,3.0,0.15,200,66,17,249,30,False,True,True,30,10,30,0.2,0.22,0.21818181818181817,129.31031960248947,True,3,0.0011269785463809967,0.0004455684684216976,0.00040383823215961456,0.00012846337631344795,1.4489982277154922e-05,0.0005946769379079342,2.724025398492813e-05,0.0003975052386522293,0.01989963697269559,0.0033286078833043575,0.02475415449589491
tier_10k,1_1438042990112.50_20150728002310-00154-ip-10-236-191-2_303864106_21.csv,3,20,2.0,0.15,200,66,17,249,40,False,True,True,40,20,40,0.2,0.1821561338289963,0.15625,254.89937275648117,True,4,0.0011269785463809967,0.0004455684684216976,0.00040383823215961456,0.00012846337631344795,1.4489982277154922e-05,0.0005946769379079342,2.724025398492813e-05,0.0004812711849808693,0.02829083614051342,0.004141347948461771,0.03404199192300439
tier_10k,1_1438042990112.50_20150728002310-00154-ip-10-236-191-2_303864106_21.csv,3,20,3.0,0.15,200,66,17,249,60,False,True,True,60,20,60,0.2,0.13995943204868155,0.152,256.21370708942413,True,3,0.0011269785463809967,0.0004455684684216976,0.00040383823215961456,0.00012846337631344795,1.4489982277154922e-05,0.0005946769379079342,2.724025398492813e-05,0.00041289906948804855,0.04323498718440533,0.0051832678727805614,0.049959555733948946
tier_10k,0_1438042988458.74_20150728002308-00264-ip-10-236-191-2_704598375_3.csv,0,10,2.0,0.15,200,2,1,201,20,False,True,True,20,10,20,1.0,0.13636363636363635,0.25,35.81825393438339,True,2,0.0013582436367869377,0.0007298346608877182,0.0007225368171930313,0.00010837800800800323,5.129259079694748e-06,0.0005273288115859032,2.1685846149921417e-06,0.000263310968875885,0.0015747519209980965,0.002466716803610325,0.00566459447145462
tier_10k,0_1438042988458.74_20150728002308-00264-ip-10-236-191-2_704598375_3.csv,0,10,3.0,0.15,200,2,1,201,30,False,True,True,30,10,30,1.0,0.09375,0.25,36.6669265627861,True,2,0.0013582436367869377,0.0007298346608877182,0.0007225368171930313,0.00010837800800800323,5.129259079694748e-06,0.0005273288115859032,2.1685846149921417e-06,0.00029049208387732506,0.00216507026925683,0.0023113470524549484,0.006126592867076397
tier_10k,0_1438042988458.74_20150728002308-00264-ip-10-236-191-2_704598375_3.csv,0,20,2.0,0.15,200,2,1,201,40,False,False,False,40,0,40,1.0,0.07142857142857142,,,True,3,0.0013582436367869377,0.0007298346608877182,0.0007225368171930313,0.00010837800800800323,5.129259079694748e-06,0.0005273288115859032,2.1685846149921417e-06,0.00036581791937351227,0.0038486807607114315,0.0007141088135540485,0.006288430653512478
tier_10k,0_1438042988458.74_20150728002308-00264-ip-10-236-191-2_704598375_3.csv,0,20,3.0,0.15,200,2,1,201,60,False,False,False,60,0,60,1.0,0.04838709677419355,,,True,3,0.0013582436367869377,0.0007298346608877182,0.0007225368171930313,0.00010837800800800323,5.129259079694748e-06,0.0005273288115859032,2.1685846149921417e-06,0.0003753579221665859,0.0049204519018530846,0.0007346691563725471,0.007389961741864681
tier_10k,0_1438042988061.16_20150728002308-00310-ip-10-236-191-2_342423429_0.csv,0,10,2.0,0.15,200,3,1,202,20,False,False,False,20,0,20,0.2,0.06172839506172839,,,True,2,0.0010994398035109043,0.000533559825271368,0.0005271388217806816,9.827502071857452e-05,4.448927938938141e-06,0.0004740259610116482,1.9720755517482758e-06,0.00024268310517072678,0.0008924892172217369,0.000861841719597578,0.0030977651476860046
tier_10k,0_1438042988061.16_20150728002308-00310-ip-10-236-191-2_342423429_0.csv,0,10,3.0,0.15,200,3,1,202,30,False,False,False,30,0,30,0.2,0.04950495049504951,,,True,2,0.0010994398035109043,0.000533559825271368,0.0005271388217806816,9.827502071857452e-05,4.448927938938141e-06,0.0004740259610116482,1.9720755517482758e-06,0.0002593318931758404,0.0012884368188679218,0.0006643221713602543,0.0033125998452305794
tier_10k,0_1438042988061.16_20150728002308-00310-ip-10-236-191-2_342423429_0.csv,0,20,2.0,0.15,200,3,1,202,40,False,False,False,40,0,40,0.2,0.04132231404958678,,,True,2,0.0010994398035109043,0.000533559825271368,0.0005271388217806816,9.827502071857452e-05,4.448927938938141e-06,0.0004740259610116482,1.9720755517482758e-06,0.00025403406471014023,0.0017558252438902855,0.0006663501262664795,0.00377671979367733
tier_10k,0_1438042988061.16_20150728002308-00310-ip-10-236-191-2_342423429_0.csv,0,20,3.0,0.15,200,3,1,202,60,False,False,False,60,0,60,0.2,0.031055900621118012,,,True,2,0.0010994398035109043,0.000533559825271368,0.0005271388217806816,9.827502071857452e-05,4.448927938938141e-06,0.0004740259610116482,1.9720755517482758e-06,0.0002964260056614876,0.0028525213710963726,0.0007184222340583801,0.004967936780303717
tier_10k,1_1438042988061.16_20150728002308-00116-ip-10-236-191-2_764081199_5.csv,3,10,2.0,0.15,200,7,2,205,20,False,False,False,20,0,20,0.16666666666666666,0.12200435729847495,,,True,3,0.0014204932376742363,0.0006654439494013786,0.0006553861312568188,0.00011014891788363457,5.966983735561371e-06,0.000654958188533783,4.090834408998489e-06,0.0003128168173134327,0.0022195768542587757,0.0007057879120111465,0.004659881349653006
tier_10k,1_1438042988061.16_20150728002308-00116-ip-10-236-191-2_764081199_5.csv,3,10,3.0,0.15,200,7,2,205,30,False,False,False,30,0,30,0.16666666666666666,0.1062618595825427,,,True,3,0.0014204932376742363,0.0006654439494013786,0.0006553861312568188,0.00011014891788363457,5.966983735561371e-06,0.000654958188533783,4.090834408998489e-06,0.00031942594796419144,0.0029579680413007736,0.0006822370924055576,0.0053811343386769295
tier_10k,1_1438042988061.16_20150728002308-00116-ip-10-236-191-2_764081199_5.csv,3,20,2.0,0.15,200,7,2,205,40,False,False,False,40,0,40,0.16666666666666666,0.09286898839137644,,,True,3,0.0014204932376742363,0.0006654439494013786,0.0006553861312568188,0.00011014891788363457,5.966983735561371e-06,0.000654958188533783,4.090834408998489e-06,0.0003009103238582611,0.0039104558527469635,0.0017007719725370407,0.0073337252251803875
tier_10k,1_1438042988061.16_20150728002308-00116-ip-10-236-191-2_764081199_5.csv,3,20,3.0,0.15,200,7,2,205,60,False,False,False,60,0,60,0.16666666666666666,0.06982543640897755,,,True,4,0.0014204932376742363,0.0006654439494013786,0.0006553861312568188,0.00011014891788363457,5.966983735561371e-06,0.000654958188533783,4.090834408998489e-06,0.0004349490627646446,0.006548106204718351,0.0008617890998721123,0.009266566019505262
tier_10k,0_1438042988458.74_20150728002308-00095-ip-10-236-191-2_520943855_0.csv,4,10,2.0,0.15,200,7,1,206,20,False,False,False,20,0,20,0.2,0.05,,,True,3,0.0012279311195015907,0.0006320234388113022,0.0006249099969863892,0.00010162172839045525,4.945788532495499e-06,0.0005013993941247463,2.1676532924175262e-06,0.00030433014035224915,0.00240659574046731,0.0006657368503510952,0.004605838097631931
tier_10k,0_1438042988458.74_20150728002308-00095-ip-10-236-191-2_520943855_0.csv,4,10,3.0,0.15,200,7,1,206,30,False,False,False,30,0,30,0.2,0.03333333333333333,,,True,4,0.0012279311195015907,0.0006320234388113022,0.0006249099969863892,0.00010162172839045525,4.945788532495499e-06,0.0005013993941247463,2.1676532924175262e-06,0.0005294792354106903,0.004556077998131514,0.0007102810777723789,0.007025051396340132
tier_10k,0_1438042988458.74_20150728002308-00095-ip-10-236-191-2_520943855_0.csv,4,20,2.0,0.15,200,7,1,206,40,False,False,False,40,0,40,0.2,0.02575107296137339,,,True,3,0.0012279311195015907,0.0006320234388113022,0.0006249099969863892,0.00010162172839045525,4.945788532495499e-06,0.0005013993941247463,2.1676532924175262e-06,0.0003579077310860157,0.005348763894289732,0.000873067881911993,0.007808908820152283
tier_10k,0_1438042988458.74_20150728002308-00095-ip-10-236-191-2_520943855_0.csv,4,20,3.0,0.15,200,7,1,206,60,False,False,False,60,0,60,0.2,0.019002375296912115,,,True,2,0.0012279311195015907,0.0006320234388113022,0.0006249099969863892,0.00010162172839045525,4.945788532495499e-06,0.0005013993941247463,2.1676532924175262e-06,0.000276781152933836,0.00801385985687375,0.000882255844771862,0.010401966981589794
tier_10k,0_1438042988061.16_20150728002308-00322-ip-10-236-191-2_739065442_3.csv,0,10,2.0,0.15,200,85,1,284,20,False,True,True,20,10,20,0.25,0.2441860465116279,0.25,21.86786586046219,True,1,0.0018685860559344292,0.0007801037281751633,0.0007690200582146645,0.00015201419591903687,8.716713637113571e-06,0.0009475518018007278,2.3669563233852386e-06,0.00025592604652047157,0.0011126641184091568,0.003332837950438261,0.006571438629180193
tier_10k,0_1438042988061.16_20150728002308-00322-ip-10-236-191-2_739065442_3.csv,0,10,3.0,0.15,200,85,1,284,30,False,True,True,30,10,30,0.25,0.22794117647058823,0.22916666666666666,22.264025449752808,True,1,0.0018685860559344292,0.0007801037281751633,0.0007690200582146645,0.00015201419591903687,8.716713637113571e-06,0.0009475518018007278,2.3669563233852386e-06,0.0002799658104777336,0.001835716888308525,0.002865821123123169,0.006851559970527887
tier_10k,0_1438042988061.16_20150728002308-00322-ip-10-236-191-2_739065442_3.csv,0,20,2.0,0.15,200,85,1,284,40,False,True,True,40,20,40,0.25,0.22043010752688172,0.22340425531914893,42.82456195354462,True,1,0.0018685860559344292,0.0007801037281751633,0.0007690200582146645,0.00015201419591903687,8.716713637113571e-06,0.0009475518018007278,2.3669563233852386e-06,0.00027102092280983925,0.0027173487469553947,0.002842226065695286,0.007700636982917786
tier_10k,0_1438042988061.16_20150728002308-00322-ip-10-236-191-2_739065442_3.csv,0,20,3.0,0.15,200,85,1,284,60,False,True,True,60,20,60,0.25,0.19924812030075187,0.17105263157894737,45.23269587755203,True,2,0.0018685860559344292,0.0007801037281751633,0.0007690200582146645,0.00015201419591903687,8.716713637113571e-06,0.0009475518018007278,2.3669563233852386e-06,0.00038279779255390167,0.004382691811770201,0.0029024439863860607,0.009537995792925358
tier_10k,1_1438042987127.36_20150728002307-00145-ip-10-236-191-2_499439925_0.csv,2,10,2.0,0.15,200,3,3,200,20,False,False,False,20,0,20,0.09523809523809523,0.03208556149732621,,,True,2,0.0011536856181919575,0.00047658896073699,0.0004634088836610317,0.00010493956506252289,6.294809281826019e-06,0.0005853371694684029,6.885267794132233e-06,0.00025910278782248497,0.003849014639854431,0.0006804079748690128,0.005943484604358673
tier_10k,1_1438042987127.36_20150728002307-00145-ip-10-236-191-2_499439925_0.csv,2,10,3.0,0.15,200,3,3,200,30,False,False,False,30,0,30,0.09523809523809523,0.019417475728155338,,,True,2,0.0011536856181919575,0.00047658896073699,0.0004634088836610317,0.00010493956506252289,6.294809281826019e-06,0.0005853371694684029,6.885267794132233e-06,0.0002477876842021942,0.0052281939424574375,0.0008527068421244621,0.007483430206775665
tier_10k,1_1438042987127.36_20150728002307-00145-ip-10-236-191-2_499439925_0.csv,2,20,2.0,0.15,200,3,3,200,40,False,False,False,40,0,40,0.09523809523809523,0.013303769401330377,,,True,2,0.0011536856181919575,0.00047658896073699,0.0004634088836610317,0.00010493956506252289,6.294809281826019e-06,0.0005853371694684029,6.885267794132233e-06,0.0002297600731253624,0.007035046350210905,0.0009009628556668758,0.009320536628365517
tier_10k,1_1438042987127.36_20150728002307-00145-ip-10-236-191-2_499439925_0.csv,2,20,3.0,0.15,200,3,3,200,60,False,False,False,60,0,60,0.09523809523809523,0.007792207792207792,,,True,2,0.0011536856181919575,0.00047658896073699,0.0004634088836610317,0.00010493956506252289,6.294809281826019e-06,0.0005853371694684029,6.885267794132233e-06,0.0002580080181360245,0.010948671028017998,0.0009141610935330391,0.013275648932904005
tier_10k,1_1438042990112.50_20150728002310-00013-ip-10-236-191-2_321346784_4.csv,1,10,2.0,0.15,200,14,14,200,20,False,True,True,20,10,20,0.3333333333333333,0.17857142857142858,0.16666666666666666,29.776135504245758,True,2,0.001019828487187624,0.00041892193257808685,0.0003827260807156563,0.00011246511712670326,1.3202894479036331e-05,0.0005246372893452644,2.299295738339424e-05,0.0002621607854962349,0.0012022829614579678,0.003405769821256399,0.0058916425332427025
tier_10k,1_1438042990112.50_20150728002310-00013-ip-10-236-191-2_321346784_4.csv,1,10,3.0,0.15,200,14,14,200,30,False,True,True,30,10,30,0.3333333333333333,0.13157894736842105,0.16666666666666666,29.88549268245697,True,2,0.001019828487187624,0.00041892193257808685,0.0003827260807156563,0.00011246511712670326,1.3202894479036331e-05,0.0005246372893452644,2.299295738339424e-05,0.00028912443667650223,0.0016851508989930153,0.0028676758520305157,0.005863224621862173
tier_10k,1_1438042990112.50_20150728002310-00013-ip-10-236-191-2_321346784_4.csv,1,20,2.0,0.15,200,14,14,200,40,False,True,True,40,20,40,0.3333333333333333,0.09740259740259741,0.15384615384615385,58.89070010185242,True,2,0.001019828487187624,0.00041892193257808685,0.0003827260807156563,0.00011246511712670326,1.3202894479036331e-05,0.0005246372893452644,2.299295738339424e-05,0.00027712807059288025,0.0022106990218162537,0.0029310653917491436,0.006440124474465847
tier_10k,1_1438042990112.50_20150728002310-00013-ip-10-236-191-2_321346784_4.csv,1,20,3.0,0.15,200,14,14,200,60,False,True,True,60,20,60,0.3333333333333333,0.0641025641025641,0.15384615384615385,58.89070010185242,True,2,0.001019828487187624,0.00041892193257808685,0.0003827260807156563,0.00011246511712670326,1.3202894479036331e-05,0.0005246372893452644,2.299295738339424e-05,0.00028615398332476616,0.0034334049560129642,0.003153467085212469,0.007894268725067377
tier_10k,0_1438042988061.16_20150728002308-00143-ip-10-236-191-2_392191488_0.csv,0,10,2.0,0.15,200,22,1,221,20,False,True,True,20,10,20,0.06060606060606061,0.23529411764705882,0.16666666666666666,11.577366352081299,True,2,0.0015112408436834812,0.0006644683890044689,0.0006549390964210033,0.00011869193986058235,6.465241312980652e-06,0.0007376098074018955,3.0640512704849243e-06,0.00028852373361587524,0.0007541687227785587,0.0025703581050038338,0.005125712603330612
tier_10k,0_1438042988061.16_20150728002308-00143-ip-10-236-191-2_392191488_0.csv,0,10,3.0,0.15,200,22,1,221,30,False,True,True,30,10,30,0.06060606060606061,0.18867924528301888,0.15789473684210525,15.5508673787117,True,4,0.0015112408436834812,0.0006644683890044689,0.0006549390964210033,0.00011869193986058235,6.465241312980652e-06,0.0007376098074018955,3.0640512704849243e-06,0.00047042500227689743,0.0012347763404250145,0.00266086682677269,0.005878685042262077
tier_10k,0_1438042988061.16_20150728002308-00143-ip-10-236-191-2_392191488_0.csv,0,20,2.0,0.15,200,22,1,221,40,False,True,True,40,20,40,0.06060606060606061,0.14705882352941177,0.15476190476190477,35.63085275888443,True,4,0.0015112408436834812,0.0006644683890044689,0.0006549390964210033,0.00011869193986058235,6.465241312980652e-06,0.0007376098074018955,3.0640512704849243e-06,0.000683911144733429,0.002462552860379219,0.0029532359912991524,0.007612679619342089
tier_10k,0_1438042988061.16_20150728002308-00143-ip-10-236-191-2_392191488_0.csv,0,20,3.0,0.15,200,22,1,221,60,False,True,True,60,20,60,0.06060606060606061,0.1,0.15,36.81968241930008,True,3,0.0015112408436834812,0.0006644683890044689,0.0006549390964210033,0.00011869193986058235,6.465241312980652e-06,0.0007376098074018955,3.0640512704849243e-06,0.00040449993684887886,0.0032065841369330883,0.002805649768561125,0.007929551880806684
tier_10k,1_1438042987127.36_20150728002307-00040-ip-10-236-191-2_17801588_1.csv,2,10,2.0,0.15,200,12,1,211,20,False,True,True,20,10,20,1.0,0.2545454545454545,0.18181818181818182,26.842715680599213,True,4,0.0013194568455219269,0.0006498186849057674,0.0006412016227841377,0.0001220940612256527,6.278976798057556e-06,0.0005561611615121365,2.338085323572159e-06,0.0004583820700645447,0.0014781849458813667,0.002353790681809187,0.005611310712993145
tier_10k,1_1438042987127.36_20150728002307-00040-ip-10-236-191-2_17801588_1.csv,2,10,3.0,0.15,200,12,1,211,30,False,True,True,30,10,30,1.0,0.189873417721519,0.18181818181818182,26.983878433704376,True,3,0.0013194568455219269,0.0006498186849057674,0.0006412016227841377,0.0001220940612256527,6.278976798057556e-06,0.0005561611615121365,2.338085323572159e-06,0.0003882031887769699,0.001894140150398016,0.0021920716390013695,0.005795284640043974
tier_10k,1_1438042987127.36_20150728002307-00040-ip-10-236-191-2_17801588_1.csv,2,20,2.0,0.15,200,12,1,211,40,False,True,True,40,20,40,1.0,0.15151515151515152,0.2,50.69150376319885,True,3,0.0013194568455219269,0.0006498186849057674,0.0006412016227841377,0.0001220940612256527,6.278976798057556e-06,0.0005561611615121365,2.338085323572159e-06,0.00038751401007175446,0.0025461409240961075,0.0028535877354443073,0.007108109071850777
tier_10k,1_1438042987127.36_20150728002307-00040-ip-10-236-191-2_17801588_1.csv,2,20,3.0,0.15,200,12,1,211,60,False,True,True,60,20,60,1.0,0.10810810810810811,0.2,50.83580732345581,True,3,0.0013194568455219269,0.0006498186849057674,0.0006412016227841377,0.0001220940612256527,6.278976798057556e-06,0.0005561611615121365,2.338085323572159e-06,0.00039803097024559975,0.003677643369883299,0.0029966100119054317,0.0083931190893054
tier_10k,1_1438042987127.36_20150728002307-00050-ip-10-236-191-2_732552166_0.csv,0,10,2.0,0.15,200,1,1,200,20,False,True,True,20,10,20,1.0,0.09523809523809523,0.18181818181818182,18.655257880687714,True,2,0.0012581362389028072,0.0006294152699410915,0.000622081570327282,0.000104506965726614,5.197711288928986e-06,0.0005315477028489113,2.1359883248806e-06,0.00027175992727279663,0.0008609150536358356,0.0021612769924104214,0.004553534090518951
tier_10k,1_1438042987127.36_20150728002307-00050-ip-10-236-191-2_732552166_0.csv,0,10,3.0,0.15,200,1,1,200,30,False,True,True,30,10,30,1.0,0.06451612903225806,0.18181818181818182,18.73920774459839,True,2,0.0012581362389028072,0.0006294152699410915,0.000622081570327282,0.000104506965726614,5.197711288928986e-06,0.0005315477028489113,2.1359883248806e-06,0.00028620194643735886,0.0012112390249967575,0.00243575731292367,0.005192651879042387
tier_10k,1_1438042987127.36_20150728002307-00050-ip-10-236-191-2_732552166_0.csv,0,20,2.0,0.15,200,1,1,200,40,False,False,False,40,0,40,1.0,0.04878048780487805,,,True,2,0.0012581362389028072,0.0006294152699410915,0.000622081570327282,0.000104506965726614,5.197711288928986e-06,0.0005315477028489113,2.1359883248806e-06,0.0002831532619893551,0.0015822122804820538,0.0006761671975255013,0.0038009644486010075
tier_10k,1_1438042987127.36_20150728002307-00050-ip-10-236-191-2_732552166_0.csv,0,20,3.0,0.15,200,1,1,200,60,False,False,False,60,0,60,1.0,0.03278688524590164,,,True,2,0.0012581362389028072,0.0006294152699410915,0.000622081570327282,0.000104506965726614,5.197711288928986e-06,0.0005315477028489113,2.1359883248806e-06,0.0002852962352335453,0.0024181557819247246,0.0007222308777272701,0.004684899002313614
tier_10k,1_1438042987127.36_20150728002307-00263-ip-10-236-191-2_379683688_1.csv,0,10,2.0,0.15,200,8,2,206,20,False,True,True,20,10,20,0.16666666666666666,0.11392405063291139,0.15,21.59812819957733,True,2,0.0012683449313044548,0.0005173766985535622,0.0005070040933787823,0.00010907603427767754,6.098765879869461e-06,0.000652264803647995,4.273839294910431e-06,0.00026079220697283745,0.0015540742315351963,0.0024705459363758564,0.005555230658501387
tier_10k,1_1438042987127.36_20150728002307-00263-ip-10-236-191-2_379683688_1.csv,0,10,3.0,0.15,200,8,2,206,30,False,True,True,30,10,30,0.16666666666666666,0.08181818181818182,0.15,21.59812819957733,True,2,0.0012683449313044548,0.0005173766985535622,0.0005070040933787823,0.00010907603427767754,6.098765879869461e-06,0.000652264803647995,4.273839294910431e-06,0.0002803560346364975,0.0022016186267137527,0.002474611159414053,0.0062264008447527885
tier_10k,1_1438042987127.36_20150728002307-00263-ip-10-236-191-2_379683688_1.csv,0,20,2.0,0.15,200,8,2,206,40,False,False,False,40,0,40,0.16666666666666666,0.05921052631578947,,,True,2,0.0012683449313044548,0.0005173766985535622,0.0005070040933787823,0.00010907603427767754,6.098765879869461e-06,0.000652264803647995,4.273839294910431e-06,0.00027541210874915123,0.0028118230402469635,0.0007160678505897522,0.005072982981801033
tier_10k,1_1438042987127.36_20150728002307-00263-ip-10-236-191-2_379683688_1.csv,0,20,3.0,0.15,200,8,2,206,60,False,False,False,60,0,60,0.16666666666666666,0.03571428571428571,,,True,2,0.0012683449313044548,0.0005173766985535622,0.0005070040933787823,0.00010907603427767754,6.098765879869461e-06,0.000652264803647995,4.273839294910431e-06,0.00028179213404655457,0.004328055307269096,0.0007275729440152645,0.006606959737837315
tier_10k,1_1438042990112.50_20150728002310-00139-ip-10-236-191-2_473436377_9.csv,1,10,2.0,0.15,200,138,50,288,20,False,True,True,20,10,20,0.6666666666666666,0.9881656804733728,0.9764705882352941,34.576063215732574,True,1,0.001493050716817379,0.0005993940867483616,0.00048715202137827873,0.00014760997146368027,3.329198807477951e-05,0.00085828872397542,7.895007729530334e-05,0.0002388269640505314,0.001619115937501192,0.0028954381123185158,0.0062478696927428246
tier_10k,1_1438042990112.50_20150728002310-00139-ip-10-236-191-2_473436377_9.csv,1,10,3.0,0.15,200,138,50,288,30,False,True,True,30,10,30,0.6666666666666666,0.990521327014218,0.9761904761904762,34.80453431606293,True,1,0.001493050716817379,0.0005993940867483616,0.00048715202137827873,0.00014760997146368027,3.329198807477951e-05,0.00085828872397542,7.895007729530334e-05,0.0002865651622414589,0.0024817250669002533,0.002456249203532934,0.006719148717820644
tier_10k,1_1438042990112.50_20150728002310-00139-ip-10-236-191-2_473436377_9.csv,1,20,2.0,0.15,200,138,50,288,40,False,True,True,40,20,40,0.6666666666666666,0.9920318725099602,0.9867549668874173,67.79245191812515,True,1,0.001493050716817379,0.0005993940867483616,0.00048715202137827873,0.00014760997146368027,3.329198807477951e-05,0.00085828872397542,7.895007729530334e-05,0.0002814573235809803,0.00323542021214962,0.0022677755914628506,0.0072791376151144505
tier_10k,1_1438042990112.50_20150728002310-00139-ip-10-236-191-2_473436377_9.csv,1,20,3.0,0.15,200,138,50,288,60,False,True,True,60,20,60,0.6666666666666666,0.993485342019544,0.9844961240310077,68.39396631717682,True,1,0.001493050716817379,0.0005993940867483616,0.00048715202137827873,0.00014760997146368027,3.329198807477951e-05,0.00085828872397542,7.895007729530334e-05,0.00028006918728351593,0.004331492818892002,0.0026427912525832653,0.008748869877308607
tier_10k,1_1438042987127.36_20150728002307-00017-ip-10-236-191-2_861030184_5.csv,1,10,2.0,0.15,200,6,3,203,20,False,True,True,20,10,20,1.0,0.2727272727272727,0.36363636363636365,28.08076709508896,True,3,0.0010956525802612305,0.0005046790465712547,0.0004929970018565655,0.0001086047850549221,6.509944796562195e-06,0.0004940507933497429,5.17209991812706e-06,0.0003692368045449257,0.0013627829030156136,0.002394020091742277,0.005223075859248638
tier_10k,1_1438042987127.36_20150728002307-00017-ip-10-236-191-2_861030184_5.csv,1,10,3.0,0.15,200,6,3,203,30,False,True,True,30,10,30,1.0,0.1875,0.36363636363636365,28.72467029094696,True,3,0.0010956525802612305,0.0005046790465712547,0.0004929970018565655,0.0001086047850549221,6.509944796562195e-06,0.0004940507933497429,5.17209991812706e-06,0.00035767490044236183,0.0018869289197027683,0.0023046149872243404,0.005646257661283016
tier_10k,1_1438042987127.36_20150728002307-00017-ip-10-236-191-2_861030184_5.csv,1,20,2.0,0.15,200,6,3,203,40,False,True,True,40,20,40,1.0,0.14285714285714285,0.19047619047619047,55.991352677345276,True,3,0.0010956525802612305,0.0005046790465712547,0.0004929970018565655,0.0001086047850549221,6.509944796562195e-06,0.0004940507933497429,5.17209991812706e-06,0.0003681499511003494,0.002479485236108303,0.0023350329138338566,0.006279684603214264
tier_10k,1_1438042987127.36_20150728002307-00017-ip-10-236-191-2_861030184_5.csv,1,20,3.0,0.15,200,6,3,203,60,False,True,True,60,20,60,1.0,0.0967741935483871,0.19047619047619047,57.402248322963715,True,3,0.0010956525802612305,0.0005046790465712547,0.0004929970018565655,0.0001086047850549221,6.509944796562195e-06,0.0004940507933497429,5.17209991812706e-06,0.00038061710074543953,0.004354781936854124,0.0025650449097156525,0.008397653698921204
