q_table,attr,value,n_D_tier_10k,n_D_tier_100k,min_D
0_1438042988458.74_20150728002308-00103-ip-10-236-191-2_666285279_1.csv,4,50,93,363,93
1_1438042987127.36_20150728002307-00144-ip-10-236-191-2_676020729_0.csv,5,3,226,366,226
0_1438042988061.16_20150728002308-00282-ip-10-236-191-2_894007386_3.csv,0,Tips for prospective students,369,2415,369
0_1438042988458.74_20150728002308-00249-ip-10-236-191-2_328699461_4.csv,2,1,563,918,563
1_1438042990112.50_20150728002310-00273-ip-10-236-191-2_869240800_0.csv,0,RapidApp-1.0601,2,2,2
0_1438042988061.16_20150728002308-00096-ip-10-236-191-2_895004754_0.csv,0,"Costume design on Broadway, 1987:",1,1,1
1_1438042987127.36_20150728002307-00114-ip-10-236-191-2_902351685_191.csv,0,Tips for prospective students,365,2504,365
1_1438042987127.36_20150728002307-00182-ip-10-236-191-2_150862475_5.csv,6,0,265,368,265
1_1438042987127.36_20150728002307-00015-ip-10-236-191-2_372255835_10.csv,0,Lotto,1,1,1
0_1438042988458.74_20150728002308-00325-ip-10-236-191-2_265100376_0.csv,0,Build a 35' free standing tilt over antenna tower,1,1,1
1_1438042987127.36_20150728002307-00000-ip-10-236-191-2_300770320_2.csv,0,1,329,589,329
0_1438042988061.16_20150728002308-00164-ip-10-236-191-2_873456340_3.csv,0,1,177,241,177
0_1438042988458.74_20150728002308-00046-ip-10-236-191-2_688841822_2.csv,3,-,56,88,56
1_1438042990112.50_20150728002310-00103-ip-10-236-191-2_381157664_0.csv,3,0,38,167,38
1_1438042987127.36_20150728002307-00080-ip-10-236-191-2_899463259_102.csv,0,Tips for prospective students,366,2517,366
1_1438042987127.36_20150728002307-00140-ip-10-236-191-2_74640728_1.csv,0,12,68,61,61
1_1438042990112.50_20150728002310-00154-ip-10-236-191-2_303864106_21.csv,7,1,304,324,304
0_1438042988458.74_20150728002308-00264-ip-10-236-191-2_704598375_3.csv,1,AZ,1,1,1
0_1438042988061.16_20150728002308-00310-ip-10-236-191-2_342423429_0.csv,0,100+,2,21,2
1_1438042988061.16_20150728002308-00116-ip-10-236-191-2_764081199_5.csv,2,Hamilton,6,36,6
0_1438042988458.74_20150728002308-00095-ip-10-236-191-2_520943855_0.csv,3,2,308,349,308
0_1438042988061.16_20150728002308-00322-ip-10-236-191-2_739065442_3.csv,2,19,38,40,38
1_1438042987127.36_20150728002307-00145-ip-10-236-191-2_499439925_0.csv,0,3,503,668,503
1_1438042990112.50_20150728002310-00013-ip-10-236-191-2_321346784_4.csv,2,1,534,980,534
0_1438042988061.16_20150728002308-00143-ip-10-236-191-2_392191488_0.csv,0,5/6,1,2,1
1_1438042987127.36_20150728002307-00040-ip-10-236-191-2_17801588_1.csv,2,$6.00,1,1,1
1_1438042987127.36_20150728002307-00050-ip-10-236-191-2_732552166_0.csv,0,arab_lle4.pdf,1,1,1
1_1438042987127.36_20150728002307-00263-ip-10-236-191-2_379683688_1.csv,0,Video,6,40,6
1_1438042990112.50_20150728002310-00139-ip-10-236-191-2_473436377_9.csv,1,AS,109,1043,109
1_1438042987127.36_20150728002307-00017-ip-10-236-191-2_861030184_5.csv,1,No price,4,13,4
1_1438042990112.50_20150728002310-00304-ip-10-236-191-2_45966862_1.csv,0,Brian Hanley,1,1,1
0_1438042988458.74_20150728002308-00228-ip-10-236-191-2_891010931_1.csv,1,add,37,319,37
1_1438042987127.36_20150728002307-00033-ip-10-236-191-2_482136553_0.csv,0,1,263,216,216
0_1438042988061.16_20150728002308-00234-ip-10-236-191-2_710361395_1.csv,8,10,245,182,182
1_1438042987127.36_20150728002307-00155-ip-10-236-191-2_478402679_2.csv,2,Shopping,1,2,1
1_1438042987127.36_20150728002307-00337-ip-10-236-191-2_652633433_0.csv,4,07.12.2015,4,16,4
0_1438042988061.16_20150728002308-00109-ip-10-236-191-2_681611335_21.csv,1,1,474,486,474
0_1438042988061.16_20150728002308-00096-ip-10-236-191-2_920768028_81.csv,0,FR Doc.,29,272,29
0_1438042988061.16_20150728002308-00244-ip-10-236-191-2_65898746_2.csv,4,2,525,1610,525
0_1438042988061.16_20150728002308-00295-ip-10-236-191-2_159128928_26.csv,2,3,164,292,164
0_1438042988061.16_20150728002308-00215-ip-10-236-191-2_362876303_35.csv,4,7,280,639,280
1_1438042990112.50_20150728002310-00312-ip-10-236-191-2_3243890_59.csv,0,1,253,282,253
1_1438042990112.50_20150728002310-00085-ip-10-236-191-2_403435483_3.csv,1,1,229,407,229
0_1438042988061.16_20150728002308-00274-ip-10-236-191-2_901881144_4.csv,1,FL,4,4,4
1_1438042987127.36_20150728002307-00326-ip-10-236-191-2_165468224_3.csv,3,-,150,458,150
0_1438042988061.16_20150728002308-00299-ip-10-236-191-2_392046213_1.csv,7,1,186,195,186
0_1438042988061.16_20150728002308-00194-ip-10-236-191-2_846810834_13.csv,2,8,354,246,246
0_1438042988458.74_20150728002308-00166-ip-10-236-191-2_494514030_0.csv,0,Doctors with experience in your treatment:,137,814,137
0_1438042988458.74_20150728002308-00219-ip-10-236-191-2_349121579_52.csv,0,--,19,24,19
1_1438042988061.16_20150728002308-00169-ip-10-236-191-2_572089000_10.csv,0,Mangalover2000,1,1,1
1_1438042990112.50_20150728002310-00168-ip-10-236-191-2_306374627_15.csv,13,1,236,183,183
0_1438042988458.74_20150728002308-00057-ip-10-236-191-2_915467340_134.csv,1,$41.92,1,1,1
0_1438042988061.16_20150728002308-00171-ip-10-236-191-2_336251839_0.csv,3,6,77,58,58
0_1438042988061.16_20150728002308-00187-ip-10-236-191-2_496359241_7.csv,5,2B,43,313,43
0_1438042988061.16_20150728002308-00058-ip-10-236-191-2_507528600_8.csv,0,InterPro,1,6,1
1_1438042990112.50_20150728002310-00286-ip-10-236-191-2_318221297_4.csv,2,1,548,952,548
0_1438042988061.16_20150728002308-00132-ip-10-236-191-2_10266597_7.csv,0,1-Nov-2013,1,1,1
1_1438042990112.50_20150728002310-00108-ip-10-236-191-2_24078703_0.csv,5,0,189,49,49
0_1438042988061.16_20150728002308-00265-ip-10-236-191-2_909292875_28.csv,9,Item Details,52,366,52
1_1438042987127.36_20150728002307-00067-ip-10-236-191-2_400755031_0.csv,0,Advance Transit Bus,1,1,1
1_1438042987127.36_20150728002307-00290-ip-10-236-191-2_407999777_10.csv,3,1,231,317,231
1_1438042987127.36_20150728002307-00080-ip-10-236-191-2_72720382_9.csv,1,NUMBER,2,11,2
0_1438042988458.74_20150728002308-00092-ip-10-236-191-2_915609503_0.csv,4,40,148,560,148
0_1438042988061.16_20150728002308-00271-ip-10-236-191-2_902651010_0.csv,1,110,63,80,63
0_1438042988458.74_20150728002308-00166-ip-10-236-191-2_302386578_10.csv,0,2,492,442,442
0_1438042988458.74_20150728002308-00012-ip-10-236-191-2_657429323_13.csv,0,SF,136,1061,136
0_1438042988458.74_20150728002308-00160-ip-10-236-191-2_416193045_27.csv,2,$30.00,5,11,5
0_1438042988458.74_20150728002308-00157-ip-10-236-191-2_868830551_3.csv,0,"Experimental: A Alprazolam 3 mg Extended Release Tablets, single dose",1,1,1
0_1438042988061.16_20150728002308-00052-ip-10-236-191-2_215955037_0.csv,1,None,11,12,11
0_1438042988458.74_20150728002308-00253-ip-10-236-191-2_222600153_3.csv,2,1,282,309,282
1_1438042987127.36_20150728002307-00142-ip-10-236-191-2_312515113_0.csv,2,2,195,402,195
1_1438042987127.36_20150728002307-00131-ip-10-236-191-2_493669280_0.csv,0,Doctors with experience in your treatment:,137,814,137
0_1438042988061.16_20150728002308-00249-ip-10-236-191-2_830494766_10.csv,0,3:45pm,1,3,1
0_1438042988061.16_20150728002308-00069-ip-10-236-191-2_708425658_9.csv,0,Name,1,13,1
1_1438042990112.50_20150728002310-00237-ip-10-236-191-2_880298254_15.csv,0,Tips for prospective students,365,2487,365
0_1438042988061.16_20150728002308-00155-ip-10-236-191-2_871837320_3.csv,0,Placebo Comparator: Placebo,3,11,3
1_1438042990112.50_20150728002310-00105-ip-10-236-191-2_566352488_0.csv,3,Kansas City,12,50,12
0_1438042988061.16_20150728002308-00089-ip-10-236-191-2_807127666_2.csv,0,3,324,705,324
1_1438042990112.50_20150728002310-00178-ip-10-236-191-2_488566415_0.csv,0,Doctors with experience in your treatment:,137,814,137
1_1438042987127.36_20150728002307-00339-ip-10-236-191-2_272617225_0.csv,3,0.0,76,136,76
0_1438042988458.74_20150728002308-00060-ip-10-236-191-2_492355315_1.csv,4,2,525,1610,525
0_1438042988458.74_20150728002308-00027-ip-10-236-191-2_342954296_0.csv,2,Show Prices,9,64,9
1_1438042988061.16_20150728002308-00206-ip-10-236-191-2_416073142_10.csv,3,1,199,390,199
0_1438042988458.74_20150728002308-00316-ip-10-236-191-2_479783029_8.csv,1,AS,109,1029,109
1_1438042988061.16_20150728002308-00203-ip-10-236-191-2_470530503_0.csv,0,L,150,880,150
1_1438042990112.50_20150728002310-00296-ip-10-236-191-2_202658094_3.csv,3,1,366,484,366
0_1438042988458.74_20150728002308-00017-ip-10-236-191-2_881119837_0.csv,1,int,3,17,3
1_1438042987127.36_20150728002307-00132-ip-10-236-191-2_682081085_5.csv,0,SF,136,1251,136
1_1438042988061.16_20150728002308-00013-ip-10-236-191-2_636339982_0.csv,4,2,525,1610,525
1_1438042987127.36_20150728002307-00294-ip-10-236-191-2_390417830_16.csv,5,0,346,667,346
0_1438042988458.74_20150728002308-00254-ip-10-236-191-2_909417374_257.csv,0,In three sentences,326,2461,326
1_1438042988061.16_20150728002308-00294-ip-10-236-191-2_860629358_1.csv,0,…,4,25,4
1_1438042990112.50_20150728002310-00300-ip-10-236-191-2_243998839_10.csv,4,4,123,219,123
1_1438042987127.36_20150728002307-00007-ip-10-236-191-2_726008824_3.csv,0,Infrared H,1,2,1
0_1438042988458.74_20150728002308-00340-ip-10-236-191-2_678335415_4.csv,2,$14.95,22,54,22
0_1438042988061.16_20150728002308-00101-ip-10-236-191-2_653250037_0.csv,1,1,362,276,276
1_1438042990112.50_20150728002310-00103-ip-10-236-191-2_201675712_0.csv,1,Chat Chat away to your heart's desire here...,2,3,2
0_1438042988061.16_20150728002308-00277-ip-10-236-191-2_473026698_5.csv,2,4,349,153,153
1_1438042990112.50_20150728002310-00330-ip-10-236-191-2_389141125_2.csv,3,84,32,138,32
0_1438042988458.74_20150728002308-00046-ip-10-236-191-2_428007644_11.csv,3,7,368,718,368
0_1438042988061.16_20150728002308-00128-ip-10-236-191-2_488404069_5.csv,3,Covidien Lp,2,31,2
0_1438042988458.74_20150728002308-00088-ip-10-236-191-2_525593014_0.csv,10,1,34,248,34
1_1438042987127.36_20150728002307-00185-ip-10-236-191-2_934950952_6.csv,0,Charismatic Leadership,1,1,1
1_1438042987127.36_20150728002307-00290-ip-10-236-191-2_469307566_0.csv,5,3,495,582,495
1_1438042988061.16_20150728002308-00294-ip-10-236-191-2_748159723_10.csv,0,By Niche,2,22,2
1_1438042990112.50_20150728002310-00240-ip-10-236-191-2_133104041_0.csv,0,David Schoen Director of Libraries,1,1,1
0_1438042988061.16_20150728002308-00337-ip-10-236-191-2_620847672_0.csv,3,"11""",1,1,1
1_1438042990112.50_20150728002310-00062-ip-10-236-191-2_896744244_9.csv,0,In three sentences,326,2456,326
0_1438042988458.74_20150728002308-00039-ip-10-236-191-2_871917948_0.csv,1,Recommendation,2,2,2
0_1438042988458.74_20150728002308-00084-ip-10-236-191-2_97735748_0.csv,1,"Website Feedback Forum for technical support, feedback and questions about the autosport.com website. Suggestions and constructive criticisms are welcome as well.",8,95,8
1_1438042990112.50_20150728002310-00225-ip-10-236-191-2_718036865_0.csv,0,1,309,551,309
0_1438042988061.16_20150728002308-00189-ip-10-236-191-2_414087396_10.csv,3,1,240,316,240
0_1438042988061.16_20150728002308-00193-ip-10-236-191-2_891841692_9.csv,0,Tips for prospective students,123,190,123
1_1438042987127.36_20150728002307-00226-ip-10-236-191-2_403676728_1.csv,1,Feature,1,1,1
0_1438042988061.16_20150728002308-00031-ip-10-236-191-2_710169960_2.csv,2,Black,8,43,8
0_1438042988061.16_20150728002308-00144-ip-10-236-191-2_279381280_30.csv,0,4,433,707,433
0_1438042988061.16_20150728002308-00228-ip-10-236-191-2_789039469_0.csv,2,0%,30,63,30
0_1438042988061.16_20150728002308-00054-ip-10-236-191-2_621929835_1.csv,0,1,177,175,175
0_1438042988458.74_20150728002308-00116-ip-10-236-191-2_58122298_2.csv,2,PDF,7,31,7
0_1438042988061.16_20150728002308-00024-ip-10-236-191-2_873973001_3.csv,1,London,12,84,12
1_1438042990112.50_20150728002310-00311-ip-10-236-191-2_270835547_0.csv,2,4,108,78,78
1_1438042987127.36_20150728002307-00203-ip-10-236-191-2_480925335_12.csv,0,"Flare, Decoy, MK 46 MOD 1C",1,1,1
0_1438042988061.16_20150728002308-00247-ip-10-236-191-2_490571702_80.csv,0,Phoenix,2,8,2
1_1438042990112.50_20150728002310-00081-ip-10-236-191-2_890934925_129.csv,0,In three sentences,327,2132,327
0_1438042988061.16_20150728002308-00215-ip-10-236-191-2_160069933_2.csv,3,Tools,5,10,5
0_1438042988061.16_20150728002308-00133-ip-10-236-191-2_59742533_2.csv,4,1,262,374,262
1_1438042990112.50_20150728002310-00259-ip-10-236-191-2_889779227_121.csv,0,Tips for prospective students,365,2423,365
1_1438042987127.36_20150728002307-00032-ip-10-236-191-2_499298314_7.csv,3,-,146,452,146
1_1438042990112.50_20150728002310-00032-ip-10-236-191-2_629685667_2.csv,1,Base,3,19,3
0_1438042988458.74_20150728002308-00262-ip-10-236-191-2_380524338_2.csv,0,1,488,745,488
0_1438042988061.16_20150728002308-00070-ip-10-236-191-2_441712014_4.csv,0,160008,1,1,1
1_1438042990112.50_20150728002310-00108-ip-10-236-191-2_286988515_0.csv,4,Add to cart,54,320,54
0_1438042988061.16_20150728002308-00042-ip-10-236-191-2_85551056_31.csv,1,ISO-8859-1,10,114,10
0_1438042988061.16_20150728002308-00145-ip-10-236-191-2_90106921_0.csv,0,Total USDA - Subsidies,1,1,1
1_1438042987127.36_20150728002307-00006-ip-10-236-191-2_859490109_3.csv,0,Placebo Comparator: Placebo This group of infant will not receive any medication but sugar water or placebo,1,1,1
0_1438042988061.16_20150728002308-00128-ip-10-236-191-2_87075074_7.csv,1,Enabled,17,139,17
1_1438042987127.36_20150728002307-00027-ip-10-236-191-2_67802697_2.csv,5,12,442,643,442
0_1438042988061.16_20150728002308-00316-ip-10-236-191-2_622873617_0.csv,0,14K,2,10,2
0_1438042988458.74_20150728002308-00175-ip-10-236-191-2_385639780_18.csv,1,1,398,585,398
1_1438042987127.36_20150728002307-00067-ip-10-236-191-2_148882419_5.csv,1,71,10,45,10
1_1438042990112.50_20150728002310-00336-ip-10-236-191-2_797013753_2.csv,6,Add BLAST,7,26,7
0_1438042988458.74_20150728002308-00141-ip-10-236-191-2_176640990_2.csv,3,1/1,6,50,6
0_1438042988458.74_20150728002308-00303-ip-10-236-191-2_56708567_9.csv,1,1,520,746,520
0_1438042988458.74_20150728002308-00063-ip-10-236-191-2_657101208_1.csv,2,0,371,718,371
0_1438042988458.74_20150728002308-00261-ip-10-236-191-2_382021289_7.csv,0,Market Value Non-Qualified Acres And Farm/Ranch Imp,1,12,1
1_1438042988061.16_20150728002308-00140-ip-10-236-191-2_443832020_3.csv,4,Haiti: de L'Ouest,1,2,1
1_1438042987127.36_20150728002307-00218-ip-10-236-191-2_45784415_0.csv,0,stats,77,703,77
1_1438042990112.50_20150728002310-00190-ip-10-236-191-2_436521753_9.csv,3,1,284,304,284
1_1438042987127.36_20150728002307-00214-ip-10-236-191-2_225430488_0.csv,1,1,514,459,459
0_1438042988061.16_20150728002308-00047-ip-10-236-191-2_843664602_0.csv,1,3,363,288,288
0_1438042988061.16_20150728002308-00181-ip-10-236-191-2_216538600_0.csv,1,6,434,1805,434
1_1438042987127.36_20150728002307-00259-ip-10-236-191-2_646931631_6.csv,0,413230,1,1,1
0_1438042988061.16_20150728002308-00002-ip-10-236-191-2_545269850_0.csv,4,2,525,1610,525
0_1438042988061.16_20150728002308-00055-ip-10-236-191-2_861302972_0.csv,5,Closed,8,13,8
0_1438042988061.16_20150728002308-00330-ip-10-236-191-2_795231590_4.csv,1,1,537,549,537
0_1438042988061.16_20150728002308-00235-ip-10-236-191-2_713850328_17.csv,1,1,328,386,328
1_1438042990112.50_20150728002310-00210-ip-10-236-191-2_887276836_10.csv,1,1,188,139,139
0_1438042988458.74_20150728002308-00031-ip-10-236-191-2_23416240_1.csv,0,Total,10,6,6
0_1438042988061.16_20150728002308-00321-ip-10-236-191-2_878744193_1.csv,1,None,24,143,24
0_1438042988458.74_20150728002308-00275-ip-10-236-191-2_681513784_4.csv,8,-,117,206,117
0_1438042988458.74_20150728002308-00232-ip-10-236-191-2_795586035_3.csv,2,1,286,372,286
0_1438042988061.16_20150728002308-00134-ip-10-236-191-2_832595463_3.csv,0,Pts = Total Points,3,13,3
0_1438042988458.74_20150728002308-00250-ip-10-236-191-2_501951825_0.csv,4,2,525,1610,525
0_1438042988458.74_20150728002308-00119-ip-10-236-191-2_87703688_0.csv,0,4,12,114,12
1_1438042987127.36_20150728002307-00271-ip-10-236-191-2_761788926_0.csv,0,AAPL,26,232,26
1_1438042990112.50_20150728002310-00027-ip-10-236-191-2_846616436_0.csv,0,"June 30, 2015",3,10,3
1_1438042987127.36_20150728002307-00037-ip-10-236-191-2_318965632_0.csv,0,1,279,319,279
1_1438042990112.50_20150728002310-00289-ip-10-236-191-2_183061854_1.csv,0,460,4,11,4
1_1438042988061.16_20150728002308-00060-ip-10-236-191-2_462281948_8.csv,2,Assignment,91,523,91
0_1438042988061.16_20150728002308-00041-ip-10-236-191-2_37534908_6.csv,3,1,502,411,411
1_1438042990112.50_20150728002310-00147-ip-10-236-191-2_898091881_1.csv,1,None,27,172,27
0_1438042988458.74_20150728002308-00154-ip-10-236-191-2_926314824_0.csv,1,$6.99,15,98,15
1_1438042987127.36_20150728002307-00269-ip-10-236-191-2_847834464_0.csv,0,1,420,481,420
1_1438042990112.50_20150728002310-00204-ip-10-236-191-2_609642240_0.csv,0,Russia:,1,1,1
0_1438042988061.16_20150728002308-00199-ip-10-236-191-2_891430247_172.csv,0,In three sentences,326,2452,326
1_1438042988061.16_20150728002308-00236-ip-10-236-191-2_860112087_13.csv,5,n/a,12,13,12
0_1438042988061.16_20150728002308-00310-ip-10-236-191-2_788172531_1.csv,0,Major:,1,10,1
1_1438042990112.50_20150728002310-00188-ip-10-236-191-2_492911465_0.csv,0,Doctors with experience in your treatment:,137,814,137
0_1438042988061.16_20150728002308-00216-ip-10-236-191-2_105842172_14.csv,0,Aug 1 - Aug 31,1,1,1
1_1438042987127.36_20150728002307-00108-ip-10-236-191-2_754824906_5.csv,0,Medium,100,194,100
0_1438042988458.74_20150728002308-00220-ip-10-236-191-2_683678702_0.csv,1,Nonsense,3,8,3
1_1438042987127.36_20150728002307-00153-ip-10-236-191-2_490931395_0.csv,4,2,525,1610,525
1_1438042990112.50_20150728002310-00132-ip-10-236-191-2_826387584_1.csv,1,9,199,163,163
0_1438042988458.74_20150728002308-00081-ip-10-236-191-2_476604823_0.csv,5,3,494,582,494
0_1438042988458.74_20150728002308-00210-ip-10-236-191-2_79682215_3.csv,3,0,390,467,390
0_1438042988458.74_20150728002308-00226-ip-10-236-191-2_203143462_4.csv,1,13,58,21,21
1_1438042987127.36_20150728002307-00293-ip-10-236-191-2_478351600_6.csv,3,"Hewlett-Packard Development Company, L.P.",10,79,10
0_1438042988458.74_20150728002308-00127-ip-10-236-191-2_598942366_0.csv,0,50 - 99,2,5,2
1_1438042987127.36_20150728002307-00007-ip-10-236-191-2_679993604_33.csv,0,Median Household Income,5,32,5
1_1438042987127.36_20150728002307-00008-ip-10-236-191-2_633806649_3.csv,3,3,354,406,354
0_1438042988458.74_20150728002308-00025-ip-10-236-191-2_615821319_0.csv,0,8K,2,6,2
0_1438042988458.74_20150728002308-00126-ip-10-236-191-2_80824813_3.csv,1,UNSPECIFIED,5,29,5
1_1438042990112.50_20150728002310-00121-ip-10-236-191-2_369632675_0.csv,5,2,32,114,32
0_1438042988458.74_20150728002308-00306-ip-10-236-191-2_919178070_3.csv,10,Item Details,60,380,60
1_1438042990112.50_20150728002310-00215-ip-10-236-191-2_898001483_0.csv,2,2:56,3,2,2
0_1438042988061.16_20150728002308-00201-ip-10-236-191-2_319577306_4.csv,2,1,346,930,346
1_1438042990112.50_20150728002310-00310-ip-10-236-191-2_200224826_0.csv,0,1,439,514,439
0_1438042988061.16_20150728002308-00336-ip-10-236-191-2_855614174_0.csv,0,scope,1,3,1
0_1438042988458.74_20150728002308-00216-ip-10-236-191-2_900743509_0.csv,1,7,55,109,55
0_1438042988458.74_20150728002308-00288-ip-10-236-191-2_633318015_0.csv,1,"H.R. 2069, Safe Building Code Incentive Act of 2011 (entire bill) H.R.3272, National Windstorm Impact Reduction Act Reauthorization of 2011 (entire bill) H.R. 3479, Natural Hazards Risk Reduction Act of 2011 (entire bill)",1,1,1
1_1438042990112.50_20150728002310-00159-ip-10-236-191-2_744682780_17.csv,3,6-1;6-0,3,43,3
1_1438042987127.36_20150728002307-00102-ip-10-236-191-2_893578330_152.csv,0,Tips for prospective students,365,2458,365
0_1438042988061.16_20150728002308-00136-ip-10-236-191-2_196455680_2.csv,3,N/A,32,6,6
1_1438042990112.50_20150728002310-00044-ip-10-236-191-2_261321661_61.csv,0,5,417,710,417
1_1438042987127.36_20150728002307-00210-ip-10-236-191-2_749910975_14.csv,3,TX,1,4,1
1_1438042987127.36_20150728002307-00074-ip-10-236-191-2_137128786_0.csv,0,3,456,546,456
1_1438042990112.50_20150728002310-00183-ip-10-236-191-2_802589916_2.csv,0,2.,15,5,5
1_1438042990112.50_20150728002310-00190-ip-10-236-191-2_893556319_2.csv,2,dons,1,2,1
0_1438042988458.74_20150728002308-00208-ip-10-236-191-2_880833740_1.csv,0,Settings,2,1,1
1_1438042987127.36_20150728002307-00082-ip-10-236-191-2_795702564_10.csv,0,6,283,661,283
