tier,k,pool_requested,n_queries,n_skipped,n_clamped,n_feasible,mean_stage2_ms
tier_10k,10,100,30,0,0,22,2.329268849765261
tier_10k,20,200,30,0,0,16,1.4935675698022046
tier_10k,30,300,30,0,0,15,1.5843473995725315
tier_10k,40,400,30,0,1,14,2.2202312325437865
tier_10k,50,500,30,0,1,11,1.9291315072526534
tier_10k,60,600,30,0,2,11,1.8310239460940163
tier_10k,70,700,30,0,2,11,6.300682985844712
tier_10k,80,800,30,0,3,11,3.7462640631323056
tier_10k,90,900,30,0,4,11,4.5099366921931505
tier_10k,100,1000,30,0,5,10,37.65159586134057
