q_table,attr,value,n_D_tier_10k,n_D_tier_100k
1_1438042987127.36_20150728002307-00144-ip-10-236-191-2_676020729_0.csv,5,3,226,366
0_1438042988061.16_20150728002308-00282-ip-10-236-191-2_894007386_3.csv,0,Tips for prospective students,369,2415
0_1438042988458.74_20150728002308-00249-ip-10-236-191-2_328699461_4.csv,2,1,563,918
1_1438042987127.36_20150728002307-00114-ip-10-236-191-2_902351685_191.csv,0,Tips for prospective students,365,2504
1_1438042987127.36_20150728002307-00182-ip-10-236-191-2_150862475_5.csv,6,0,265,368
1_1438042987127.36_20150728002307-00000-ip-10-236-191-2_300770320_2.csv,0,1,329,589
1_1438042987127.36_20150728002307-00080-ip-10-236-191-2_899463259_102.csv,0,Tips for prospective students,366,2517
1_1438042990112.50_20150728002310-00154-ip-10-236-191-2_303864106_21.csv,7,1,304,324
0_1438042988458.74_20150728002308-00095-ip-10-236-191-2_520943855_0.csv,3,2,308,349
1_1438042987127.36_20150728002307-00145-ip-10-236-191-2_499439925_0.csv,0,3,503,668
1_1438042990112.50_20150728002310-00013-ip-10-236-191-2_321346784_4.csv,2,1,534,980
1_1438042987127.36_20150728002307-00033-ip-10-236-191-2_482136553_0.csv,0,1,263,216
0_1438042988061.16_20150728002308-00109-ip-10-236-191-2_681611335_21.csv,1,1,474,486
0_1438042988061.16_20150728002308-00244-ip-10-236-191-2_65898746_2.csv,4,2,525,1610
0_1438042988061.16_20150728002308-00215-ip-10-236-191-2_362876303_35.csv,4,7,280,639
1_1438042990112.50_20150728002310-00312-ip-10-236-191-2_3243890_59.csv,0,1,253,282
1_1438042990112.50_20150728002310-00085-ip-10-236-191-2_403435483_3.csv,1,1,229,407
0_1438042988061.16_20150728002308-00194-ip-10-236-191-2_846810834_13.csv,2,8,354,246
1_1438042990112.50_20150728002310-00286-ip-10-236-191-2_318221297_4.csv,2,1,548,952
1_1438042987127.36_20150728002307-00290-ip-10-236-191-2_407999777_10.csv,3,1,231,317
0_1438042988458.74_20150728002308-00166-ip-10-236-191-2_302386578_10.csv,0,2,492,442
0_1438042988458.74_20150728002308-00253-ip-10-236-191-2_222600153_3.csv,2,1,282,309
1_1438042990112.50_20150728002310-00237-ip-10-236-191-2_880298254_15.csv,0,Tips for prospective students,365,2487
0_1438042988061.16_20150728002308-00089-ip-10-236-191-2_807127666_2.csv,0,3,324,705
0_1438042988458.74_20150728002308-00060-ip-10-236-191-2_492355315_1.csv,4,2,525,1610
1_1438042990112.50_20150728002310-00296-ip-10-236-191-2_202658094_3.csv,3,1,366,484
1_1438042988061.16_20150728002308-00013-ip-10-236-191-2_636339982_0.csv,4,2,525,1610
1_1438042987127.36_20150728002307-00294-ip-10-236-191-2_390417830_16.csv,5,0,346,667
0_1438042988458.74_20150728002308-00254-ip-10-236-191-2_909417374_257.csv,0,In three sentences,326,2461
0_1438042988061.16_20150728002308-00101-ip-10-236-191-2_653250037_0.csv,1,1,362,276
0_1438042988458.74_20150728002308-00046-ip-10-236-191-2_428007644_11.csv,3,7,368,718
1_1438042987127.36_20150728002307-00290-ip-10-236-191-2_469307566_0.csv,5,3,495,582
1_1438042990112.50_20150728002310-00062-ip-10-236-191-2_896744244_9.csv,0,In three sentences,326,2456
1_1438042990112.50_20150728002310-00225-ip-10-236-191-2_718036865_0.csv,0,1,309,551
0_1438042988061.16_20150728002308-00189-ip-10-236-191-2_414087396_10.csv,3,1,240,316
0_1438042988061.16_20150728002308-00144-ip-10-236-191-2_279381280_30.csv,0,4,433,707
1_1438042990112.50_20150728002310-00081-ip-10-236-191-2_890934925_129.csv,0,In three sentences,327,2132
0_1438042988061.16_20150728002308-00133-ip-10-236-191-2_59742533_2.csv,4,1,262,374
1_1438042990112.50_20150728002310-00259-ip-10-236-191-2_889779227_121.csv,0,Tips for prospective students,365,2423
0_1438042988458.74_20150728002308-00262-ip-10-236-191-2_380524338_2.csv,0,1,488,745
1_1438042987127.36_20150728002307-00027-ip-10-236-191-2_67802697_2.csv,5,12,442,643
0_1438042988458.74_20150728002308-00175-ip-10-236-191-2_385639780_18.csv,1,1,398,585
0_1438042988458.74_20150728002308-00303-ip-10-236-191-2_56708567_9.csv,1,1,520,746
0_1438042988458.74_20150728002308-00063-ip-10-236-191-2_657101208_1.csv,2,0,371,718
1_1438042990112.50_20150728002310-00190-ip-10-236-191-2_436521753_9.csv,3,1,284,304
1_1438042987127.36_20150728002307-00214-ip-10-236-191-2_225430488_0.csv,1,1,514,459
0_1438042988061.16_20150728002308-00047-ip-10-236-191-2_843664602_0.csv,1,3,363,288
0_1438042988061.16_20150728002308-00181-ip-10-236-191-2_216538600_0.csv,1,6,434,1805
0_1438042988061.16_20150728002308-00002-ip-10-236-191-2_545269850_0.csv,4,2,525,1610
0_1438042988061.16_20150728002308-00330-ip-10-236-191-2_795231590_4.csv,1,1,537,549
0_1438042988061.16_20150728002308-00235-ip-10-236-191-2_713850328_17.csv,1,1,328,386
0_1438042988458.74_20150728002308-00232-ip-10-236-191-2_795586035_3.csv,2,1,286,372
0_1438042988458.74_20150728002308-00250-ip-10-236-191-2_501951825_0.csv,4,2,525,1610
1_1438042987127.36_20150728002307-00037-ip-10-236-191-2_318965632_0.csv,0,1,279,319
0_1438042988061.16_20150728002308-00041-ip-10-236-191-2_37534908_6.csv,3,1,502,411
1_1438042987127.36_20150728002307-00269-ip-10-236-191-2_847834464_0.csv,0,1,420,481
0_1438042988061.16_20150728002308-00199-ip-10-236-191-2_891430247_172.csv,0,In three sentences,326,2452
1_1438042987127.36_20150728002307-00153-ip-10-236-191-2_490931395_0.csv,4,2,525,1610
0_1438042988458.74_20150728002308-00081-ip-10-236-191-2_476604823_0.csv,5,3,494,582
0_1438042988458.74_20150728002308-00210-ip-10-236-191-2_79682215_3.csv,3,0,390,467
1_1438042987127.36_20150728002307-00008-ip-10-236-191-2_633806649_3.csv,3,3,354,406
0_1438042988061.16_20150728002308-00201-ip-10-236-191-2_319577306_4.csv,2,1,346,930
1_1438042990112.50_20150728002310-00310-ip-10-236-191-2_200224826_0.csv,0,1,439,514
1_1438042987127.36_20150728002307-00102-ip-10-236-191-2_893578330_152.csv,0,Tips for prospective students,365,2458
1_1438042990112.50_20150728002310-00044-ip-10-236-191-2_261321661_61.csv,0,5,417,710
1_1438042987127.36_20150728002307-00074-ip-10-236-191-2_137128786_0.csv,0,3,456,546
1_1438042987127.36_20150728002307-00082-ip-10-236-191-2_795702564_10.csv,0,6,283,661
