tier,q_table,sem_first_s,sem_repeat_s,ovl_first_s,ovl_repeat_s,join_s,lookup_s,total_s,n_sem,n_ovl,n_pair,n_D
tier_10k,1_1438042987127.36_20150728002307-00144-ip-10-236-191-2_676020729_0.csv,0.009450425393879414,0.008963487111032009,0.0013932492583990097,0.0006791297346353531,0.0008183522149920464,0.000747370533645153,0.012409397400915623,5000,3252,260,227
tier_10k,0_1438042988061.16_20150728002308-00282-ip-10-236-191-2_894007386_3.csv,0.008964888751506805,0.008651782758533955,0.00020684301853179932,6.521027535200119e-05,0.0007926821708679199,0.0011616060510277748,0.0111260199919343,5000,383,369,369
tier_10k,0_1438042988458.74_20150728002308-00249-ip-10-236-191-2_328699461_4.csv,0.009072570130228996,0.008353729732334614,0.001649683341383934,0.0008625322952866554,0.0011055348441004753,0.0016538137570023537,0.01348160207271576,5000,4295,680,563
tier_10k,1_1438042987127.36_20150728002307-00114-ip-10-236-191-2_902351685_191.csv,0.00830356776714325,0.007813402451574802,0.00016269180923700333,6.552040576934814e-05,0.000820341520011425,0.0010874951258301735,0.010374096222221851,5000,383,365,365
tier_10k,1_1438042987127.36_20150728002307-00182-ip-10-236-191-2_150862475_5.csv,0.006871148012578487,0.006357341073453426,0.0013526184484362602,0.0007128603756427765,0.0010754456743597984,0.0007943417876958847,0.01009355392307043,5000,4076,1014,265
tier_10k,1_1438042987127.36_20150728002307-00000-ip-10-236-191-2_300770320_2.csv,0.00826959777623415,0.007660158909857273,0.0015468616038560867,0.0008452413603663445,0.0007147891446948051,0.0010533351451158524,0.011584583669900894,3276,4295,460,329
tier_10k,1_1438042987127.36_20150728002307-00080-ip-10-236-191-2_899463259_102.csv,0.008107985369861126,0.008010784164071083,0.00019654352217912674,6.229151040315628e-05,0.0006806496530771255,0.0011036647483706474,0.010088843293488026,5000,383,366,366
tier_10k,1_1438042990112.50_20150728002310-00154-ip-10-236-191-2_303864106_21.csv,0.006930919364094734,0.0066564055159688,0.001489301212131977,0.0008556414395570755,0.0010097948834300041,0.0009926743805408478,0.010422689840197563,5000,4295,957,304
tier_10k,0_1438042988458.74_20150728002308-00095-ip-10-236-191-2_520943855_0.csv,0.008483280427753925,0.008108104579150677,0.0013222089037299156,0.0007386505603790283,0.000830652192234993,0.0009593730792403221,0.011595514602959156,5000,3671,355,308
tier_10k,1_1438042987127.36_20150728002307-00145-ip-10-236-191-2_499439925_0.csv,0.007796752266585827,0.007543726824223995,0.0011272365227341652,0.000619509257376194,0.0008862335234880447,0.0015281718224287033,0.01133839413523674,5000,3252,623,502
tier_10k,1_1438042990112.50_20150728002310-00013-ip-10-236-191-2_321346784_4.csv,0.0076883696019649506,0.007410336285829544,0.0014928411692380905,0.0008299518376588821,0.0009218230843544006,0.0015293518081307411,0.011632385663688183,5000,4295,696,534
tier_10k,1_1438042987127.36_20150728002307-00033-ip-10-236-191-2_482136553_0.csv,0.006700594909489155,0.006363091059029102,0.001113765873014927,0.0007636416703462601,0.0008704522624611855,0.0007346607744693756,0.009419473819434643,5000,4295,347,263
tier_10k,0_1438042988061.16_20150728002308-00109-ip-10-236-191-2_681611335_21.csv,0.0077536702156066895,0.007413576357066631,0.0011648060753941536,0.000776161439716816,0.000961843878030777,0.0014279009774327278,0.011308221146464348,5000,4295,689,475
tier_10k,0_1438042988061.16_20150728002308-00244-ip-10-236-191-2_65898746_2.csv,0.006894097663462162,0.006778376176953316,0.0012830095365643501,0.0007376298308372498,0.0008959835395216942,0.001535031944513321,0.010608122684061527,5000,3671,693,526
tier_10k,0_1438042988061.16_20150728002308-00215-ip-10-236-191-2_362876303_35.csv,0.00835212878882885,0.007955842651426792,0.0009330539032816887,0.00046299584209918976,0.0008185319602489471,0.0008951034396886826,0.010998818092048168,5000,2469,357,280
tier_10k,1_1438042990112.50_20150728002310-00312-ip-10-236-191-2_3243890_59.csv,0.008511100895702839,0.00821380689740181,0.0015411218628287315,0.0008210828527808189,0.0008686715736985207,0.0007498711347579956,0.011670765466988087,5000,4295,292,253
tier_10k,1_1438042990112.50_20150728002310-00085-ip-10-236-191-2_403435483_3.csv,0.0068289367482066154,0.006432432681322098,0.0010425755754113197,0.0007656216621398926,0.0008736122399568558,0.000643598847091198,0.009388723410665989,5000,4295,292,229
tier_10k,0_1438042988061.16_20150728002308-00194-ip-10-236-191-2_846810834_13.csv,0.007234223186969757,0.006751975975930691,0.0008785827085375786,0.00043714698404073715,0.0008502621203660965,0.0011568563058972359,0.010119924321770668,5000,2366,575,354
tier_10k,1_1438042990112.50_20150728002310-00286-ip-10-236-191-2_318221297_4.csv,0.008211587555706501,0.00783966202288866,0.001334439031779766,0.000854741781949997,0.0009561637416481972,0.001588732935488224,0.012090923264622688,5000,4295,681,549
tier_10k,1_1438042987127.36_20150728002307-00290-ip-10-236-191-2_407999777_10.csv,0.008620653301477432,0.008223947137594223,0.0011581256985664368,0.0007890621200203896,0.000853181816637516,0.0007125502452254295,0.011344511061906815,5000,4295,257,230
tier_10k,0_1438042988458.74_20150728002308-00166-ip-10-236-191-2_302386578_10.csv,0.008014163933694363,0.007489927113056183,0.001310698688030243,0.0007216501981019974,0.0009413436055183411,0.0015094922855496407,0.011775698512792587,5000,3671,588,492
tier_10k,0_1438042988458.74_20150728002308-00253-ip-10-236-191-2_222600153_3.csv,0.006894498132169247,0.0062766894698143005,0.0012611281126737595,0.0007862113416194916,0.0009356625378131866,0.0009074825793504715,0.009998771362006664,5000,4295,770,282
tier_10k,1_1438042990112.50_20150728002310-00237-ip-10-236-191-2_880298254_15.csv,0.008659163489937782,0.007951742969453335,0.00018163304775953293,6.663147360086441e-05,0.0007603494450449944,0.0010983962565660477,0.010699542239308357,5000,383,365,365
tier_10k,0_1438042988061.16_20150728002308-00089-ip-10-236-191-2_807127666_2.csv,0.008542031981050968,0.00807170569896698,0.0012784777209162712,0.0006049787625670433,0.0008922116830945015,0.001011664979159832,0.011724386364221573,5000,3252,397,325
tier_10k,0_1438042988458.74_20150728002308-00060-ip-10-236-191-2_492355315_1.csv,0.007559018209576607,0.006933378987014294,0.001240026205778122,0.0006772195920348167,0.0009359633550047874,0.0015431717038154602,0.011278179474174976,5000,3671,693,526
tier_10k,1_1438042990112.50_20150728002310-00296-ip-10-236-191-2_202658094_3.csv,0.008836686611175537,0.008292308077216148,0.0015575224533677101,0.0008269408717751503,0.0009711841121315956,0.001099245622754097,0.01246463879942894,5000,4295,469,366
tier_10k,1_1438042988061.16_20150728002308-00013-ip-10-236-191-2_636339982_0.csv,0.007452365942299366,0.00689901877194643,0.0011329958215355873,0.0006710989400744438,0.0009483937174081802,0.0015653828158974648,0.011099138297140598,5000,3671,693,526
tier_10k,1_1438042987127.36_20150728002307-00294-ip-10-236-191-2_390417830_16.csv,0.007170362398028374,0.00651343259960413,0.001264127902686596,0.0007206210866570473,0.0009605633094906807,0.0009803436696529388,0.01037539727985859,5000,4076,711,346
tier_10k,0_1438042988458.74_20150728002308-00254-ip-10-236-191-2_909417374_257.csv,0.008642342872917652,0.00791088305413723,0.00016160309314727783,5.676969885826111e-05,0.0007381616160273552,0.0010135537013411522,0.010555661283433437,5000,337,326,326
tier_10k,0_1438042988061.16_20150728002308-00101-ip-10-236-191-2_653250037_0.csv,0.007434365339577198,0.006829557940363884,0.0016078129410743713,0.0008292403072118759,0.001017495058476925,0.0011743772774934769,0.011234050616621971,5000,4295,761,362
tier_10k,0_1438042988458.74_20150728002308-00046-ip-10-236-191-2_428007644_11.csv,0.006490243598818779,0.006107586435973644,0.0008777016773819923,0.00043424591422080994,0.0008607134222984314,0.0011996971443295479,0.00942835584282875,5000,2469,672,368
tier_10k,1_1438042987127.36_20150728002307-00290-ip-10-236-191-2_469307566_0.csv,0.006760335527360439,0.00623742863535881,0.0013117194175720215,0.0005466379225254059,0.0009334534406661987,0.0015515722334384918,0.010557080619037151,5000,3252,756,495
tier_10k,1_1438042990112.50_20150728002310-00062-ip-10-236-191-2_896744244_9.csv,0.009156621061265469,0.008161285892128944,0.0001912526786327362,5.4630450904369354e-05,0.0007741712033748627,0.0010295240208506584,0.011151568964123726,5000,337,326,326
tier_10k,1_1438042990112.50_20150728002310-00225-ip-10-236-191-2_718036865_0.csv,0.008936387486755848,0.007955363020300865,0.0016955044120550156,0.0008593816310167313,0.0010210946202278137,0.0009534843266010284,0.012606470845639706,5000,4295,386,308
tier_10k,0_1438042988061.16_20150728002308-00189-ip-10-236-191-2_414087396_10.csv,0.008193546906113625,0.007698969915509224,0.0012247981503605843,0.0007623909041285515,0.0009238729253411293,0.0007143700495362282,0.011056588031351566,5000,4295,272,240
tier_10k,0_1438042988061.16_20150728002308-00144-ip-10-236-191-2_279381280_30.csv,0.007955563254654408,0.0074462369084358215,0.0011511361226439476,0.0005920073017477989,0.0009794244542717934,0.0014351317659020424,0.01152125559747219,5000,3137,799,435
tier_10k,1_1438042990112.50_20150728002310-00081-ip-10-236-191-2_890934925_129.csv,0.008702044375240803,0.008076234720647335,0.00016559194773435593,5.6531280279159546e-05,0.0008101323619484901,0.001008184626698494,0.010685953311622143,5000,337,327,327
tier_10k,0_1438042988061.16_20150728002308-00133-ip-10-236-191-2_59742533_2.csv,0.006961659528315067,0.0063445111736655235,0.001521802507340908,0.0007222797721624374,0.000910063274204731,0.0007490906864404678,0.010142615996301174,5000,4295,349,262
tier_10k,1_1438042990112.50_20150728002310-00259-ip-10-236-191-2_889779227_121.csv,0.008317288011312485,0.007651578634977341,0.00019576307386159897,6.317067891359329e-05,0.0007985401898622513,0.0011202562600374222,0.010431847535073757,5000,383,365,365
tier_10k,0_1438042988458.74_20150728002308-00262-ip-10-236-191-2_380524338_2.csv,0.00883900560438633,0.00838083028793335,0.0015680920332670212,0.0008123917505145073,0.0010328739881515503,0.0014506708830595016,0.012890642508864403,5000,4295,644,489
tier_10k,1_1438042987127.36_20150728002307-00027-ip-10-236-191-2_67802697_2.csv,0.007335714064538479,0.006639475002884865,0.0007126601412892342,0.00032559502869844437,0.0008488819003105164,0.0013213390484452248,0.010218595154583454,5000,1838,503,442
tier_10k,0_1438042988458.74_20150728002308-00175-ip-10-236-191-2_385639780_18.csv,0.0084401099011302,0.007879352197051048,0.0014317911118268967,0.0008386112749576569,0.0009483546018600464,0.00115862675011158,0.011978882364928722,5000,4295,581,397
tier_10k,0_1438042988458.74_20150728002308-00303-ip-10-236-191-2_56708567_9.csv,0.008710963651537895,0.00816117599606514,0.0012050075456500053,0.000787980854511261,0.001042504794895649,0.0015908526256680489,0.012549328617751598,5000,4295,796,520
tier_10k,0_1438042988458.74_20150728002308-00063-ip-10-236-191-2_657101208_1.csv,0.006755875423550606,0.00611391756683588,0.0012683775275945663,0.0007166406139731407,0.0010054735466837883,0.001028774306178093,0.010058500804007053,5000,4076,935,371
tier_10k,1_1438042990112.50_20150728002310-00190-ip-10-236-191-2_436521753_9.csv,0.006898968480527401,0.006397871300578117,0.0012898975983262062,0.0007951408624649048,0.0010125348344445229,0.0009296135976910591,0.01013101451098919,5000,4295,766,285
tier_10k,1_1438042987127.36_20150728002307-00214-ip-10-236-191-2_225430488_0.csv,0.007830661721527576,0.007306133396923542,0.001074054278433323,0.0007453905418515205,0.0009556924924254417,0.0015264619141817093,0.01138687040656805,5000,4295,755,519
tier_10k,0_1438042988061.16_20150728002308-00047-ip-10-236-191-2_843664602_0.csv,0.006504443474113941,0.006088867783546448,0.0011741360649466515,0.000642869621515274,0.0009655635803937912,0.0011858968064188957,0.00983003992587328,5000,3252,632,363
tier_10k,0_1438042988061.16_20150728002308-00181-ip-10-236-191-2_216538600_0.csv,0.008182336576282978,0.0077720703557133675,0.0010626744478940964,0.0005198167636990547,0.0010558245703577995,0.0014377804473042488,0.011738616041839123,5000,2700,475,454
tier_10k,0_1438042988061.16_20150728002308-00002-ip-10-236-191-2_545269850_0.csv,0.00723821297287941,0.006859078072011471,0.0013950206339359283,0.0007574902847409248,0.0011086855083703995,0.0015692934393882751,0.011311212554574013,5000,3671,693,526
tier_10k,0_1438042988061.16_20150728002308-00330-ip-10-236-191-2_795231590_4.csv,0.00708423089236021,0.0067367153242230415,0.0015876423567533493,0.0009352043271064758,0.0012276768684387207,0.0015985528007149696,0.01149810291826725,5000,4295,980,537
tier_10k,0_1438042988061.16_20150728002308-00235-ip-10-236-191-2_713850328_17.csv,0.010003972798585892,0.009421934373676777,0.0017060739919543266,0.0009889239445328712,0.001342720352113247,0.0010219141840934753,0.01407468132674694,5000,4295,416,328
tier_10k,0_1438042988458.74_20150728002308-00232-ip-10-236-191-2_795586035_3.csv,0.009314172901213169,0.008832286112010479,0.0017576944082975388,0.0009834235534071922,0.0012772083282470703,0.0008754432201385498,0.013224518857896328,5000,4295,339,284
tier_10k,0_1438042988458.74_20150728002308-00250-ip-10-236-191-2_501951825_0.csv,0.008002053946256638,0.007497037760913372,0.0015122508630156517,0.0008328119292855263,0.0012575974687933922,0.0015940535813570023,0.012365955859422684,5000,3671,693,526
tier_10k,1_1438042987127.36_20150728002307-00037-ip-10-236-191-2_318965632_0.csv,0.009275192394852638,0.008636622689664364,0.0017846357077360153,0.0009491425007581711,0.0012453282251954079,0.0008880319073796272,0.013193188235163689,5000,4295,364,279
tier_10k,0_1438042988061.16_20150728002308-00041-ip-10-236-191-2_37534908_6.csv,0.007947553880512714,0.007514316588640213,0.0016769841313362122,0.0009823441505432129,0.0013598483055830002,0.001564263366162777,0.012548649683594704,5000,4295,1114,502
tier_10k,1_1438042987127.36_20150728002307-00269-ip-10-236-191-2_847834464_0.csv,0.009009508416056633,0.008448590524494648,0.0016504330560564995,0.0009771743789315224,0.0012641586363315582,0.0013374993577599525,0.013261599466204643,5000,4295,564,420
tier_10k,0_1438042988061.16_20150728002308-00199-ip-10-236-191-2_891430247_172.csv,0.0093302633613348,0.00875677540898323,0.00020553264766931534,5.66309317946434e-05,0.0010790852829813957,0.001042654737830162,0.011657536029815674,5000,337,326,326
tier_10k,1_1438042987127.36_20150728002307-00153-ip-10-236-191-2_490931395_0.csv,0.008204637095332146,0.007692890241742134,0.0015414021909236908,0.0008474914357066154,0.0012836577370762825,0.0016511129215359688,0.012680809944868088,5000,3671,693,526
tier_10k,0_1438042988458.74_20150728002308-00081-ip-10-236-191-2_476604823_0.csv,0.007380885072052479,0.0068549178540706635,0.001362028531730175,0.0007397597655653954,0.0011792471632361412,0.001577083021402359,0.011499243788421154,5000,3252,738,494
tier_10k,0_1438042988458.74_20150728002308-00210-ip-10-236-191-2_79682215_3.csv,0.007271572947502136,0.0068924687802791595,0.0014365902170538902,0.0008665528148412704,0.0012610070407390594,0.0011623166501522064,0.011131486855447292,5000,4076,1076,390
tier_10k,1_1438042987127.36_20150728002307-00008-ip-10-236-191-2_633806649_3.csv,0.007763169705867767,0.007422906346619129,0.0013444386422634125,0.0007469216361641884,0.0011029960587620735,0.0012327972799539566,0.01144340168684721,5000,3252,656,356
tier_10k,0_1438042988061.16_20150728002308-00201-ip-10-236-191-2_319577306_4.csv,0.009295003488659859,0.008945947512984276,0.0017632655799388885,0.001038435846567154,0.001162487082183361,0.0010300837457180023,0.01325083989650011,5000,4295,417,346
tier_10k,1_1438042990112.50_20150728002310-00310-ip-10-236-191-2_200224826_0.csv,0.009488935582339764,0.009278281591832638,0.001709233969449997,0.000987824983894825,0.001214667223393917,0.0014381995424628258,0.013851036317646503,5000,4295,589,439
tier_10k,1_1438042987127.36_20150728002307-00102-ip-10-236-191-2_893578330_152.csv,0.009301673620939255,0.009013378992676735,0.00021107308566570282,6.82612881064415e-05,0.0009116427972912788,0.0011355569586157799,0.011559946462512016,5000,383,365,365
tier_10k,1_1438042990112.50_20150728002310-00044-ip-10-236-191-2_261321661_61.csv,0.008253097534179688,0.008114965632557869,0.0011762669309973717,0.0005965074524283409,0.0011361762881278992,0.0014407699927687645,0.012006310746073723,5000,2768,751,417
tier_10k,1_1438042987127.36_20150728002307-00074-ip-10-236-191-2_137128786_0.csv,0.00749425683170557,0.007379714399576187,0.0013441694900393486,0.0007260804995894432,0.0011326158419251442,0.0015539918094873428,0.011525033973157406,5000,3252,930,456
tier_10k,1_1438042987127.36_20150728002307-00082-ip-10-236-191-2_795702564_10.csv,0.009420693852007389,0.009165091440081596,0.001171027310192585,0.0006063776090741158,0.0010468754917383194,0.0009451042860746384,0.012583700940012932,5000,2700,334,283
