tier,q_table,k,alpha,pool,n_D,clamped,feasible,lp_ran,lp_feasible,lp_time_s,milp_time_s,stage2_wall_s
tier_1m,1_1438042987127.36_20150728002307-00144-ip-10-236-191-2_676020729_0.csv,5,10.0,50,481,False,True,True,True,0.013711419000173919,0.0066341979982098565,0.021442862998810597
tier_1m,1_1438042987127.36_20150728002307-00144-ip-10-236-191-2_676020729_0.csv,10,10.0,100,481,False,True,True,True,0.0019369869987713173,0.004471098000067286,0.00689625799714122
tier_1m,1_1438042987127.36_20150728002307-00144-ip-10-236-191-2_676020729_0.csv,20,10.0,200,481,False,True,True,True,0.00238977100525517,0.004034534009406343,0.006848250995972194
tier_1m,1_1438042987127.36_20150728002307-00144-ip-10-236-191-2_676020729_0.csv,5,5.0,25,481,False,True,True,True,0.001445610003429465,0.0029901590023655444,0.004860685992753133
tier_1m,1_1438042987127.36_20150728002307-00144-ip-10-236-191-2_676020729_0.csv,10,5.0,50,481,False,True,True,True,0.0013748979981755838,0.002879948995541781,0.004657543991925195
tier_1m,1_1438042987127.36_20150728002307-00144-ip-10-236-191-2_676020729_0.csv,20,5.0,100,481,False,True,True,True,0.0014928890013834462,0.0030564830085495487,0.004964464009390213
tier_1m,0_1438042988061.16_20150728002308-00282-ip-10-236-191-2_894007386_3.csv,5,10.0,50,2625,False,True,True,True,0.0015245300019159913,0.00253689699457027,0.004515845997957513
tier_1m,0_1438042988061.16_20150728002308-00282-ip-10-236-191-2_894007386_3.csv,10,10.0,100,2625,False,True,True,True,0.0011805969988927245,0.002456845002598129,0.00398973400297109
tier_1m,0_1438042988061.16_20150728002308-00282-ip-10-236-191-2_894007386_3.csv,20,10.0,200,2625,False,True,True,True,0.0013287809997564182,0.0033217089949175715,0.0049956779985222965
tier_1m,0_1438042988061.16_20150728002308-00282-ip-10-236-191-2_894007386_3.csv,5,5.0,25,2625,False,True,True,True,0.00104810600169003,0.0021256579930195585,0.0035769370006164536
tier_1m,0_1438042988061.16_20150728002308-00282-ip-10-236-191-2_894007386_3.csv,10,5.0,50,2625,False,True,True,True,0.001021164993289858,0.0020934310014126822,0.003493979005725123
tier_1m,0_1438042988061.16_20150728002308-00282-ip-10-236-191-2_894007386_3.csv,20,5.0,100,2625,False,True,True,True,0.001094335995730944,0.0020336489978944883,0.0034128929983126
tier_1m,0_1438042988458.74_20150728002308-00249-ip-10-236-191-2_328699461_4.csv,5,10.0,50,1692,False,True,True,True,0.001651824000873603,0.0020170070056337863,0.0040170950087485835
tier_1m,0_1438042988458.74_20150728002308-00249-ip-10-236-191-2_328699461_4.csv,10,10.0,100,1692,False,True,True,True,0.0011426580022089183,0.002055787990684621,0.0034842750028474256
tier_1m,0_1438042988458.74_20150728002308-00249-ip-10-236-191-2_328699461_4.csv,20,10.0,200,1692,False,True,True,True,0.0012926039926242083,0.0025616500061005354,0.004140573990298435
tier_1m,0_1438042988458.74_20150728002308-00249-ip-10-236-191-2_328699461_4.csv,5,5.0,25,1692,False,True,True,True,0.0009638569899834692,0.0016138380015036091,0.0028562450024764985
tier_1m,0_1438042988458.74_20150728002308-00249-ip-10-236-191-2_328699461_4.csv,10,5.0,50,1692,False,True,True,True,0.0009645569953136146,0.0016652399935992435,0.0029040040099062026
tier_1m,0_1438042988458.74_20150728002308-00249-ip-10-236-191-2_328699461_4.csv,20,5.0,100,1692,False,True,True,True,0.0010449480032548308,0.001818886012188159,0.0031222270044963807
tier_1m,1_1438042987127.36_20150728002307-00114-ip-10-236-191-2_902351685_191.csv,5,10.0,50,3139,False,True,True,True,0.0013870609982404858,0.0020981669949833304,0.0037837970012333244
tier_1m,1_1438042987127.36_20150728002307-00114-ip-10-236-191-2_902351685_191.csv,10,10.0,100,3139,False,True,True,True,0.0011442749964771792,0.001974226994207129,0.003392576996702701
tier_1m,1_1438042987127.36_20150728002307-00114-ip-10-236-191-2_902351685_191.csv,20,10.0,200,3139,False,True,True,True,0.0012988689995836467,0.002496546003385447,0.004090240006917156
tier_1m,1_1438042987127.36_20150728002307-00114-ip-10-236-191-2_902351685_191.csv,5,5.0,25,3139,False,True,True,True,0.0010057290055556223,0.0016043119976529852,0.0028543600055854768
tier_1m,1_1438042987127.36_20150728002307-00114-ip-10-236-191-2_902351685_191.csv,10,5.0,50,3139,False,True,True,True,0.0010492849978618324,0.00490422299480997,0.006202848002430983
tier_1m,1_1438042987127.36_20150728002307-00114-ip-10-236-191-2_902351685_191.csv,20,5.0,100,3139,False,True,True,True,0.0010866459924727678,0.001837029994931072,0.00319029699312523
tier_1m,1_1438042987127.36_20150728002307-00182-ip-10-236-191-2_150862475_5.csv,5,10.0,50,260,False,True,True,True,0.0019193360058125108,0.0024648870021337643,0.004777437003212981
tier_1m,1_1438042987127.36_20150728002307-00182-ip-10-236-191-2_150862475_5.csv,10,10.0,100,260,False,True,True,True,0.0011874319898197427,0.0019252810016041622,0.0033756619959603995
tier_1m,1_1438042987127.36_20150728002307-00182-ip-10-236-191-2_150862475_5.csv,20,10.0,200,260,False,True,True,True,0.0012866129982285202,0.0024762219982221723,0.004062355001224205
tier_1m,1_1438042987127.36_20150728002307-00182-ip-10-236-191-2_150862475_5.csv,5,5.0,25,260,False,True,True,True,0.0009344900026917458,0.0015890579961705953,0.002763502998277545
tier_1m,1_1438042987127.36_20150728002307-00182-ip-10-236-191-2_150862475_5.csv,10,5.0,50,260,False,True,True,True,0.000950364992604591,0.0016035779990488663,0.002795765991322696
tier_1m,1_1438042987127.36_20150728002307-00182-ip-10-236-191-2_150862475_5.csv,20,5.0,100,260,False,True,True,True,0.0010738769924500957,0.001809712004614994,0.0031494809954892844
tier_1m,1_1438042987127.36_20150728002307-00000-ip-10-236-191-2_300770320_2.csv,5,10.0,50,623,False,True,True,True,0.0015915650001261383,0.0033180680038640276,0.005221593994065188
tier_1m,1_1438042987127.36_20150728002307-00000-ip-10-236-191-2_300770320_2.csv,10,10.0,100,623,False,True,True,True,0.0011243710032431409,0.0017235840059584007,0.003104193994658999
tier_1m,1_1438042987127.36_20150728002307-00000-ip-10-236-191-2_300770320_2.csv,20,10.0,200,623,False,True,True,True,0.0012816920061595738,0.002336712001124397,0.0039050380000844598
tier_1m,1_1438042987127.36_20150728002307-00000-ip-10-236-191-2_300770320_2.csv,5,5.0,25,623,False,True,True,True,0.0009540259925415739,0.001512300004833378,0.00270412300596945
tier_1m,1_1438042987127.36_20150728002307-00000-ip-10-236-191-2_300770320_2.csv,10,5.0,50,623,False,True,True,True,0.0009652810113038868,0.0031067739910213277,0.004324959998484701
tier_1m,1_1438042987127.36_20150728002307-00000-ip-10-236-191-2_300770320_2.csv,20,5.0,100,623,False,True,True,True,0.0010593930055620149,0.0030847540037939325,0.004404545994475484
tier_1m,1_1438042987127.36_20150728002307-00080-ip-10-236-191-2_899463259_102.csv,5,10.0,50,3011,False,True,True,True,0.0013044960069237277,0.0018934660038212314,0.0035025569959543645
tier_1m,1_1438042987127.36_20150728002307-00080-ip-10-236-191-2_899463259_102.csv,10,10.0,100,3011,False,True,True,True,0.0011461419926490635,0.0019307730108266696,0.0033419149986002594
tier_1m,1_1438042987127.36_20150728002307-00080-ip-10-236-191-2_899463259_102.csv,20,10.0,200,3011,False,True,True,True,0.0012678390048677102,0.00239714200142771,0.00395499900332652
tier_1m,1_1438042987127.36_20150728002307-00080-ip-10-236-191-2_899463259_102.csv,5,5.0,25,3011,False,True,True,True,0.000947679000091739,0.001529524990473874,0.002726391001488082
tier_1m,1_1438042987127.36_20150728002307-00080-ip-10-236-191-2_899463259_102.csv,10,5.0,50,3011,False,True,True,True,0.0009752979967743158,0.00157841200416442,0.002823590999469161
tier_1m,1_1438042987127.36_20150728002307-00080-ip-10-236-191-2_899463259_102.csv,20,5.0,100,3011,False,True,True,True,0.001071979000698775,0.0017950080073205754,0.0031214049959089607
tier_1m,1_1438042990112.50_20150728002310-00154-ip-10-236-191-2_303864106_21.csv,5,10.0,50,323,False,True,True,True,0.0013644010032294318,0.0019294270023237914,0.0036173569969832897
tier_1m,1_1438042990112.50_20150728002310-00154-ip-10-236-191-2_303864106_21.csv,10,10.0,100,323,False,True,True,True,0.0010548370046308264,0.0018967299984069541,0.003211513001588173
tier_1m,1_1438042990112.50_20150728002310-00154-ip-10-236-191-2_303864106_21.csv,20,10.0,200,323,False,True,True,True,0.001221740007167682,0.002390540001215413,0.0038991670007817447
tier_1m,1_1438042990112.50_20150728002310-00154-ip-10-236-191-2_303864106_21.csv,5,5.0,25,323,False,True,True,True,0.0008947610040195286,0.0014880610106047243,0.0026368340040789917
tier_1m,1_1438042990112.50_20150728002310-00154-ip-10-236-191-2_303864106_21.csv,10,5.0,50,323,False,True,True,True,0.000930137000977993,0.0015557070000795648,0.0027353019977454096
tier_1m,1_1438042990112.50_20150728002310-00154-ip-10-236-191-2_303864106_21.csv,20,5.0,100,323,False,True,True,True,0.000976509996689856,0.0017493350023869425,0.0029767689993605018
tier_1m,0_1438042988458.74_20150728002308-00095-ip-10-236-191-2_520943855_0.csv,5,10.0,50,309,False,True,True,True,0.0016360139998141676,0.0019479600014165044,0.0038799699977971613
tier_1m,0_1438042988458.74_20150728002308-00095-ip-10-236-191-2_520943855_0.csv,10,10.0,100,309,False,True,True,True,0.0011256800062255934,0.0018709680007304996,0.003255739007727243
tier_1m,0_1438042988458.74_20150728002308-00095-ip-10-236-191-2_520943855_0.csv,20,10.0,200,309,False,True,True,True,0.0012517139984993264,0.002039227998466231,0.0035877990012522787
tier_1m,0_1438042988458.74_20150728002308-00095-ip-10-236-191-2_520943855_0.csv,5,5.0,25,309,False,True,True,True,0.0008948269969550893,0.0014902349939802662,0.0026203260058537126
tier_1m,0_1438042988458.74_20150728002308-00095-ip-10-236-191-2_520943855_0.csv,10,5.0,50,309,False,True,True,True,0.0009316600044257939,0.0015354019997175783,0.002713081004912965
tier_1m,0_1438042988458.74_20150728002308-00095-ip-10-236-191-2_520943855_0.csv,20,5.0,100,309,False,True,True,True,0.000997769006062299,0.0017403050005668774,0.002992055000504479
tier_1m,1_1438042987127.36_20150728002307-00145-ip-10-236-191-2_499439925_0.csv,5,10.0,50,946,False,True,True,True,0.001518297998700291,0.0019318709964863956,0.0037482229963643476
tier_1m,1_1438042987127.36_20150728002307-00145-ip-10-236-191-2_499439925_0.csv,10,10.0,100,946,False,True,True,True,0.0011740350018953905,0.0017123019933933392,0.0031482740014325827
tier_1m,1_1438042987127.36_20150728002307-00145-ip-10-236-191-2_499439925_0.csv,20,10.0,200,946,False,True,True,True,0.0012571310071507469,0.002018304992816411,0.003565285005606711
tier_1m,1_1438042987127.36_20150728002307-00145-ip-10-236-191-2_499439925_0.csv,5,5.0,25,946,False,True,True,True,0.0009420479909749702,0.0015327779983635992,0.002723571000387892
tier_1m,1_1438042987127.36_20150728002307-00145-ip-10-236-191-2_499439925_0.csv,10,5.0,50,946,False,True,True,True,0.0009722760005388409,0.001497509001637809,0.002714264002861455
tier_1m,1_1438042987127.36_20150728002307-00145-ip-10-236-191-2_499439925_0.csv,20,5.0,100,946,False,True,True,True,0.00100630299129989,0.0016520869976375252,0.0029153189971111715
tier_1m,1_1438042990112.50_20150728002310-00013-ip-10-236-191-2_321346784_4.csv,5,10.0,50,1542,False,True,True,True,0.0015590499970130622,0.001985340000828728,0.0038415869930759072
tier_1m,1_1438042990112.50_20150728002310-00013-ip-10-236-191-2_321346784_4.csv,10,10.0,100,1542,False,True,True,True,0.00107963100890629,0.00187070899119135,0.0032065800041891634
tier_1m,1_1438042990112.50_20150728002310-00013-ip-10-236-191-2_321346784_4.csv,20,10.0,200,1542,False,True,True,True,0.0012224709935253486,0.0023807949910406023,0.0038858929910929874
tier_1m,1_1438042990112.50_20150728002310-00013-ip-10-236-191-2_321346784_4.csv,5,5.0,25,1542,False,True,True,True,0.0008887500007404014,0.001508693996584043,0.002650599999469705
tier_1m,1_1438042990112.50_20150728002310-00013-ip-10-236-191-2_321346784_4.csv,10,5.0,50,1542,False,True,True,True,0.0009900220029521734,0.0015459860005648807,0.0027894559898413718
tier_1m,1_1438042990112.50_20150728002310-00013-ip-10-236-191-2_321346784_4.csv,20,5.0,100,1542,False,True,True,True,0.0010440820042276755,0.0017813570011639968,0.0030776570056332275
tier_1m,1_1438042987127.36_20150728002307-00033-ip-10-236-191-2_482136553_0.csv,5,10.0,50,378,False,True,True,True,0.0013951300061307847,0.0018959599983645603,0.0035923990071751177
tier_1m,1_1438042987127.36_20150728002307-00033-ip-10-236-191-2_482136553_0.csv,10,10.0,100,378,False,True,True,True,0.0011005679989466444,0.0018946290074381977,0.003252709997468628
tier_1m,1_1438042987127.36_20150728002307-00033-ip-10-236-191-2_482136553_0.csv,20,10.0,200,378,False,True,True,True,0.0011924930004170164,0.0023974010109668598,0.0038747569924453273
tier_1m,1_1438042987127.36_20150728002307-00033-ip-10-236-191-2_482136553_0.csv,5,5.0,25,378,False,True,True,True,0.0009055130067281425,0.001473195996368304,0.0026144680014112964
tier_1m,1_1438042987127.36_20150728002307-00033-ip-10-236-191-2_482136553_0.csv,10,5.0,50,378,False,True,True,True,0.000898579994100146,0.0015565350040560588,0.002700677010579966
tier_1m,1_1438042987127.36_20150728002307-00033-ip-10-236-191-2_482136553_0.csv,20,5.0,100,378,False,True,True,True,0.0009856869874056429,0.0017410580039722845,0.0029726720094913617
tier_1m,0_1438042988061.16_20150728002308-00109-ip-10-236-191-2_681611335_21.csv,5,10.0,50,388,False,True,True,True,0.0016035650041885674,0.0018905739998444915,0.003796559991315007
tier_1m,0_1438042988061.16_20150728002308-00109-ip-10-236-191-2_681611335_21.csv,10,10.0,100,388,False,True,True,True,0.0011041340039810166,0.0018752449977910146,0.0032427749974885955
tier_1m,0_1438042988061.16_20150728002308-00109-ip-10-236-191-2_681611335_21.csv,20,10.0,200,388,False,True,True,True,0.001252439004019834,0.0024468390038236976,0.003994875005446374
tier_1m,0_1438042988061.16_20150728002308-00109-ip-10-236-191-2_681611335_21.csv,5,5.0,25,388,False,True,True,True,0.0009509309893473983,0.0015074760012794286,0.002699389006011188
tier_1m,0_1438042988061.16_20150728002308-00109-ip-10-236-191-2_681611335_21.csv,10,5.0,50,388,False,True,True,True,0.0009507840004516765,0.001599210998392664,0.0028011599933961406
tier_1m,0_1438042988061.16_20150728002308-00109-ip-10-236-191-2_681611335_21.csv,20,5.0,100,388,False,True,True,True,0.0010496009927010164,0.0017910930037032813,0.003096083994023502
tier_1m,0_1438042988061.16_20150728002308-00244-ip-10-236-191-2_65898746_2.csv,5,10.0,50,2500,False,True,True,True,0.0014303999923868105,0.002014426005189307,0.003757327009225264
tier_1m,0_1438042988061.16_20150728002308-00244-ip-10-236-191-2_65898746_2.csv,10,10.0,100,2500,False,True,True,True,0.00113473400415387,0.0019122349913232028,0.0033129070070572197
tier_1m,0_1438042988061.16_20150728002308-00244-ip-10-236-191-2_65898746_2.csv,20,10.0,200,2500,False,True,True,True,0.0012462939921533689,0.0024636830057715997,0.00400281700422056
tier_1m,0_1438042988061.16_20150728002308-00244-ip-10-236-191-2_65898746_2.csv,5,5.0,25,2500,False,True,True,True,0.0009469840006204322,0.0014879899972584099,0.002679940007510595
tier_1m,0_1438042988061.16_20150728002308-00244-ip-10-236-191-2_65898746_2.csv,10,5.0,50,2500,False,True,True,True,0.0009443349990760908,0.0016004000062821433,0.002799619993311353
tier_1m,0_1438042988061.16_20150728002308-00244-ip-10-236-191-2_65898746_2.csv,20,5.0,100,2500,False,True,True,True,0.0010283649899065495,0.0017831590084824711,0.0030668700055684894
tier_1m,0_1438042988061.16_20150728002308-00215-ip-10-236-191-2_362876303_35.csv,5,10.0,50,638,False,True,True,True,0.0019158359937136993,0.0022124590032035485,0.0045212260010885075
tier_1m,0_1438042988061.16_20150728002308-00215-ip-10-236-191-2_362876303_35.csv,10,10.0,100,638,False,True,True,True,0.001469053007895127,0.0022687620075885206,0.004084551997948438
tier_1m,0_1438042988061.16_20150728002308-00215-ip-10-236-191-2_362876303_35.csv,20,10.0,200,638,False,True,True,True,0.0017033189942594618,0.0020251600071787834,0.004089649999514222
tier_1m,0_1438042988061.16_20150728002308-00215-ip-10-236-191-2_362876303_35.csv,5,5.0,25,638,False,True,True,True,0.0009198040061164647,0.0014892219915054739,0.002642054998432286
tier_1m,0_1438042988061.16_20150728002308-00215-ip-10-236-191-2_362876303_35.csv,10,5.0,50,638,False,True,True,True,0.0009270909940823913,0.001521478989161551,0.0026899689983110875
tier_1m,0_1438042988061.16_20150728002308-00215-ip-10-236-191-2_362876303_35.csv,20,5.0,100,638,False,True,True,True,0.0009894520044326782,0.0016223769926000386,0.0028587060078280047
tier_1m,1_1438042990112.50_20150728002310-00312-ip-10-236-191-2_3243890_59.csv,5,10.0,50,296,False,True,True,True,0.001449517993023619,0.0019593100005295128,0.003707499010488391
tier_1m,1_1438042990112.50_20150728002310-00312-ip-10-236-191-2_3243890_59.csv,10,10.0,100,296,False,True,True,True,0.0010915880120592192,0.0018737560021691024,0.0032224969909293577
tier_1m,1_1438042990112.50_20150728002310-00312-ip-10-236-191-2_3243890_59.csv,20,10.0,200,296,False,True,True,True,0.0017142010037787259,0.0035920840018661693,0.005691004000254907
tier_1m,1_1438042990112.50_20150728002310-00312-ip-10-236-191-2_3243890_59.csv,5,5.0,25,296,False,True,True,True,0.0012151889968663454,0.0021771759929833934,0.0037179610080784187
tier_1m,1_1438042990112.50_20150728002310-00312-ip-10-236-191-2_3243890_59.csv,10,5.0,50,296,False,True,True,True,0.001271015004022047,0.0023070659954100847,0.00392091300454922
tier_1m,1_1438042990112.50_20150728002310-00312-ip-10-236-191-2_3243890_59.csv,20,5.0,100,296,False,True,True,True,0.0013754389947280288,0.0024753080069785938,0.00421499100048095
tier_1m,1_1438042990112.50_20150728002310-00085-ip-10-236-191-2_403435483_3.csv,5,10.0,50,769,False,True,True,True,0.001597408001543954,0.0022279120021266863,0.004182176009635441
tier_1m,1_1438042990112.50_20150728002310-00085-ip-10-236-191-2_403435483_3.csv,10,10.0,100,769,False,True,True,True,0.0014897290093358606,0.002607084999908693,0.004464108991669491
tier_1m,1_1438042990112.50_20150728002310-00085-ip-10-236-191-2_403435483_3.csv,20,10.0,200,769,False,True,True,True,0.001721870998153463,0.003486458008410409,0.005624418001389131
tier_1m,1_1438042990112.50_20150728002310-00085-ip-10-236-191-2_403435483_3.csv,5,5.0,25,769,False,True,True,True,0.0012170519912615418,0.002265886010718532,0.0038272419915301725
tier_1m,1_1438042990112.50_20150728002310-00085-ip-10-236-191-2_403435483_3.csv,10,5.0,50,769,False,True,True,True,0.0012828159960918128,0.002304199995705858,0.003936938010156155
tier_1m,1_1438042990112.50_20150728002310-00085-ip-10-236-191-2_403435483_3.csv,20,5.0,100,769,False,True,True,True,0.0014010309969307855,0.0024972569954115897,0.004255994994309731
tier_1m,0_1438042988061.16_20150728002308-00194-ip-10-236-191-2_846810834_13.csv,5,10.0,50,165,False,True,True,True,0.0014796330069657415,0.002172414999222383,0.003994854996562935
tier_1m,0_1438042988061.16_20150728002308-00194-ip-10-236-191-2_846810834_13.csv,10,10.0,100,165,False,True,True,True,0.0014966640010243282,0.002588900999398902,0.00446812401060015
tier_1m,0_1438042988061.16_20150728002308-00194-ip-10-236-191-2_846810834_13.csv,20,10.0,200,165,True,True,True,True,0.0016400610038544983,0.00406410799769219,0.0060970229969825596
tier_1m,0_1438042988061.16_20150728002308-00194-ip-10-236-191-2_846810834_13.csv,5,5.0,25,165,False,True,True,True,0.0012060510052833706,0.0022325020108837634,0.0037650580052286386
tier_1m,0_1438042988061.16_20150728002308-00194-ip-10-236-191-2_846810834_13.csv,10,5.0,50,165,False,True,True,True,0.0012412820069584996,0.0022796080011175945,0.0038581280095968395
tier_1m,0_1438042988061.16_20150728002308-00194-ip-10-236-191-2_846810834_13.csv,20,5.0,100,165,False,True,True,True,0.0013806700007990003,0.002401309000561014,0.004139378012041561
tier_1m,1_1438042990112.50_20150728002310-00286-ip-10-236-191-2_318221297_4.csv,5,10.0,50,1688,False,True,True,True,0.0015461720031453297,0.002225859003374353,0.004094257004908286
tier_1m,1_1438042990112.50_20150728002310-00286-ip-10-236-191-2_318221297_4.csv,10,10.0,100,1688,False,True,True,True,0.0013812160032102838,0.002132773006451316,0.0038353589916368946
tier_1m,1_1438042990112.50_20150728002310-00286-ip-10-236-191-2_318221297_4.csv,20,10.0,200,1688,False,True,True,True,0.001534076000098139,0.0029609470075229183,0.004880442007561214
tier_1m,1_1438042990112.50_20150728002310-00286-ip-10-236-191-2_318221297_4.csv,5,5.0,25,1688,False,True,True,True,0.0011293849966023117,0.0017842750094132498,0.0032043959945440292
tier_1m,1_1438042990112.50_20150728002310-00286-ip-10-236-191-2_318221297_4.csv,10,5.0,50,1688,False,True,True,True,0.0012549859966384247,0.0019067489920416847,0.003506411987473257
tier_1m,1_1438042990112.50_20150728002310-00286-ip-10-236-191-2_318221297_4.csv,20,5.0,100,1688,False,True,True,True,0.0013609010056825355,0.0020632140076486394,0.0037472769909072667
tier_1m,1_1438042987127.36_20150728002307-00290-ip-10-236-191-2_407999777_10.csv,5,10.0,50,533,False,True,True,True,0.0014723259955644608,0.0022740540007362142,0.004093497002031654
tier_1m,1_1438042987127.36_20150728002307-00290-ip-10-236-191-2_407999777_10.csv,10,10.0,100,533,False,True,True,True,0.0015024239983176813,0.0025821669987635687,0.004459495990886353
tier_1m,1_1438042987127.36_20150728002307-00290-ip-10-236-191-2_407999777_10.csv,20,10.0,200,533,False,True,True,True,0.0017434439942007884,0.002749397011939436,0.004906315996777266
tier_1m,1_1438042987127.36_20150728002307-00290-ip-10-236-191-2_407999777_10.csv,5,5.0,25,533,False,True,True,True,0.001215957003296353,0.0019785900076385587,0.0035251170047558844
tier_1m,1_1438042987127.36_20150728002307-00290-ip-10-236-191-2_407999777_10.csv,10,5.0,50,533,False,True,True,True,0.0012411409988999367,0.0020161739957984537,0.0036110369983362034
tier_1m,1_1438042987127.36_20150728002307-00290-ip-10-236-191-2_407999777_10.csv,20,5.0,100,533,False,True,True,True,0.0013861229963367805,0.002441566000925377,0.004188879000139423
tier_1m,0_1438042988458.74_20150728002308-00166-ip-10-236-191-2_302386578_10.csv,5,10.0,50,627,False,True,True,True,0.001621281000552699,0.0019521229987731203,0.003923115989891812
tier_1m,0_1438042988458.74_20150728002308-00166-ip-10-236-191-2_302386578_10.csv,10,10.0,100,627,False,True,True,True,0.0015482320013688877,0.002580374013632536,0.0044993290066486225
tier_1m,0_1438042988458.74_20150728002308-00166-ip-10-236-191-2_302386578_10.csv,20,10.0,200,627,False,True,True,True,0.0017640310106799006,0.0026998510002158582,0.004878856998402625
tier_1m,0_1438042988458.74_20150728002308-00166-ip-10-236-191-2_302386578_10.csv,5,5.0,25,627,False,True,True,True,0.0012468820059439167,0.002163338998798281,0.003739353996934369
tier_1m,0_1438042988458.74_20150728002308-00166-ip-10-236-191-2_302386578_10.csv,10,5.0,50,627,False,True,True,True,0.0012995029974263161,0.002240355999674648,0.003887262995704077
tier_1m,0_1438042988458.74_20150728002308-00166-ip-10-236-191-2_302386578_10.csv,20,5.0,100,627,False,True,True,True,0.0014593719970434904,0.0025272619968745857,0.004344658998888917
tier_1m,0_1438042988458.74_20150728002308-00253-ip-10-236-191-2_222600153_3.csv,5,10.0,50,318,False,True,True,True,0.001455680001527071,0.002304160996573046,0.004099611993297003
tier_1m,0_1438042988458.74_20150728002308-00253-ip-10-236-191-2_222600153_3.csv,10,10.0,100,318,False,True,True,True,0.001500950995250605,0.002631487004691735,0.004497182002523914
tier_1m,0_1438042988458.74_20150728002308-00253-ip-10-236-191-2_222600153_3.csv,20,10.0,200,318,False,True,True,True,0.0017393659945810214,0.003486105997581035,0.005641226001898758
tier_1m,0_1438042988458.74_20150728002308-00253-ip-10-236-191-2_222600153_3.csv,5,5.0,25,318,False,True,True,True,0.0011979389964835718,0.0022221380058908835,0.0037365099997259676
tier_1m,0_1438042988458.74_20150728002308-00253-ip-10-236-191-2_222600153_3.csv,10,5.0,50,318,False,True,True,True,0.0012469889916246757,0.0022528879926539958,0.0038303110050037503
tier_1m,0_1438042988458.74_20150728002308-00253-ip-10-236-191-2_222600153_3.csv,20,5.0,100,318,False,True,True,True,0.001377776003209874,0.0025108849949901924,0.0042423269915161654
tier_1m,1_1438042990112.50_20150728002310-00237-ip-10-236-191-2_880298254_15.csv,5,10.0,50,2826,False,True,True,True,0.0015172310086200014,0.0021331879979697987,0.003990468991105445
tier_1m,1_1438042990112.50_20150728002310-00237-ip-10-236-191-2_880298254_15.csv,10,10.0,100,2826,False,True,True,True,0.0011717519955709577,0.002113422000547871,0.0035863259981852025
tier_1m,1_1438042990112.50_20150728002310-00237-ip-10-236-191-2_880298254_15.csv,20,10.0,200,2826,False,True,True,True,0.0013188669981900603,0.0037755769881187007,0.005438025007606484
tier_1m,1_1438042990112.50_20150728002310-00237-ip-10-236-191-2_880298254_15.csv,5,5.0,25,2826,False,True,True,True,0.0009310879977419972,0.0015563459892291576,0.0027657409955281764
tier_1m,1_1438042990112.50_20150728002310-00237-ip-10-236-191-2_880298254_15.csv,10,5.0,50,2826,False,True,True,True,0.000975984992692247,0.001882152006146498,0.0031460569880437106
tier_1m,1_1438042990112.50_20150728002310-00237-ip-10-236-191-2_880298254_15.csv,20,5.0,100,2826,False,True,True,True,0.001102666006772779,0.001986793999094516,0.0033922129950951785
tier_1m,0_1438042988061.16_20150728002308-00089-ip-10-236-191-2_807127666_2.csv,5,10.0,50,831,False,True,True,True,0.0013982689997646958,0.00224274599167984,0.003988758006016724
tier_1m,0_1438042988061.16_20150728002308-00089-ip-10-236-191-2_807127666_2.csv,10,10.0,100,831,False,True,True,True,0.0015610440023010597,0.002603022992843762,0.004534615000011399
tier_1m,0_1438042988061.16_20150728002308-00089-ip-10-236-191-2_807127666_2.csv,20,10.0,200,831,False,True,True,True,0.0017519670072942972,0.0032358239986933768,0.005412173995864578
tier_1m,0_1438042988061.16_20150728002308-00089-ip-10-236-191-2_807127666_2.csv,5,5.0,25,831,False,True,True,True,0.001199960010126233,0.002194569999119267,0.0037250360037432984
tier_1m,0_1438042988061.16_20150728002308-00089-ip-10-236-191-2_807127666_2.csv,10,5.0,50,831,False,True,True,True,0.001258731004782021,0.0022097319888416678,0.0038006769900675863
tier_1m,0_1438042988061.16_20150728002308-00089-ip-10-236-191-2_807127666_2.csv,20,5.0,100,831,False,True,True,True,0.0013874009891878814,0.002430808002827689,0.00418712999089621
tier_1m,0_1438042988458.74_20150728002308-00060-ip-10-236-191-2_492355315_1.csv,5,10.0,50,2500,False,True,True,True,0.0015234559978125617,0.0021475649991771206,0.004020647989818826
tier_1m,0_1438042988458.74_20150728002308-00060-ip-10-236-191-2_492355315_1.csv,10,10.0,100,2500,False,True,True,True,0.00119778499356471,0.0021234139858279377,0.0036236080050002784
tier_1m,0_1438042988458.74_20150728002308-00060-ip-10-236-191-2_492355315_1.csv,20,10.0,200,2500,False,True,True,True,0.0012712110037682578,0.002970390996779315,0.004577307001454756
tier_1m,0_1438042988458.74_20150728002308-00060-ip-10-236-191-2_492355315_1.csv,5,5.0,25,2500,False,True,True,True,0.0009356850059702992,0.0017910939932335168,0.0030255780002335086
tier_1m,0_1438042988458.74_20150728002308-00060-ip-10-236-191-2_492355315_1.csv,10,5.0,50,2500,False,True,True,True,0.0009515870042378083,0.0018311930034542456,0.003075618005823344
tier_1m,0_1438042988458.74_20150728002308-00060-ip-10-236-191-2_492355315_1.csv,20,5.0,100,2500,False,True,True,True,0.001030170009471476,0.002062539992039092,0.003382978989975527
tier_1m,1_1438042990112.50_20150728002310-00296-ip-10-236-191-2_202658094_3.csv,5,10.0,50,528,False,True,True,True,0.0014422399981413037,0.0022724189911969006,0.004071844014106318
tier_1m,1_1438042990112.50_20150728002310-00296-ip-10-236-191-2_202658094_3.csv,10,10.0,100,528,False,True,True,True,0.001487115994677879,0.00262584000302013,0.004487072001211345
tier_1m,1_1438042990112.50_20150728002310-00296-ip-10-236-191-2_202658094_3.csv,20,10.0,200,528,False,True,True,True,0.0016995810001390055,0.003349951992277056,0.00546305401076097
tier_1m,1_1438042990112.50_20150728002310-00296-ip-10-236-191-2_202658094_3.csv,5,5.0,25,528,False,True,True,True,0.0012045820039929822,0.002146582002751529,0.0036807690048590302
tier_1m,1_1438042990112.50_20150728002310-00296-ip-10-236-191-2_202658094_3.csv,10,5.0,50,528,False,True,True,True,0.0012490250082919374,0.002225211006589234,0.0038292280078167096
tier_1m,1_1438042990112.50_20150728002310-00296-ip-10-236-191-2_202658094_3.csv,20,5.0,100,528,False,True,True,True,0.0013808509975206107,0.002458044997183606,0.00421272600942757
tier_1m,1_1438042988061.16_20150728002308-00013-ip-10-236-191-2_636339982_0.csv,5,10.0,50,625,False,True,True,True,0.0014381120126927271,0.002186108991736546,0.003971142999944277
tier_1m,1_1438042988061.16_20150728002308-00013-ip-10-236-191-2_636339982_0.csv,10,10.0,100,625,False,True,True,True,0.0014631020021624863,0.0025869730015983805,0.004426364001119509
tier_1m,1_1438042988061.16_20150728002308-00013-ip-10-236-191-2_636339982_0.csv,20,10.0,200,625,False,True,True,True,0.0016760889993747696,0.003449725001701154,0.005536726996069774
tier_1m,1_1438042988061.16_20150728002308-00013-ip-10-236-191-2_636339982_0.csv,5,5.0,25,625,False,True,True,True,0.0012131769908592105,0.0021447530016303062,0.003678551991470158
tier_1m,1_1438042988061.16_20150728002308-00013-ip-10-236-191-2_636339982_0.csv,10,5.0,50,625,False,True,True,True,0.0012355929939076304,0.002222122988314368,0.003791934999753721
tier_1m,1_1438042988061.16_20150728002308-00013-ip-10-236-191-2_636339982_0.csv,20,5.0,100,625,False,True,True,True,0.0013474139996105805,0.0024492579977959394,0.0041596829978516325
tier_1m,1_1438042987127.36_20150728002307-00294-ip-10-236-191-2_390417830_16.csv,5,10.0,50,812,False,True,True,True,0.0015923430037219077,0.0022079500049585477,0.004136193994781934
tier_1m,1_1438042987127.36_20150728002307-00294-ip-10-236-191-2_390417830_16.csv,10,10.0,100,812,False,True,True,True,0.0014355119928950444,0.0026037750067189336,0.004411853995407
tier_1m,1_1438042987127.36_20150728002307-00294-ip-10-236-191-2_390417830_16.csv,20,10.0,200,812,False,True,True,True,0.0016651509940857068,0.0033840770047390833,0.005465359005029313
tier_1m,1_1438042987127.36_20150728002307-00294-ip-10-236-191-2_390417830_16.csv,5,5.0,25,812,False,True,True,True,0.0011890539899468422,0.0022054150031181052,0.0037175769975874573
tier_1m,1_1438042987127.36_20150728002307-00294-ip-10-236-191-2_390417830_16.csv,10,5.0,50,812,False,True,True,True,0.0012506970087997615,0.0022677839879179373,0.003857624004012905
tier_1m,1_1438042987127.36_20150728002307-00294-ip-10-236-191-2_390417830_16.csv,20,5.0,100,812,False,True,True,True,0.0013687409955309704,0.002476913999998942,0.004198904003715143
tier_1m,0_1438042988458.74_20150728002308-00254-ip-10-236-191-2_909417374_257.csv,5,10.0,50,2794,False,True,True,True,0.0014833860041107982,0.0019105029932688922,0.0037225460109766573
tier_1m,0_1438042988458.74_20150728002308-00254-ip-10-236-191-2_909417374_257.csv,10,10.0,100,2794,False,True,True,True,0.0014268020022427663,0.002011852993746288,0.0037427250063046813
tier_1m,0_1438042988458.74_20150728002308-00254-ip-10-236-191-2_909417374_257.csv,20,10.0,200,2794,False,True,True,True,0.0013880679907742888,0.0048191009991569445,0.006503730997792445
tier_1m,0_1438042988458.74_20150728002308-00254-ip-10-236-191-2_909417374_257.csv,5,5.0,25,2794,False,True,True,True,0.000981246994342655,0.0015705080004408956,0.002792447994579561
tier_1m,0_1438042988458.74_20150728002308-00254-ip-10-236-191-2_909417374_257.csv,10,5.0,50,2794,False,True,True,True,0.0010008210083469748,0.0015832640056032687,0.0028282709972700104
tier_1m,0_1438042988458.74_20150728002308-00254-ip-10-236-191-2_909417374_257.csv,20,5.0,100,2794,False,True,True,True,0.00109197199344635,0.001643964002141729,0.002998632990056649
tier_1m,0_1438042988061.16_20150728002308-00101-ip-10-236-191-2_653250037_0.csv,5,10.0,50,176,False,True,True,True,0.001589437000802718,0.001831176006817259,0.003715347993420437
tier_1m,0_1438042988061.16_20150728002308-00101-ip-10-236-191-2_653250037_0.csv,10,10.0,100,176,False,True,True,True,0.001104682989534922,0.0018840910051949322,0.0032633459923090413
tier_1m,0_1438042988061.16_20150728002308-00101-ip-10-236-191-2_653250037_0.csv,20,10.0,200,176,True,True,True,True,0.0012039180001011118,0.001906229997985065,0.0033806729916250333
tier_1m,0_1438042988061.16_20150728002308-00101-ip-10-236-191-2_653250037_0.csv,5,5.0,25,176,False,True,True,True,0.0008945529989432544,0.0015106060018297285,0.0026411810104036704
tier_1m,0_1438042988061.16_20150728002308-00101-ip-10-236-191-2_653250037_0.csv,10,5.0,50,176,False,True,True,True,0.0009094350098166615,0.0015336270007537678,0.0026830290007637814
tier_1m,0_1438042988061.16_20150728002308-00101-ip-10-236-191-2_653250037_0.csv,20,5.0,100,176,False,True,True,True,0.0010168290027650073,0.0017591369978617877,0.0030269499984569848
tier_1m,0_1438042988458.74_20150728002308-00046-ip-10-236-191-2_428007644_11.csv,5,10.0,50,2,True,False,False,False,0.0,0.0,9.238996426574886e-06
tier_1m,0_1438042988458.74_20150728002308-00046-ip-10-236-191-2_428007644_11.csv,10,10.0,100,2,True,False,False,False,0.0,0.0,1.8300052033737302e-06
tier_1m,0_1438042988458.74_20150728002308-00046-ip-10-236-191-2_428007644_11.csv,20,10.0,200,2,True,False,False,False,0.0,0.0,1.3859971659258008e-06
tier_1m,0_1438042988458.74_20150728002308-00046-ip-10-236-191-2_428007644_11.csv,5,5.0,25,2,True,False,False,False,0.0,0.0,1.205000444315374e-06
tier_1m,0_1438042988458.74_20150728002308-00046-ip-10-236-191-2_428007644_11.csv,10,5.0,50,2,True,False,False,False,0.0,0.0,1.124004484154284e-06
tier_1m,0_1438042988458.74_20150728002308-00046-ip-10-236-191-2_428007644_11.csv,20,5.0,100,2,True,False,False,False,0.0,0.0,1.0989897418767214e-06
tier_1m,1_1438042987127.36_20150728002307-00290-ip-10-236-191-2_469307566_0.csv,5,10.0,50,575,False,False,True,False,0.001391423007589765,0.0,0.0014214420079952106
tier_1m,1_1438042987127.36_20150728002307-00290-ip-10-236-191-2_469307566_0.csv,10,10.0,100,575,False,False,True,False,0.0011515770020196214,0.0,0.0011920990073122084
tier_1m,1_1438042987127.36_20150728002307-00290-ip-10-236-191-2_469307566_0.csv,20,10.0,200,575,False,False,True,False,0.0012152970011811703,0.0,0.0012778529926436022
tier_1m,1_1438042987127.36_20150728002307-00290-ip-10-236-191-2_469307566_0.csv,5,5.0,25,575,False,False,True,False,0.0008922019915189594,0.0,0.0009123049967456609
tier_1m,1_1438042987127.36_20150728002307-00290-ip-10-236-191-2_469307566_0.csv,10,5.0,50,575,False,False,True,False,0.0008660149906063452,0.0,0.0008911760087357834
tier_1m,1_1438042987127.36_20150728002307-00290-ip-10-236-191-2_469307566_0.csv,20,5.0,100,575,False,False,True,False,0.000987177001661621,0.0,0.0010246129968436435
tier_1m,1_1438042990112.50_20150728002310-00062-ip-10-236-191-2_896744244_9.csv,5,10.0,50,2635,False,True,True,True,0.001497821998782456,0.0018937919958261773,0.0036834210040979087
tier_1m,1_1438042990112.50_20150728002310-00062-ip-10-236-191-2_896744244_9.csv,10,10.0,100,2635,False,True,True,True,0.0010860680049518123,0.001888377999421209,0.0032426940015284345
tier_1m,1_1438042990112.50_20150728002310-00062-ip-10-236-191-2_896744244_9.csv,20,10.0,200,2635,False,True,True,True,0.0012325709976721555,0.002377598997554742,0.0038966970023466274
tier_1m,1_1438042990112.50_20150728002310-00062-ip-10-236-191-2_896744244_9.csv,5,5.0,25,2635,False,True,True,True,0.0009246839908882976,0.0014984729932621121,0.002667979002580978
tier_1m,1_1438042990112.50_20150728002310-00062-ip-10-236-191-2_896744244_9.csv,10,5.0,50,2635,False,True,True,True,0.0009413020015927032,0.0015553849952993914,0.0027488839987199754
tier_1m,1_1438042990112.50_20150728002310-00062-ip-10-236-191-2_896744244_9.csv,20,5.0,100,2635,False,True,True,True,0.0010319160064682364,0.0017774059961084276,0.0030618029995821416
tier_1m,1_1438042990112.50_20150728002310-00225-ip-10-236-191-2_718036865_0.csv,5,10.0,50,1231,False,False,True,False,0.0013409719977062196,0.0,0.0013752959930570796
tier_1m,1_1438042990112.50_20150728002310-00225-ip-10-236-191-2_718036865_0.csv,10,10.0,100,1231,False,False,True,False,0.001124941001762636,0.0,0.001165911991847679
tier_1m,1_1438042990112.50_20150728002310-00225-ip-10-236-191-2_718036865_0.csv,20,10.0,200,1231,False,False,True,False,0.0012515840062405914,0.0,0.0013160200032871217
tier_1m,1_1438042990112.50_20150728002310-00225-ip-10-236-191-2_718036865_0.csv,5,5.0,25,1231,False,False,True,False,0.0008958560065366328,0.0,0.0009171559941023588
tier_1m,1_1438042990112.50_20150728002310-00225-ip-10-236-191-2_718036865_0.csv,10,5.0,50,1231,False,False,True,False,0.0009124490024987608,0.0,0.0009383819997310638
tier_1m,1_1438042990112.50_20150728002310-00225-ip-10-236-191-2_718036865_0.csv,20,5.0,100,1231,False,False,True,False,0.0009502119937678799,0.0,0.0009883919992716983
tier_1m,0_1438042988061.16_20150728002308-00189-ip-10-236-191-2_414087396_10.csv,5,10.0,50,387,False,True,True,True,0.00149647900252603,0.0019426000071689487,0.00374458399892319
tier_1m,0_1438042988061.16_20150728002308-00189-ip-10-236-191-2_414087396_10.csv,10,10.0,100,387,False,True,True,True,0.0011357670009601861,0.0019229129975428805,0.0033157370053231716
tier_1m,0_1438042988061.16_20150728002308-00189-ip-10-236-191-2_414087396_10.csv,20,10.0,200,387,False,True,True,True,0.0012268519931240007,0.0024245849926956,0.003935854008886963
tier_1m,0_1438042988061.16_20150728002308-00189-ip-10-236-191-2_414087396_10.csv,5,5.0,25,387,False,True,True,True,0.0009032220114022493,0.0015061860030982643,0.002652077004313469
tier_1m,0_1438042988061.16_20150728002308-00189-ip-10-236-191-2_414087396_10.csv,10,5.0,50,387,False,True,True,True,0.0009113480045925826,0.001561420998768881,0.0027182860067114234
tier_1m,0_1438042988061.16_20150728002308-00189-ip-10-236-191-2_414087396_10.csv,20,5.0,100,387,False,True,True,True,0.0010237039969069883,0.001776631994289346,0.0030534870020346716
tier_1m,0_1438042988061.16_20150728002308-00144-ip-10-236-191-2_279381280_30.csv,5,10.0,50,1398,False,False,True,False,0.0013479939952958375,0.0,0.001382260990794748
tier_1m,0_1438042988061.16_20150728002308-00144-ip-10-236-191-2_279381280_30.csv,10,10.0,100,1398,False,False,True,False,0.00114803398901131,0.0,0.001188366994028911
tier_1m,0_1438042988061.16_20150728002308-00144-ip-10-236-191-2_279381280_30.csv,20,10.0,200,1398,False,False,True,False,0.0011785129900090396,0.0,0.001241328995092772
tier_1m,0_1438042988061.16_20150728002308-00144-ip-10-236-191-2_279381280_30.csv,5,5.0,25,1398,False,False,True,False,0.0009088220103876665,0.0,0.0009292299946537241
tier_1m,0_1438042988061.16_20150728002308-00144-ip-10-236-191-2_279381280_30.csv,10,5.0,50,1398,False,False,True,False,0.0009562590130371973,0.0,0.0009849880007095635
tier_1m,0_1438042988061.16_20150728002308-00144-ip-10-236-191-2_279381280_30.csv,20,5.0,100,1398,False,False,True,False,0.0009627249964978546,0.0,0.0010013120045186952
tier_1m,1_1438042990112.50_20150728002310-00081-ip-10-236-191-2_890934925_129.csv,5,10.0,50,2295,False,True,True,True,0.0013462989882100374,0.0018487159977667034,0.0034958640026161447
tier_1m,1_1438042990112.50_20150728002310-00081-ip-10-236-191-2_890934925_129.csv,10,10.0,100,2295,False,True,True,True,0.0011066040024161339,0.0018569350067991763,0.003226190005079843
tier_1m,1_1438042990112.50_20150728002310-00081-ip-10-236-191-2_890934925_129.csv,20,10.0,200,2295,False,True,True,True,0.0012648260017158464,0.002359142992645502,0.003910106999683194
tier_1m,1_1438042990112.50_20150728002310-00081-ip-10-236-191-2_890934925_129.csv,5,5.0,25,2295,False,True,True,True,0.0009360309923067689,0.0014871299936203286,0.002659225996467285
tier_1m,1_1438042990112.50_20150728002310-00081-ip-10-236-191-2_890934925_129.csv,10,5.0,50,2295,False,True,True,True,0.0010523090022616088,0.001576337992446497,0.002875616992241703
tier_1m,1_1438042990112.50_20150728002310-00081-ip-10-236-191-2_890934925_129.csv,20,5.0,100,2295,False,True,True,True,0.00106612998933997,0.0018231980066047981,0.003142154004308395
tier_1m,0_1438042988061.16_20150728002308-00133-ip-10-236-191-2_59742533_2.csv,5,10.0,50,482,False,True,True,True,0.0016731550131225958,0.002013411998632364,0.00401138499728404
tier_1m,0_1438042988061.16_20150728002308-00133-ip-10-236-191-2_59742533_2.csv,10,10.0,100,482,False,True,True,True,0.0014761470083612949,0.00259924799320288,0.004442753997864202
tier_1m,0_1438042988061.16_20150728002308-00133-ip-10-236-191-2_59742533_2.csv,20,10.0,200,482,False,True,True,True,0.0016448669921373948,0.0036409710010048,0.005696075008017942
tier_1m,0_1438042988061.16_20150728002308-00133-ip-10-236-191-2_59742533_2.csv,5,5.0,25,482,False,True,True,True,0.001142963010352105,0.0018058779969578609,0.003224722997401841
tier_1m,0_1438042988061.16_20150728002308-00133-ip-10-236-191-2_59742533_2.csv,10,5.0,50,482,False,True,True,True,0.0009057279967237264,0.0015480409929296002,0.0027181810000911355
tier_1m,0_1438042988061.16_20150728002308-00133-ip-10-236-191-2_59742533_2.csv,20,5.0,100,482,False,True,True,True,0.0010091840085806325,0.001761078994604759,0.00302146899048239
tier_1m,1_1438042990112.50_20150728002310-00259-ip-10-236-191-2_889779227_121.csv,5,10.0,50,2785,False,True,True,True,0.0014505040016956627,0.0018736229976639152,0.003621465992182493
tier_1m,1_1438042990112.50_20150728002310-00259-ip-10-236-191-2_889779227_121.csv,10,10.0,100,2785,False,True,True,True,0.0012256729969521984,0.0018816430092556402,0.0033730739960446954
tier_1m,1_1438042990112.50_20150728002310-00259-ip-10-236-191-2_889779227_121.csv,20,10.0,200,2785,False,True,True,True,0.0012480949953896925,0.0023843160015530884,0.003929172991774976
tier_1m,1_1438042990112.50_20150728002310-00259-ip-10-236-191-2_889779227_121.csv,5,5.0,25,2785,False,True,True,True,0.0009501059976173565,0.001512344999355264,0.0027054269885411486
tier_1m,1_1438042990112.50_20150728002310-00259-ip-10-236-191-2_889779227_121.csv,10,5.0,50,2785,False,True,True,True,0.0009522229956928641,0.0015709630097262561,0.002775239001493901
tier_1m,1_1438042990112.50_20150728002310-00259-ip-10-236-191-2_889779227_121.csv,20,5.0,100,2785,False,True,True,True,0.0010493219888303429,0.0018866790051106364,0.0031911690020933747
tier_1m,0_1438042988458.74_20150728002308-00262-ip-10-236-191-2_380524338_2.csv,5,10.0,50,1148,False,True,True,True,0.0015713590109953657,0.0021012249926570803,0.0039664859941694885
tier_1m,0_1438042988458.74_20150728002308-00262-ip-10-236-191-2_380524338_2.csv,10,10.0,100,1148,False,True,True,True,0.0011122779978904873,0.0018967209907714278,0.003269793000072241
tier_1m,0_1438042988458.74_20150728002308-00262-ip-10-236-191-2_380524338_2.csv,20,10.0,200,1148,False,True,True,True,0.001238156997715123,0.0024306700070155784,0.003958404995501041
tier_1m,0_1438042988458.74_20150728002308-00262-ip-10-236-191-2_380524338_2.csv,5,5.0,25,1148,False,True,True,True,0.0009231500007444993,0.0015487030032090843,0.0027094310062238947
tier_1m,0_1438042988458.74_20150728002308-00262-ip-10-236-191-2_380524338_2.csv,10,5.0,50,1148,False,True,True,True,0.0009570919937686995,0.0015868810005486012,0.0027966030029347166
tier_1m,0_1438042988458.74_20150728002308-00262-ip-10-236-191-2_380524338_2.csv,20,5.0,100,1148,False,True,True,True,0.0010022139904322103,0.001775343989720568,0.0030303699895739555
tier_1m,1_1438042987127.36_20150728002307-00027-ip-10-236-191-2_67802697_2.csv,5,10.0,50,678,False,True,True,True,0.0014046559954294935,0.0019431160035310313,0.0036461010022321716
tier_1m,1_1438042987127.36_20150728002307-00027-ip-10-236-191-2_67802697_2.csv,10,10.0,100,678,False,True,True,True,0.0010781650053104386,0.0018640900088939816,0.0031946060043992475
tier_1m,1_1438042987127.36_20150728002307-00027-ip-10-236-191-2_67802697_2.csv,20,10.0,200,678,False,True,True,True,0.0012120909959776327,0.002409834007266909,0.003917342008207925
tier_1m,1_1438042987127.36_20150728002307-00027-ip-10-236-191-2_67802697_2.csv,5,5.0,25,678,False,True,True,True,0.0009031540103023872,0.0016058469918789342,0.0027472670044517145
tier_1m,1_1438042987127.36_20150728002307-00027-ip-10-236-191-2_67802697_2.csv,10,5.0,50,678,False,True,True,True,0.0009163659997284412,0.0016669350006850436,0.002828690005117096
tier_1m,1_1438042987127.36_20150728002307-00027-ip-10-236-191-2_67802697_2.csv,20,5.0,100,678,False,True,True,True,0.0009877519914880395,0.0018065839976770803,0.0030546309862984344
tier_1m,0_1438042988458.74_20150728002308-00175-ip-10-236-191-2_385639780_18.csv,5,10.0,50,756,False,True,True,True,0.0015966499922797084,0.0019829099910566583,0.0038713819958502427
tier_1m,0_1438042988458.74_20150728002308-00175-ip-10-236-191-2_385639780_18.csv,10,10.0,100,756,False,True,True,True,0.0010903750080615282,0.0018571079999674112,0.00322245700226631
tier_1m,0_1438042988458.74_20150728002308-00175-ip-10-236-191-2_385639780_18.csv,20,10.0,200,756,False,True,True,True,0.0012424839951563627,0.002445471996907145,0.003975537008955143
tier_1m,0_1438042988458.74_20150728002308-00175-ip-10-236-191-2_385639780_18.csv,5,5.0,25,756,False,True,True,True,0.0009380349947605282,0.0015021270082797855,0.002681748999748379
tier_1m,0_1438042988458.74_20150728002308-00175-ip-10-236-191-2_385639780_18.csv,10,5.0,50,756,False,True,True,True,0.0009405120072187856,0.001536921990918927,0.0027183829952264205
tier_1m,0_1438042988458.74_20150728002308-00175-ip-10-236-191-2_385639780_18.csv,20,5.0,100,756,False,True,True,True,0.0010098659986397251,0.0017977129900828004,0.003061297000385821
tier_1m,0_1438042988458.74_20150728002308-00303-ip-10-236-191-2_56708567_9.csv,5,10.0,50,806,False,True,True,True,0.0014730789989698678,0.0019953949959017336,0.0037752249918412417
tier_1m,0_1438042988458.74_20150728002308-00303-ip-10-236-191-2_56708567_9.csv,10,10.0,100,806,False,True,True,True,0.0012783779966412112,0.002175754008931108,0.003755954996449873
tier_1m,0_1438042988458.74_20150728002308-00303-ip-10-236-191-2_56708567_9.csv,20,10.0,200,806,False,True,True,True,0.0015158640017034486,0.002704831989831291,0.004532122009550221
tier_1m,0_1438042988458.74_20150728002308-00303-ip-10-236-191-2_56708567_9.csv,5,5.0,25,806,False,True,True,True,0.000915598007850349,0.001520093996077776,0.0026787609967868775
tier_1m,0_1438042988458.74_20150728002308-00303-ip-10-236-191-2_56708567_9.csv,10,5.0,50,806,False,True,True,True,0.000962938996963203,0.0015594899887219071,0.002771273997495882
tier_1m,0_1438042988458.74_20150728002308-00303-ip-10-236-191-2_56708567_9.csv,20,5.0,100,806,False,True,True,True,0.0010208290041191503,0.0017911260074470192,0.0030645710066892207
tier_1m,0_1438042988458.74_20150728002308-00063-ip-10-236-191-2_657101208_1.csv,5,10.0,50,813,False,True,True,True,0.0014570700004696846,0.001980543995159678,0.003738237006473355
tier_1m,0_1438042988458.74_20150728002308-00063-ip-10-236-191-2_657101208_1.csv,10,10.0,100,813,False,True,True,True,0.001111678997403942,0.0018821559933712706,0.003247190994443372
tier_1m,0_1438042988458.74_20150728002308-00063-ip-10-236-191-2_657101208_1.csv,20,10.0,200,813,False,True,True,True,0.0016057379980338737,0.002486525001586415,0.004452302004210651
tier_1m,0_1438042988458.74_20150728002308-00063-ip-10-236-191-2_657101208_1.csv,5,5.0,25,813,False,True,True,True,0.0009217339975293726,0.0015279430081136525,0.0026942059921566397
tier_1m,0_1438042988458.74_20150728002308-00063-ip-10-236-191-2_657101208_1.csv,10,5.0,50,813,False,True,True,True,0.000945774998399429,0.001567301995237358,0.00275792799948249
tier_1m,0_1438042988458.74_20150728002308-00063-ip-10-236-191-2_657101208_1.csv,20,5.0,100,813,False,True,True,True,0.0010213170025963336,0.0017714889982016757,0.0030421619885601103
tier_1m,1_1438042990112.50_20150728002310-00190-ip-10-236-191-2_436521753_9.csv,5,10.0,50,302,False,True,True,True,0.0014714019926032051,0.0021021970023866743,0.0038706659979652613
tier_1m,1_1438042990112.50_20150728002310-00190-ip-10-236-191-2_436521753_9.csv,10,10.0,100,302,False,True,True,True,0.0010897710017161444,0.0018987439980264753,0.0032449169957544655
tier_1m,1_1438042990112.50_20150728002310-00190-ip-10-236-191-2_436521753_9.csv,20,10.0,200,302,False,True,True,True,0.0012430450005922467,0.0024135150015354156,0.003939754999009892
tier_1m,1_1438042990112.50_20150728002310-00190-ip-10-236-191-2_436521753_9.csv,5,5.0,25,302,False,True,True,True,0.0009237339982064441,0.001560246993904002,0.0027212509885430336
tier_1m,1_1438042990112.50_20150728002310-00190-ip-10-236-191-2_436521753_9.csv,10,5.0,50,302,False,True,True,True,0.0009164819930447266,0.0015583579952362925,0.002718903007917106
tier_1m,1_1438042990112.50_20150728002310-00190-ip-10-236-191-2_436521753_9.csv,20,5.0,100,302,False,True,True,True,0.0010070150019600987,0.0017831499862950295,0.0030419510003412142
tier_1m,1_1438042987127.36_20150728002307-00214-ip-10-236-191-2_225430488_0.csv,5,10.0,50,290,False,True,True,True,0.0015283389948308468,0.002033526005106978,0.0038742680044379085
tier_1m,1_1438042987127.36_20150728002307-00214-ip-10-236-191-2_225430488_0.csv,10,10.0,100,290,False,True,True,True,0.0011401250085327774,0.001919780988828279,0.003321001000585966
tier_1m,1_1438042987127.36_20150728002307-00214-ip-10-236-191-2_225430488_0.csv,20,10.0,200,290,False,True,True,True,0.0012441430008038878,0.002469459010171704,0.00399543100502342
tier_1m,1_1438042987127.36_20150728002307-00214-ip-10-236-191-2_225430488_0.csv,5,5.0,25,290,False,True,True,True,0.0009125600045081228,0.0016683400026522577,0.0028185010014567524
tier_1m,1_1438042987127.36_20150728002307-00214-ip-10-236-191-2_225430488_0.csv,10,5.0,50,290,False,True,True,True,0.0009132260020123795,0.001748403999954462,0.002907582005718723
tier_1m,1_1438042987127.36_20150728002307-00214-ip-10-236-191-2_225430488_0.csv,20,5.0,100,290,False,True,True,True,0.0010231950000161305,0.001793782997992821,0.003088166005909443
tier_1m,0_1438042988061.16_20150728002308-00047-ip-10-236-191-2_843664602_0.csv,5,10.0,50,309,False,True,True,True,0.001440934996935539,0.0020233760005794466,0.0037573309964500368
tier_1m,0_1438042988061.16_20150728002308-00047-ip-10-236-191-2_843664602_0.csv,10,10.0,100,309,False,True,True,True,0.0011393099994165823,0.006070044997613877,0.007477608000044711
tier_1m,0_1438042988061.16_20150728002308-00047-ip-10-236-191-2_843664602_0.csv,20,10.0,200,309,False,True,True,True,0.0012458299897843972,0.0019213179912185296,0.0034490989928599447
tier_1m,0_1438042988061.16_20150728002308-00047-ip-10-236-191-2_843664602_0.csv,5,5.0,25,309,False,True,True,True,0.0008966669993242249,0.001933177001774311,0.0030706520046805963
tier_1m,0_1438042988061.16_20150728002308-00047-ip-10-236-191-2_843664602_0.csv,10,5.0,50,309,False,True,True,True,0.0009063089964911342,0.001497915989602916,0.0026560330006759614
tier_1m,0_1438042988061.16_20150728002308-00047-ip-10-236-191-2_843664602_0.csv,20,5.0,100,309,False,True,True,True,0.0010307349875802174,0.0016310360078932717,0.002912537005613558
tier_1m,0_1438042988061.16_20150728002308-00181-ip-10-236-191-2_216538600_0.csv,5,10.0,50,874,False,True,True,True,0.0015770669997436926,0.0017955329967662692,0.0036739380011567846
tier_1m,0_1438042988061.16_20150728002308-00181-ip-10-236-191-2_216538600_0.csv,10,10.0,100,874,False,True,True,True,0.0010719300044002011,0.001773076000972651,0.003100100002484396
tier_1m,0_1438042988061.16_20150728002308-00181-ip-10-236-191-2_216538600_0.csv,20,10.0,200,874,False,True,True,True,0.0012136069999542087,0.002225791002274491,0.0037249800079734996
tier_1m,0_1438042988061.16_20150728002308-00181-ip-10-236-191-2_216538600_0.csv,5,5.0,25,874,False,True,True,True,0.000896755009307526,0.0015079160075401887,0.0026392430008854717
tier_1m,0_1438042988061.16_20150728002308-00181-ip-10-236-191-2_216538600_0.csv,10,5.0,50,874,False,True,True,True,0.0009127619996434078,0.0014810499997111037,0.0026338419993408024
tier_1m,0_1438042988061.16_20150728002308-00181-ip-10-236-191-2_216538600_0.csv,20,5.0,100,874,False,True,True,True,0.0010002820054069161,0.0016781949962023646,0.0029252270032884553
tier_1m,0_1438042988061.16_20150728002308-00002-ip-10-236-191-2_545269850_0.csv,5,10.0,50,2500,False,True,True,True,0.0014513399946736172,0.001992631994653493,0.0037483840133063495
tier_1m,0_1438042988061.16_20150728002308-00002-ip-10-236-191-2_545269850_0.csv,10,10.0,100,2500,False,True,True,True,0.0011400139919715002,0.0018973419937537983,0.0032968589948723093
tier_1m,0_1438042988061.16_20150728002308-00002-ip-10-236-191-2_545269850_0.csv,20,10.0,200,2500,False,True,True,True,0.0012365190050331876,0.0024128670047502965,0.003938310997909866
tier_1m,0_1438042988061.16_20150728002308-00002-ip-10-236-191-2_545269850_0.csv,5,5.0,25,2500,False,True,True,True,0.0009253699972759932,0.001532971000415273,0.0027115039993077517
tier_1m,0_1438042988061.16_20150728002308-00002-ip-10-236-191-2_545269850_0.csv,10,5.0,50,2500,False,True,True,True,0.0009317429939983413,0.0015276830090442672,0.0027121830062242225
tier_1m,0_1438042988061.16_20150728002308-00002-ip-10-236-191-2_545269850_0.csv,20,5.0,100,2500,False,True,True,True,0.001018201990518719,0.0017775409942260012,0.0030579150043195114
tier_1m,0_1438042988061.16_20150728002308-00330-ip-10-236-191-2_795231590_4.csv,5,10.0,50,533,False,True,True,True,0.0015494899998884648,0.002085390005959198,0.003928314006770961
tier_1m,0_1438042988061.16_20150728002308-00330-ip-10-236-191-2_795231590_4.csv,10,10.0,100,533,False,True,True,True,0.0011090979969594628,0.0019148409919580445,0.003295619986602105
tier_1m,0_1438042988061.16_20150728002308-00330-ip-10-236-191-2_795231590_4.csv,20,10.0,200,533,False,True,True,True,0.0012517590075731277,0.0024417320091743022,0.003981977002695203
tier_1m,0_1438042988061.16_20150728002308-00330-ip-10-236-191-2_795231590_4.csv,5,5.0,25,533,False,True,True,True,0.0009324209968326613,0.0015081020101206377,0.0026764460053527728
tier_1m,0_1438042988061.16_20150728002308-00330-ip-10-236-191-2_795231590_4.csv,10,5.0,50,533,False,True,True,True,0.0009234790049958974,0.0015771899925312027,0.0027422419952927157
tier_1m,0_1438042988061.16_20150728002308-00330-ip-10-236-191-2_795231590_4.csv,20,5.0,100,533,False,True,True,True,0.0010153150069527328,0.0017894060001708567,0.0030628779932158068
tier_1m,0_1438042988061.16_20150728002308-00235-ip-10-236-191-2_713850328_17.csv,5,10.0,50,405,False,True,True,True,0.0016809499938972294,0.0019084029918303713,0.0038889889983693138
tier_1m,0_1438042988061.16_20150728002308-00235-ip-10-236-191-2_713850328_17.csv,10,10.0,100,405,False,True,True,True,0.0011063770070904866,0.0019121430086670443,0.00328555800660979
tier_1m,0_1438042988061.16_20150728002308-00235-ip-10-236-191-2_713850328_17.csv,20,10.0,200,405,False,True,True,True,0.0012809820036636665,0.002398406999418512,0.003970634992583655
tier_1m,0_1438042988061.16_20150728002308-00235-ip-10-236-191-2_713850328_17.csv,5,5.0,25,405,False,True,True,True,0.0009095529967453331,0.0015145769866649061,0.0026653829991118982
tier_1m,0_1438042988061.16_20150728002308-00235-ip-10-236-191-2_713850328_17.csv,10,5.0,50,405,False,True,True,True,0.0009644080128055066,0.0017243680049432442,0.0029503999976441264
tier_1m,0_1438042988061.16_20150728002308-00235-ip-10-236-191-2_713850328_17.csv,20,5.0,100,405,False,True,True,True,0.0010546090052230284,0.001847306004492566,0.0031566789984935895
tier_1m,0_1438042988458.74_20150728002308-00232-ip-10-236-191-2_795586035_3.csv,5,10.0,50,674,False,True,True,True,0.0014580660063074902,0.0019543689995771274,0.0037147660041227937
tier_1m,0_1438042988458.74_20150728002308-00232-ip-10-236-191-2_795586035_3.csv,10,10.0,100,674,False,True,True,True,0.0011089000036008656,0.002149520005332306,0.0035178789985366166
tier_1m,0_1438042988458.74_20150728002308-00232-ip-10-236-191-2_795586035_3.csv,20,10.0,200,674,False,True,True,True,0.001283460995182395,0.002416011004243046,0.003992123005446047
tier_1m,0_1438042988458.74_20150728002308-00232-ip-10-236-191-2_795586035_3.csv,5,5.0,25,674,False,True,True,True,0.0009267670102417469,0.0016953979938989505,0.0028658840019488707
tier_1m,0_1438042988458.74_20150728002308-00232-ip-10-236-191-2_795586035_3.csv,10,5.0,50,674,False,True,True,True,0.0010054159938590601,0.0015633360017091036,0.0028210300079081208
tier_1m,0_1438042988458.74_20150728002308-00232-ip-10-236-191-2_795586035_3.csv,20,5.0,100,674,False,True,True,True,0.0012137019948568195,0.002014828991377726,0.003483591994154267
tier_1m,0_1438042988458.74_20150728002308-00250-ip-10-236-191-2_501951825_0.csv,5,10.0,50,2500,False,True,True,True,0.00165650800045114,0.0020006249978905544,0.003958765999414027
tier_1m,0_1438042988458.74_20150728002308-00250-ip-10-236-191-2_501951825_0.csv,10,10.0,100,2500,False,True,True,True,0.001106263996916823,0.0018767389992717654,0.003241436992539093
tier_1m,0_1438042988458.74_20150728002308-00250-ip-10-236-191-2_501951825_0.csv,20,10.0,200,2500,False,True,True,True,0.0012336450017755851,0.002388008011621423,0.003912382002454251
tier_1m,0_1438042988458.74_20150728002308-00250-ip-10-236-191-2_501951825_0.csv,5,5.0,25,2500,False,True,True,True,0.0009112060070037842,0.0014972140052122995,0.0026569710025796667
tier_1m,0_1438042988458.74_20150728002308-00250-ip-10-236-191-2_501951825_0.csv,10,5.0,50,2500,False,True,True,True,0.0009335779905086383,0.0015338040102506056,0.0027202030032640323
tier_1m,0_1438042988458.74_20150728002308-00250-ip-10-236-191-2_501951825_0.csv,20,5.0,100,2500,False,True,True,True,0.0010216529917670414,0.0017505379946669564,0.00301986098929774
tier_1m,1_1438042987127.36_20150728002307-00037-ip-10-236-191-2_318965632_0.csv,5,10.0,50,144,False,True,True,True,0.0014657119900221005,0.002029604002018459,0.0038023359957151115
tier_1m,1_1438042987127.36_20150728002307-00037-ip-10-236-191-2_318965632_0.csv,10,10.0,100,144,False,True,True,True,0.0011050359898945317,0.0021074179967399687,0.0034832160017685965
tier_1m,1_1438042987127.36_20150728002307-00037-ip-10-236-191-2_318965632_0.csv,20,10.0,200,144,True,True,True,True,0.001181970990728587,0.002038883001659997,0.003482764004729688
tier_1m,1_1438042987127.36_20150728002307-00037-ip-10-236-191-2_318965632_0.csv,5,5.0,25,144,False,True,True,True,0.001145396992797032,0.0015178140019997954,0.00291105400538072
tier_1m,1_1438042987127.36_20150728002307-00037-ip-10-236-191-2_318965632_0.csv,10,5.0,50,144,False,True,True,True,0.0009336600051028654,0.001623596006538719,0.0028092720021959394
tier_1m,1_1438042987127.36_20150728002307-00037-ip-10-236-191-2_318965632_0.csv,20,5.0,100,144,False,True,True,True,0.001023714998154901,0.0018151310068788007,0.0030876950040692464
tier_1m,0_1438042988061.16_20150728002308-00041-ip-10-236-191-2_37534908_6.csv,5,10.0,50,407,False,True,True,True,0.0016311729996232316,0.002042138992692344,0.0039713369915261865
tier_1m,0_1438042988061.16_20150728002308-00041-ip-10-236-191-2_37534908_6.csv,10,10.0,100,407,False,True,True,True,0.001142095003160648,0.0018421389977447689,0.00326524100091774
tier_1m,0_1438042988061.16_20150728002308-00041-ip-10-236-191-2_37534908_6.csv,20,10.0,200,407,False,True,True,True,0.0012830019986722618,0.002016941987676546,0.0036342209932627156
tier_1m,0_1438042988061.16_20150728002308-00041-ip-10-236-191-2_37534908_6.csv,5,5.0,25,407,False,True,True,True,0.000931011003558524,0.0015089239896042272,0.002676069998415187
tier_1m,0_1438042988061.16_20150728002308-00041-ip-10-236-191-2_37534908_6.csv,10,5.0,50,407,False,True,True,True,0.0010065469978144392,0.0015275539917638525,0.002776139008346945
tier_1m,0_1438042988061.16_20150728002308-00041-ip-10-236-191-2_37534908_6.csv,20,5.0,100,407,False,True,True,True,0.0010042460053227842,0.0016938510088948533,0.0029474359907908365
tier_1m,1_1438042987127.36_20150728002307-00269-ip-10-236-191-2_847834464_0.csv,5,10.0,50,525,False,True,True,True,0.0018657909968169406,0.0024672560102771968,0.004738126008305699
tier_1m,1_1438042987127.36_20150728002307-00269-ip-10-236-191-2_847834464_0.csv,10,10.0,100,525,False,True,True,True,0.0015369429893326014,0.004166883998550475,0.0060824090032838285
tier_1m,1_1438042987127.36_20150728002307-00269-ip-10-236-191-2_847834464_0.csv,20,10.0,200,525,False,True,True,True,0.0018393280042801052,0.004081889012013562,0.006358728001941927
tier_1m,1_1438042987127.36_20150728002307-00269-ip-10-236-191-2_847834464_0.csv,5,5.0,25,525,False,True,True,True,0.00134067700128071,0.002192932995967567,0.0038610129995504394
tier_1m,1_1438042987127.36_20150728002307-00269-ip-10-236-191-2_847834464_0.csv,10,5.0,50,525,False,True,True,True,0.0009674379980424419,0.0015647050022380427,0.0027797530055977404
tier_1m,1_1438042987127.36_20150728002307-00269-ip-10-236-191-2_847834464_0.csv,20,5.0,100,525,False,True,True,True,0.0010299720015609637,0.0017457840003771707,0.0030231229902710766
tier_1m,0_1438042988061.16_20150728002308-00199-ip-10-236-191-2_891430247_172.csv,5,10.0,50,2286,False,True,True,True,0.0014220699958968908,0.0018794570059981197,0.0036015340010635555
tier_1m,0_1438042988061.16_20150728002308-00199-ip-10-236-191-2_891430247_172.csv,10,10.0,100,2286,False,True,True,True,0.0011176400003023446,0.002227185992524028,0.0036618700105464086
tier_1m,0_1438042988061.16_20150728002308-00199-ip-10-236-191-2_891430247_172.csv,20,10.0,200,2286,False,True,True,True,0.0012844640004914254,0.0030237750033847988,0.004649637994589284
tier_1m,0_1438042988061.16_20150728002308-00199-ip-10-236-191-2_891430247_172.csv,5,5.0,25,2286,False,True,True,True,0.000944711995543912,0.0018099550070473924,0.0030438420071732253
tier_1m,0_1438042988061.16_20150728002308-00199-ip-10-236-191-2_891430247_172.csv,10,5.0,50,2286,False,True,True,True,0.0010136400087503716,0.001867158993263729,0.0031864159973338246
tier_1m,0_1438042988061.16_20150728002308-00199-ip-10-236-191-2_891430247_172.csv,20,5.0,100,2286,False,True,True,True,0.001058353009284474,0.002077067008940503,0.003438500003539957
tier_1m,1_1438042987127.36_20150728002307-00153-ip-10-236-191-2_490931395_0.csv,5,10.0,50,625,False,True,True,True,0.0013854970020474866,0.0022591290035052225,0.0039913079963298514
tier_1m,1_1438042987127.36_20150728002307-00153-ip-10-236-191-2_490931395_0.csv,10,10.0,100,625,False,True,True,True,0.0014541979908244684,0.0025599799992050976,0.004387523003970273
tier_1m,1_1438042987127.36_20150728002307-00153-ip-10-236-191-2_490931395_0.csv,20,10.0,200,625,False,True,True,True,0.001366691998555325,0.0024545199994463474,0.004136689996812493
tier_1m,1_1438042987127.36_20150728002307-00153-ip-10-236-191-2_490931395_0.csv,5,5.0,25,625,False,True,True,True,0.0009231959993485361,0.0015033709933049977,0.0026894699985859916
tier_1m,1_1438042987127.36_20150728002307-00153-ip-10-236-191-2_490931395_0.csv,10,5.0,50,625,False,True,True,True,0.0009059760050149634,0.0015317240031436086,0.0026863340026466176
tier_1m,1_1438042987127.36_20150728002307-00153-ip-10-236-191-2_490931395_0.csv,20,5.0,100,625,False,True,True,True,0.0010159579978790134,0.0017934790084837005,0.0030537779966834933
tier_1m,0_1438042988458.74_20150728002308-00081-ip-10-236-191-2_476604823_0.csv,5,10.0,50,1252,False,False,True,False,0.0015321430109906942,0.0,0.0015663360100006685
tier_1m,0_1438042988458.74_20150728002308-00081-ip-10-236-191-2_476604823_0.csv,10,10.0,100,1252,False,False,True,False,0.0011037069925805554,0.0,0.0011444919946370646
tier_1m,0_1438042988458.74_20150728002308-00081-ip-10-236-191-2_476604823_0.csv,20,10.0,200,1252,False,False,True,False,0.0011795010068453848,0.0,0.001242871003341861
tier_1m,0_1438042988458.74_20150728002308-00081-ip-10-236-191-2_476604823_0.csv,5,5.0,25,1252,False,False,True,False,0.0008711039990885183,0.0,0.0008909940079320222
tier_1m,0_1438042988458.74_20150728002308-00081-ip-10-236-191-2_476604823_0.csv,10,5.0,50,1252,False,False,True,False,0.0009421930008102208,0.0,0.0009685289987828583
tier_1m,0_1438042988458.74_20150728002308-00081-ip-10-236-191-2_476604823_0.csv,20,5.0,100,1252,False,False,True,False,0.0013326389889698476,0.0,0.0013895729935029522
tier_1m,0_1438042988458.74_20150728002308-00210-ip-10-236-191-2_79682215_3.csv,5,10.0,50,486,False,True,True,True,0.0014697379956487566,0.0020276499999454245,0.003793887997744605
tier_1m,0_1438042988458.74_20150728002308-00210-ip-10-236-191-2_79682215_3.csv,10,10.0,100,486,False,True,True,True,0.0010776760027511045,0.001881930002127774,0.003226839005947113
tier_1m,0_1438042988458.74_20150728002308-00210-ip-10-236-191-2_79682215_3.csv,20,10.0,200,486,False,True,True,True,0.001300999996601604,0.00251500699960161,0.004108387001906522
tier_1m,0_1438042988458.74_20150728002308-00210-ip-10-236-191-2_79682215_3.csv,5,5.0,25,486,False,True,True,True,0.0009008750057546422,0.0015260749933077022,0.0026721920003183186
tier_1m,0_1438042988458.74_20150728002308-00210-ip-10-236-191-2_79682215_3.csv,10,5.0,50,486,False,True,True,True,0.0009329669992439449,0.00153182000212837,0.0027111040108138695
tier_1m,0_1438042988458.74_20150728002308-00210-ip-10-236-191-2_79682215_3.csv,20,5.0,100,486,False,True,True,True,0.000998343006358482,0.001737343001877889,0.0029834039887646213
tier_1m,1_1438042987127.36_20150728002307-00008-ip-10-236-191-2_633806649_3.csv,5,10.0,50,453,False,True,True,True,0.0018961280002258718,0.0022400900052161887,0.004502655996475369
tier_1m,1_1438042987127.36_20150728002307-00008-ip-10-236-191-2_633806649_3.csv,10,10.0,100,453,False,True,True,True,0.0011038039956474677,0.0018604319920996204,0.0032372720015700907
tier_1m,1_1438042987127.36_20150728002307-00008-ip-10-236-191-2_633806649_3.csv,20,10.0,200,453,False,True,True,True,0.0012236140028107911,0.0024275380128528923,0.003935415006708354
tier_1m,1_1438042987127.36_20150728002307-00008-ip-10-236-191-2_633806649_3.csv,5,5.0,25,453,False,True,True,True,0.0008947580063249916,0.0014981139975134283,0.002636748002259992
tier_1m,1_1438042987127.36_20150728002307-00008-ip-10-236-191-2_633806649_3.csv,10,5.0,50,453,False,True,True,True,0.0009098370064748451,0.0015221260109683499,0.0026805139932548627
tier_1m,1_1438042987127.36_20150728002307-00008-ip-10-236-191-2_633806649_3.csv,20,5.0,100,453,False,True,True,True,0.0010022570058936253,0.0017510210018372163,0.0030040990095585585
tier_1m,0_1438042988061.16_20150728002308-00201-ip-10-236-191-2_319577306_4.csv,5,10.0,50,1609,False,True,True,True,0.001457307007513009,0.001964655995834619,0.0037188520072959363
tier_1m,0_1438042988061.16_20150728002308-00201-ip-10-236-191-2_319577306_4.csv,10,10.0,100,1609,False,True,True,True,0.0011246799986111,0.0018711739976424724,0.0032515629864064977
tier_1m,0_1438042988061.16_20150728002308-00201-ip-10-236-191-2_319577306_4.csv,20,10.0,200,1609,False,True,True,True,0.0012700840015895665,0.002411834997474216,0.003965901996707544
tier_1m,0_1438042988061.16_20150728002308-00201-ip-10-236-191-2_319577306_4.csv,5,5.0,25,1609,False,True,True,True,0.000888620998011902,0.0014958960091462359,0.0026269079971825704
tier_1m,0_1438042988061.16_20150728002308-00201-ip-10-236-191-2_319577306_4.csv,10,5.0,50,1609,False,True,True,True,0.000926863998756744,0.001674005005043,0.002848705989890732
tier_1m,0_1438042988061.16_20150728002308-00201-ip-10-236-191-2_319577306_4.csv,20,5.0,100,1609,False,True,True,True,0.0010230779880657792,0.0017804800008889288,0.003050163999432698
tier_1m,1_1438042990112.50_20150728002310-00310-ip-10-236-191-2_200224826_0.csv,5,10.0,50,595,False,True,True,True,0.001552579997223802,0.00196433300152421,0.003816690994426608
tier_1m,1_1438042990112.50_20150728002310-00310-ip-10-236-191-2_200224826_0.csv,10,10.0,100,595,False,True,True,True,0.00110118200245779,0.001872410997748375,0.003239979996578768
tier_1m,1_1438042990112.50_20150728002310-00310-ip-10-236-191-2_200224826_0.csv,20,10.0,200,595,False,True,True,True,0.001257331998203881,0.002433671004837379,0.0039733059966238216
tier_1m,1_1438042990112.50_20150728002310-00310-ip-10-236-191-2_200224826_0.csv,5,5.0,25,595,False,True,True,True,0.0009207120019709691,0.001513123992481269,0.0026828560075955465
tier_1m,1_1438042990112.50_20150728002310-00310-ip-10-236-191-2_200224826_0.csv,10,5.0,50,595,False,True,True,True,0.0009623340010875836,0.0015346910076914355,0.0027433629875304177
tier_1m,1_1438042990112.50_20150728002310-00310-ip-10-236-191-2_200224826_0.csv,20,5.0,100,595,False,True,True,True,0.001004253004794009,0.0017681679892120883,0.0030266940011642873
tier_1m,1_1438042987127.36_20150728002307-00102-ip-10-236-191-2_893578330_152.csv,5,10.0,50,2617,False,True,True,True,0.0014042190014151856,0.001941626993357204,0.0036445529985940084
tier_1m,1_1438042987127.36_20150728002307-00102-ip-10-236-191-2_893578330_152.csv,10,10.0,100,2617,False,True,True,True,0.0011551230127224699,0.0017316330049652606,0.003158738007186912
tier_1m,1_1438042987127.36_20150728002307-00102-ip-10-236-191-2_893578330_152.csv,20,10.0,200,2617,False,True,True,True,0.0013245559966890141,0.00206915799935814,0.0036804639967158437
tier_1m,1_1438042987127.36_20150728002307-00102-ip-10-236-191-2_893578330_152.csv,5,5.0,25,2617,False,True,True,True,0.0009281609964091331,0.0015329879970522597,0.002706577011849731
tier_1m,1_1438042987127.36_20150728002307-00102-ip-10-236-191-2_893578330_152.csv,10,5.0,50,2617,False,True,True,True,0.0009544539934722707,0.0015397980023408309,0.002740704992902465
tier_1m,1_1438042987127.36_20150728002307-00102-ip-10-236-191-2_893578330_152.csv,20,5.0,100,2617,False,True,True,True,0.0010662330023478717,0.0016490250127390027,0.002975729003082961
tier_1m,1_1438042990112.50_20150728002310-00044-ip-10-236-191-2_261321661_61.csv,5,10.0,50,625,False,False,True,False,0.0013918540062149987,0.0,0.001429071999154985
tier_1m,1_1438042990112.50_20150728002310-00044-ip-10-236-191-2_261321661_61.csv,10,10.0,100,625,False,False,True,False,0.0011130670027341694,0.0,0.0011527049937285483
tier_1m,1_1438042990112.50_20150728002310-00044-ip-10-236-191-2_261321661_61.csv,20,10.0,200,625,False,False,True,False,0.0011676669964799657,0.0,0.0012296630011405796
tier_1m,1_1438042990112.50_20150728002310-00044-ip-10-236-191-2_261321661_61.csv,5,5.0,25,625,False,False,True,False,0.0009002959995996207,0.0,0.0009208260016748682
tier_1m,1_1438042990112.50_20150728002310-00044-ip-10-236-191-2_261321661_61.csv,10,5.0,50,625,False,False,True,False,0.0009300319943577051,0.0,0.0009561200131429359
tier_1m,1_1438042990112.50_20150728002310-00044-ip-10-236-191-2_261321661_61.csv,20,5.0,100,625,False,False,True,False,0.0009415219974471256,0.0,0.0009802379936445504
tier_1m,1_1438042987127.36_20150728002307-00074-ip-10-236-191-2_137128786_0.csv,5,10.0,50,632,False,False,True,False,0.001791497998056002,0.0,0.0018378079985268414
tier_1m,1_1438042987127.36_20150728002307-00074-ip-10-236-191-2_137128786_0.csv,10,10.0,100,632,False,False,True,False,0.0011171059886692092,0.0,0.0011571600043680519
tier_1m,1_1438042987127.36_20150728002307-00074-ip-10-236-191-2_137128786_0.csv,20,10.0,200,632,False,False,True,False,0.0011465950083220378,0.0,0.0012104549969080836
tier_1m,1_1438042987127.36_20150728002307-00074-ip-10-236-191-2_137128786_0.csv,5,5.0,25,632,False,False,True,False,0.0008820989896776155,0.0,0.0009038110001711175
tier_1m,1_1438042987127.36_20150728002307-00074-ip-10-236-191-2_137128786_0.csv,10,5.0,50,632,False,False,True,False,0.0008803240052657202,0.0,0.0009056900016730651
tier_1m,1_1438042987127.36_20150728002307-00074-ip-10-236-191-2_137128786_0.csv,20,5.0,100,632,False,False,True,False,0.0009389299957547337,0.0,0.0009777109953574836
tier_1m,1_1438042987127.36_20150728002307-00082-ip-10-236-191-2_795702564_10.csv,5,10.0,50,805,False,True,True,True,0.0014745680091436952,0.0020506529981503263,0.003825040999799967
tier_1m,1_1438042987127.36_20150728002307-00082-ip-10-236-191-2_795702564_10.csv,10,10.0,100,805,False,True,True,True,0.0011233059922233224,0.0018408909963909537,0.003216946992324665
tier_1m,1_1438042987127.36_20150728002307-00082-ip-10-236-191-2_795702564_10.csv,20,10.0,200,805,False,True,True,True,0.0012773979979101568,0.00235285799135454,0.003919784008758143
tier_1m,1_1438042987127.36_20150728002307-00082-ip-10-236-191-2_795702564_10.csv,5,5.0,25,805,False,True,True,True,0.0008947510068537667,0.0014493120106635615,0.002597894999780692
tier_1m,1_1438042987127.36_20150728002307-00082-ip-10-236-191-2_795702564_10.csv,10,5.0,50,805,False,True,True,True,0.0009261189989047125,0.0015788830060046166,0.0027524889883352444
tier_1m,1_1438042987127.36_20150728002307-00082-ip-10-236-191-2_795702564_10.csv,20,5.0,100,805,False,True,True,True,0.0013712830113945529,0.0023882399982539937,0.004101290003745817
