tier,q_table,attr,k,alpha,tau,n_D,pool_size_requested,clamped,feasible,tau_reached,n_P,n_R,n_unionability_computations,F_Q,F_P,F_R,abs_gap_R,sum_U,self_in_D,self_in_R,dinkelbach_ran,dinkelbach_iterations,lp_ran,lp_feasible,lp_decisive,lp_time_s,retrieval_time_s,stage1_time_s,scoring_time_s,stage2_time_s,end_to_end_s,skip_n_scored,skip_scoring_time_s,skip_stage2_time_s,skip_end_to_end_s,skip_feasible,skip_F_R,skip_abs_gap_R,skip_sum_U
tier_10k,0_1438042988061.16_20150728002308-00282-ip-10-236-191-2_894007386_3.csv,0,10,2.0,0.15,101,20,False,True,True,20,10,20,0.6,0.6019417475728155,0.6037735849056604,0.30377358490566037,19.067427694797516,True,True,True,1,True,True,False,0.0028107138350605965,0.012501057237386703,9.839702397584915e-05,0.0008134748786687851,0.007111968006938696,0.02052674349397421,101,0.005813099909573793,0.0031210817396640778,0.02143600443378091,True,0.5925925925925926,0.29259259259259257,19.25999879837036
tier_10k,0_1438042988061.16_20150728002308-00282-ip-10-236-191-2_894007386_3.csv,0,10,3.0,0.15,101,30,False,True,True,30,10,30,0.6,0.6013071895424836,0.6,0.3,19.18053847551346,True,True,True,1,True,True,False,0.0008399360813200474,0.012501057237386703,0.00010366598144173622,0.001004515215754509,0.0026435567997395992,0.016254062298685312,101,0.003459010738879442,0.0026979739777743816,0.018658699467778206,True,0.5925925925925926,0.29259259259259257,19.25999879837036
tier_10k,0_1438042988061.16_20150728002308-00282-ip-10-236-191-2_894007386_3.csv,0,20,2.0,0.15,101,40,False,True,True,40,20,40,0.6,0.6009852216748769,0.6019417475728155,0.3019417475728155,37.95673304796219,True,True,True,1,True,True,False,0.0007211589254438877,0.012501057237386703,0.00010548997670412064,0.001387780997902155,0.0022180243395268917,0.016213659197092056,101,0.0034283390268683434,0.0027753645554184914,0.018705381080508232,True,0.5377358490566038,0.23773584905660378,38.1713986992836
tier_10k,0_1438042988061.16_20150728002308-00282-ip-10-236-191-2_894007386_3.csv,0,20,3.0,0.15,101,60,False,True,True,60,20,60,0.6,0.5622775800711743,0.58,0.27999999999999997,38.15810066461563,True,True,True,2,True,True,False,0.0009858808480203152,0.012501057237386703,0.00015286821871995926,0.0028049577958881855,0.002597301732748747,0.01805760618299246,101,0.0033687110990285873,0.0027238503098487854,0.01859419420361519,True,0.5377358490566038,0.23773584905660378,38.1713986992836
tier_10k,0_1438042988458.74_20150728002308-00249-ip-10-236-191-2_328699461_4.csv,2,10,2.0,0.15,67,20,False,True,True,20,10,20,0.6,0.7411764705882353,0.7333333333333333,0.4333333333333333,29.629104256629944,True,False,True,1,True,True,False,0.0013370402157306671,0.014018096961081028,7.217377424240112e-05,0.0012859753333032131,0.003334052860736847,0.01871178997680545,67,0.0035845530219376087,0.002801442053169012,0.02040468482300639,True,0.6,0.3,29.98738443851471
tier_10k,0_1438042988458.74_20150728002308-00249-ip-10-236-191-2_328699461_4.csv,2,10,3.0,0.15,67,30,False,True,True,30,10,30,0.6,0.7099236641221374,0.66,0.36000000000000004,29.71984440088272,True,False,True,1,True,True,False,0.0007043438963592052,0.014018096961081028,8.120480924844742e-05,0.0016937139444053173,0.002725251019001007,0.018519713543355465,67,0.0038281939923763275,0.0023726322688162327,0.020219604950398207,True,0.6,0.3,29.98738443851471
tier_10k,0_1438042988458.74_20150728002308-00249-ip-10-236-191-2_328699461_4.csv,2,20,2.0,0.15,67,40,False,True,True,40,20,40,0.6,0.6795580110497238,0.6363636363636364,0.33636363636363636,59.48369610309601,True,False,True,1,True,True,False,0.0008015148341655731,0.014018096961081028,7.609231397509575e-05,0.0022435588762164116,0.002247388008981943,0.01858652476221323,67,0.0037329578772187233,0.0023416788317263126,0.020093325059860945,True,0.6,0.3,59.7991828918457
tier_10k,0_1438042988458.74_20150728002308-00249-ip-10-236-191-2_328699461_4.csv,2,20,3.0,0.15,67,60,False,True,True,60,20,60,0.6,0.6512455516014235,0.6,0.3,59.74182140827179,True,True,True,1,True,True,False,0.0007378449663519859,0.014018096961081028,7.741479203104973e-05,0.0033259219489991665,0.002205425873398781,0.019628232810646296,67,0.0036946479231119156,0.0024562207981944084,0.02016959199681878,True,0.6,0.3,59.7991828918457
tier_10k,1_1438042987127.36_20150728002307-00114-ip-10-236-191-2_902351685_191.csv,0,10,2.0,0.15,115,20,False,True,True,20,10,20,0.5,0.525,0.515625,0.215625,18.90944403409958,True,False,True,1,True,True,False,0.0012266812846064568,0.014219425618648529,0.0001050368882715702,0.0007864260114729404,0.0029424079693853855,0.018054623622447252,115,0.004166649654507637,0.0026972442865371704,0.02108397288247943,True,0.4507042253521127,0.1507042253521127,19.21106594800949
tier_10k,1_1438042987127.36_20150728002307-00114-ip-10-236-191-2_902351685_191.csv,0,10,3.0,0.15,115,30,False,True,True,30,10,30,0.5,0.5166666666666667,0.5,0.2,19.103501796722412,True,True,True,1,True,True,False,0.0008310507982969284,0.014219425618648529,0.00011786073446273804,0.0010268939658999443,0.0023305262438952923,0.01769605465233326,115,0.0038059107027947903,0.0026066009886562824,0.020632611587643623,True,0.4507042253521127,0.1507042253521127,19.21106594800949
tier_10k,1_1438042987127.36_20150728002307-00114-ip-10-236-191-2_902351685_191.csv,0,20,2.0,0.15,115,40,False,True,True,40,20,40,0.5,0.49586776859504134,0.4921875,0.1921875,38.03626334667206,True,True,True,1,True,True,False,0.0007599783129990101,0.014219425618648529,0.00011680694296956062,0.001333633903414011,0.0022363592870533466,0.017907677683979273,115,0.0037719523534178734,0.002480367198586464,0.020472387317568064,True,0.4166666666666667,0.1166666666666667,38.15553277730942
tier_10k,1_1438042987127.36_20150728002307-00114-ip-10-236-191-2_902351685_191.csv,0,20,3.0,0.15,115,60,False,True,True,60,20,60,0.5,0.441025641025641,0.45588235294117646,0.15588235294117647,38.12994784116745,True,True,True,2,True,True,False,0.0007733157835900784,0.014219425618648529,0.0001720408909022808,0.0019709859043359756,0.0023036631755530834,0.018667530734091997,115,0.0038319751620292664,0.0024536210112273693,0.020505627617239952,True,0.4166666666666667,0.1166666666666667,38.15553277730942
tier_10k,1_1438042987127.36_20150728002307-00000-ip-10-236-191-2_300770320_2.csv,0,10,2.0,0.15,24,20,False,True,True,20,10,20,0.11538461538461539,0.22044728434504793,0.18497109826589594,0.11502890173410404,44.400796592235565,True,True,True,1,True,True,False,0.001048788893967867,0.007792428135871887,3.604218363761902e-05,0.00329427607357502,0.003192319069057703,0.014316418208181858,24,0.004065094981342554,0.0025784438475966454,0.014436644036322832,True,0.18497109826589594,0.11502890173410404,44.400796592235565
tier_10k,1_1438042987127.36_20150728002307-00000-ip-10-236-191-2_300770320_2.csv,0,10,3.0,0.15,24,30,True,True,True,24,10,24,0.11538461538461539,0.164,0.18497109826589594,0.11502890173410404,44.400796592235565,True,True,False,0,True,True,False,0.0008981488645076752,0.007792428135871887,5.107372999191284e-06,0.004670828115195036,0.0023142481222748756,0.014784212224185467,24,0.00406007980927825,0.002034069038927555,0.013887206092476845,True,0.18497109826589594,0.11502890173410404,44.400796592235565
tier_10k,1_1438042987127.36_20150728002307-00000-ip-10-236-191-2_300770320_2.csv,0,20,2.0,0.15,24,40,True,True,True,24,20,24,0.11538461538461539,0.164,0.15458937198067632,0.14541062801932367,80.27356392145157,True,True,False,0,True,True,False,0.0008070282638072968,0.007792428135871887,3.939960151910782e-06,0.0040787598118186,0.0022168178111314774,0.014093286357820034,24,0.0040573240257799625,0.002066223416477442,0.01391664007678628,True,0.15458937198067632,0.14541062801932367,80.27356392145157
tier_10k,1_1438042987127.36_20150728002307-00000-ip-10-236-191-2_300770320_2.csv,0,20,3.0,0.15,24,60,True,True,True,24,20,24,0.11538461538461539,0.164,0.15458937198067632,0.14541062801932367,80.27356392145157,True,True,False,0,True,True,False,0.0007360768504440784,0.007792428135871887,3.3387914299964905e-06,0.004062885884195566,0.0021723099052906036,0.014032351318746805,24,0.004047936759889126,0.0022215810604393482,0.014062555972486734,True,0.15458937198067632,0.14541062801932367,80.27356392145157
tier_10k,1_1438042990112.50_20150728002310-00139-ip-10-236-191-2_473436377_9.csv,1,10,2.0,0.15,50,20,False,True,True,20,10,20,0.6666666666666666,0.8985507246376812,0.8309859154929577,0.5309859154929577,36.410338401794434,True,False,True,1,True,True,False,0.0016132928431034088,0.00625259056687355,6.56740739941597e-05,0.0016970541328191757,0.003926211968064308,0.011943080462515354,50,0.003954522777348757,0.003028352279216051,0.013235996477305889,True,0.6623376623376623,0.36233766233766235,38.74159598350525
tier_10k,1_1438042990112.50_20150728002310-00139-ip-10-236-191-2_473436377_9.csv,1,10,3.0,0.15,50,30,False,True,True,30,10,30,0.6666666666666666,0.8291457286432161,0.6857142857142857,0.38571428571428573,38.094950675964355,True,True,True,2,True,True,False,0.0007679499685764313,0.00625259056687355,8.147209882736206e-05,0.002593770157545805,0.0023050280287861824,0.011234224773943424,50,0.004161546006798744,0.002733447588980198,0.013148162513971329,True,0.6623376623376623,0.36233766233766235,38.74159598350525
tier_10k,1_1438042990112.50_20150728002310-00139-ip-10-236-191-2_473436377_9.csv,1,20,2.0,0.15,50,40,False,True,True,40,20,40,0.6666666666666666,0.7803921568627451,0.6940298507462687,0.3940298507462687,75.10288506746292,True,True,True,2,True,True,False,0.0007614330388605595,0.00625259056687355,8.177803829312325e-05,0.003429597709327936,0.002231199759989977,0.011996565386652946,50,0.00430165883153677,0.002337384968996048,0.012892236933112144,True,0.6447368421052632,0.3447368421052632,75.69718259572983
tier_10k,1_1438042990112.50_20150728002310-00139-ip-10-236-191-2_473436377_9.csv,1,20,3.0,0.15,50,60,True,True,True,50,20,50,0.6666666666666666,0.7253731343283583,0.6447368421052632,0.3447368421052632,75.69718259572983,True,True,False,0,True,True,False,0.0007390240207314491,0.00625259056687355,5.214940756559372e-06,0.004230874124914408,0.0023645558394491673,0.012854596599936485,50,0.005303164944052696,0.0022319238632917404,0.013788322452455759,True,0.6447368421052632,0.3447368421052632,75.69718259572983
