tier,q_table,top_n,n_D,clamped,dinkelbach_ran,iterations,stage1_time_s
tier_10k,1_1438042987127.36_20150728002307-00080-ip-10-236-191-2_899463259_102.csv,5000,366,True,False,0,8.079805411398411e-07
tier_10k,1_1438042987127.36_20150728002307-00114-ip-10-236-191-2_902351685_191.csv,5000,365,True,False,0,5.349866114556789e-07
tier_10k,0_1438042988061.16_20150728002308-00282-ip-10-236-191-2_894007386_3.csv,5000,369,True,False,0,4.9202935770154e-07
tier_10k,0_1438042988061.16_20150728002308-00244-ip-10-236-191-2_65898746_2.csv,5000,396,True,False,0,4.0099257603287697e-07
tier_10k,1_1438042990112.50_20150728002310-00139-ip-10-236-191-2_473436377_9.csv,5000,109,True,False,0,5.559995770454407e-07
tier_10k,1_1438042990112.50_20150728002310-00013-ip-10-236-191-2_321346784_4.csv,5000,534,True,False,0,4.7194771468639374e-07
tier_10k,1_1438042990112.50_20150728002310-00286-ip-10-236-191-2_318221297_4.csv,5000,548,True,False,0,6.619957275688648e-07
tier_10k,0_1438042988458.74_20150728002308-00249-ip-10-236-191-2_328699461_4.csv,5000,563,True,False,0,4.0099257603287697e-07
tier_10k,0_1438042988458.74_20150728002308-00166-ip-10-236-191-2_494514030_0.csv,5000,137,True,False,0,3.9598671719431877e-07
tier_10k,1_1438042987127.36_20150728002307-00145-ip-10-236-191-2_499439925_0.csv,5000,500,True,False,0,4.169996827840805e-07
tier_10k,0_1438042988061.16_20150728002308-00215-ip-10-236-191-2_362876303_35.csv,5000,280,True,False,0,4.470348358154297e-07
tier_10k,1_1438042987127.36_20150728002307-00000-ip-10-236-191-2_300770320_2.csv,5000,326,True,False,0,6.689806468784809e-07
tier_10k,0_1438042988061.16_20150728002308-00109-ip-10-236-191-2_681611335_21.csv,5000,468,True,False,0,5.500041879713535e-07
tier_10k,1_1438042987127.36_20150728002307-00326-ip-10-236-191-2_165468224_3.csv,5000,150,True,False,0,5.780020728707314e-07
tier_10k,1_1438042990112.50_20150728002310-00085-ip-10-236-191-2_403435483_3.csv,5000,229,True,False,0,3.8102734833955765e-07
tier_10k,1_1438042987127.36_20150728002307-00182-ip-10-236-191-2_150862475_5.csv,5000,265,True,False,0,5.170004442334175e-07
tier_10k,0_1438042988061.16_20150728002308-00265-ip-10-236-191-2_909292875_28.csv,5000,52,True,False,0,5.170004442334175e-07
tier_10k,1_1438042987127.36_20150728002307-00144-ip-10-236-191-2_676020729_0.csv,5000,226,True,False,0,6.199697963893414e-07
tier_10k,0_1438042988458.74_20150728002308-00103-ip-10-236-191-2_666285279_1.csv,5000,93,True,False,0,7.060007192194462e-07
tier_10k,0_1438042988458.74_20150728002308-00095-ip-10-236-191-2_520943855_0.csv,5000,308,True,False,0,7.129856385290623e-07
tier_10k,1_1438042990112.50_20150728002310-00154-ip-10-236-191-2_303864106_21.csv,5000,304,True,False,0,6.579793989658356e-07
tier_10k,0_1438042988061.16_20150728002308-00295-ip-10-236-191-2_159128928_26.csv,5000,164,True,False,0,5.649635568261147e-07
tier_10k,1_1438042990112.50_20150728002310-00312-ip-10-236-191-2_3243890_59.csv,5000,253,True,False,0,8.220085874199867e-07
tier_10k,0_1438042988061.16_20150728002308-00194-ip-10-236-191-2_846810834_13.csv,5000,355,True,False,0,7.589696906507015e-07
tier_10k,0_1438042988061.16_20150728002308-00164-ip-10-236-191-2_873456340_3.csv,5000,177,True,False,0,5.980255082249641e-07
tier_10k,1_1438042987127.36_20150728002307-00033-ip-10-236-191-2_482136553_0.csv,5000,263,True,False,0,4.940084181725979e-07
tier_10k,0_1438042988061.16_20150728002308-00299-ip-10-236-191-2_392046213_1.csv,5000,187,True,False,0,6.850459612905979e-07
tier_10k,0_1438042988061.16_20150728002308-00234-ip-10-236-191-2_710361395_1.csv,5000,245,True,False,0,6.030313670635223e-07
tier_10k,1_1438042990112.50_20150728002310-00168-ip-10-236-191-2_306374627_15.csv,5000,236,True,False,0,5.249748937785625e-07
tier_10k,0_1438042988458.74_20150728002308-00046-ip-10-236-191-2_688841822_2.csv,5000,57,True,False,0,6.349873729050159e-07
tier_10k,1_1438042987127.36_20150728002307-00080-ip-10-236-191-2_899463259_102.csv,10000,374,True,False,0,8.899951353669167e-07
tier_10k,1_1438042987127.36_20150728002307-00114-ip-10-236-191-2_902351685_191.csv,10000,375,True,False,0,5.930196493864059e-07
tier_10k,0_1438042988061.16_20150728002308-00282-ip-10-236-191-2_894007386_3.csv,10000,376,True,False,0,9.060022421181202e-07
tier_10k,0_1438042988061.16_20150728002308-00244-ip-10-236-191-2_65898746_2.csv,10000,669,True,False,0,7.700291462242603e-07
tier_10k,1_1438042990112.50_20150728002310-00139-ip-10-236-191-2_473436377_9.csv,10000,109,True,False,0,6.610061973333359e-07
tier_10k,1_1438042990112.50_20150728002310-00013-ip-10-236-191-2_321346784_4.csv,10000,881,True,False,0,7.109483703970909e-07
tier_10k,1_1438042990112.50_20150728002310-00286-ip-10-236-191-2_318221297_4.csv,10000,873,True,False,0,6.720074452459812e-07
tier_10k,0_1438042988458.74_20150728002308-00249-ip-10-236-191-2_328699461_4.csv,10000,865,True,False,0,7.490161806344986e-07
tier_10k,0_1438042988458.74_20150728002308-00166-ip-10-236-191-2_494514030_0.csv,10000,137,True,False,0,8.309725672006607e-07
tier_10k,1_1438042987127.36_20150728002307-00145-ip-10-236-191-2_499439925_0.csv,10000,902,True,False,0,7.069902494549751e-07
tier_10k,0_1438042988061.16_20150728002308-00215-ip-10-236-191-2_362876303_35.csv,10000,438,True,False,0,7.109483703970909e-07
tier_10k,1_1438042987127.36_20150728002307-00000-ip-10-236-191-2_300770320_2.csv,10000,329,True,False,0,6.440095603466034e-07
tier_10k,0_1438042988061.16_20150728002308-00109-ip-10-236-191-2_681611335_21.csv,10000,801,True,False,0,5.289912223815918e-07
tier_10k,1_1438042987127.36_20150728002307-00326-ip-10-236-191-2_165468224_3.csv,10000,201,True,False,0,6.370246410369873e-07
tier_10k,1_1438042990112.50_20150728002310-00085-ip-10-236-191-2_403435483_3.csv,10000,465,True,False,0,7.140333764255047e-07
tier_10k,1_1438042987127.36_20150728002307-00182-ip-10-236-191-2_150862475_5.csv,10000,489,True,False,0,5.179899744689465e-07
tier_10k,0_1438042988061.16_20150728002308-00265-ip-10-236-191-2_909292875_28.csv,10000,56,True,False,0,7.880153134465218e-07
tier_10k,1_1438042987127.36_20150728002307-00144-ip-10-236-191-2_676020729_0.csv,10000,373,True,False,0,5.869660526514053e-07
tier_10k,0_1438042988458.74_20150728002308-00103-ip-10-236-191-2_666285279_1.csv,10000,93,True,False,0,4.320172592997551e-07
tier_10k,0_1438042988458.74_20150728002308-00095-ip-10-236-191-2_520943855_0.csv,10000,548,True,False,0,5.979673005640507e-07
tier_10k,1_1438042990112.50_20150728002310-00154-ip-10-236-191-2_303864106_21.csv,10000,694,True,False,0,6.969785317778587e-07
tier_10k,0_1438042988061.16_20150728002308-00295-ip-10-236-191-2_159128928_26.csv,10000,300,True,False,0,5.110050551593304e-07
tier_10k,1_1438042990112.50_20150728002310-00312-ip-10-236-191-2_3243890_59.csv,10000,449,True,False,0,6.949994713068008e-07
tier_10k,0_1438042988061.16_20150728002308-00194-ip-10-236-191-2_846810834_13.csv,10000,700,True,False,0,6.760237738490105e-07
tier_10k,0_1438042988061.16_20150728002308-00164-ip-10-236-191-2_873456340_3.csv,10000,375,True,False,0,6.749760359525681e-07
tier_10k,1_1438042987127.36_20150728002307-00033-ip-10-236-191-2_482136553_0.csv,10000,465,True,False,0,1.200998667627573e-06
tier_10k,0_1438042988061.16_20150728002308-00299-ip-10-236-191-2_392046213_1.csv,10000,395,True,False,0,6.059999577701092e-07
tier_10k,0_1438042988061.16_20150728002308-00234-ip-10-236-191-2_710361395_1.csv,10000,429,True,False,0,6.170012056827545e-07
tier_10k,1_1438042990112.50_20150728002310-00168-ip-10-236-191-2_306374627_15.csv,10000,590,True,False,0,6.219488568603992e-07
tier_10k,0_1438042988458.74_20150728002308-00046-ip-10-236-191-2_688841822_2.csv,10000,91,True,False,0,6.189802661538124e-07
tier_10k,1_1438042987127.36_20150728002307-00080-ip-10-236-191-2_899463259_102.csv,15000,375,True,False,0,4.720059223473072e-07
tier_10k,1_1438042987127.36_20150728002307-00114-ip-10-236-191-2_902351685_191.csv,15000,377,True,False,0,6.139744073152542e-07
tier_10k,0_1438042988061.16_20150728002308-00282-ip-10-236-191-2_894007386_3.csv,15000,376,True,False,0,6.449990905821323e-07
tier_10k,0_1438042988061.16_20150728002308-00244-ip-10-236-191-2_65898746_2.csv,15000,918,True,False,0,7.980270311236382e-07
tier_10k,1_1438042990112.50_20150728002310-00139-ip-10-236-191-2_473436377_9.csv,15000,109,True,False,0,7.980270311236382e-07
tier_10k,1_1438042990112.50_20150728002310-00013-ip-10-236-191-2_321346784_4.csv,15000,1127,True,False,0,7.58038368076086e-07
tier_10k,1_1438042990112.50_20150728002310-00286-ip-10-236-191-2_318221297_4.csv,15000,1128,True,False,0,6.990157999098301e-07
tier_10k,0_1438042988458.74_20150728002308-00249-ip-10-236-191-2_328699461_4.csv,15000,1105,True,False,0,1.0869698598980904e-06
tier_10k,0_1438042988458.74_20150728002308-00166-ip-10-236-191-2_494514030_0.csv,15000,137,True,False,0,7.849885150790215e-07
tier_10k,1_1438042987127.36_20150728002307-00145-ip-10-236-191-2_499439925_0.csv,15000,1096,True,False,0,8.860370144248009e-07
tier_10k,0_1438042988061.16_20150728002308-00215-ip-10-236-191-2_362876303_35.csv,15000,618,True,False,0,9.399955160915852e-07
tier_10k,1_1438042987127.36_20150728002307-00000-ip-10-236-191-2_300770320_2.csv,15000,329,True,False,0,7.780035957694054e-07
tier_10k,0_1438042988061.16_20150728002308-00109-ip-10-236-191-2_681611335_21.csv,15000,1111,True,False,0,8.280039764940739e-07
tier_10k,1_1438042987127.36_20150728002307-00326-ip-10-236-191-2_165468224_3.csv,15000,230,True,False,0,6.080372259020805e-07
tier_10k,1_1438042990112.50_20150728002310-00085-ip-10-236-191-2_403435483_3.csv,15000,469,True,False,0,8.160131983458996e-07
tier_10k,1_1438042987127.36_20150728002307-00182-ip-10-236-191-2_150862475_5.csv,15000,489,True,False,0,7.789931260049343e-07
tier_10k,0_1438042988061.16_20150728002308-00265-ip-10-236-191-2_909292875_28.csv,15000,56,True,False,0,7.020425982773304e-07
tier_10k,1_1438042987127.36_20150728002307-00144-ip-10-236-191-2_676020729_0.csv,15000,374,True,False,0,6.569898687303066e-07
tier_10k,0_1438042988458.74_20150728002308-00103-ip-10-236-191-2_666285279_1.csv,15000,93,True,False,0,6.980262696743011e-07
tier_10k,0_1438042988458.74_20150728002308-00095-ip-10-236-191-2_520943855_0.csv,15000,701,True,False,0,9.830109775066376e-07
tier_10k,1_1438042990112.50_20150728002310-00154-ip-10-236-191-2_303864106_21.csv,15000,1006,True,False,0,7.09958840161562e-07
tier_10k,0_1438042988061.16_20150728002308-00295-ip-10-236-191-2_159128928_26.csv,15000,300,True,False,0,7.560010999441147e-07
tier_10k,1_1438042990112.50_20150728002310-00312-ip-10-236-191-2_3243890_59.csv,15000,638,True,False,0,6.839982233941555e-07
tier_10k,0_1438042988061.16_20150728002308-00194-ip-10-236-191-2_846810834_13.csv,15000,875,True,False,0,7.820199243724346e-07
tier_10k,0_1438042988061.16_20150728002308-00164-ip-10-236-191-2_873456340_3.csv,15000,643,True,False,0,6.430200301110744e-07
tier_10k,1_1438042987127.36_20150728002307-00033-ip-10-236-191-2_482136553_0.csv,15000,465,True,False,0,7.849885150790215e-07
tier_10k,0_1438042988061.16_20150728002308-00299-ip-10-236-191-2_392046213_1.csv,15000,634,True,False,0,7.470371201634407e-07
tier_10k,0_1438042988061.16_20150728002308-00234-ip-10-236-191-2_710361395_1.csv,15000,460,True,False,0,8.280039764940739e-07
tier_10k,1_1438042990112.50_20150728002310-00168-ip-10-236-191-2_306374627_15.csv,15000,590,True,False,0,6.619957275688648e-07
tier_10k,0_1438042988458.74_20150728002308-00046-ip-10-236-191-2_688841822_2.csv,15000,128,True,False,0,8.740462362766266e-07
tier_10k,1_1438042987127.36_20150728002307-00080-ip-10-236-191-2_899463259_102.csv,20000,375,True,False,0,9.68982931226492e-07
tier_10k,1_1438042987127.36_20150728002307-00114-ip-10-236-191-2_902351685_191.csv,20000,377,True,False,0,5.569891072809696e-07
tier_10k,0_1438042988061.16_20150728002308-00282-ip-10-236-191-2_894007386_3.csv,20000,376,True,False,0,5.100155249238014e-07
tier_10k,0_1438042988061.16_20150728002308-00244-ip-10-236-191-2_65898746_2.csv,20000,1172,True,False,0,9.179930202662945e-07
tier_10k,1_1438042990112.50_20150728002310-00139-ip-10-236-191-2_473436377_9.csv,20000,109,True,False,0,6.600166670978069e-07
tier_10k,1_1438042990112.50_20150728002310-00013-ip-10-236-191-2_321346784_4.csv,20000,1172,True,False,0,7.149646990001202e-07
tier_10k,1_1438042990112.50_20150728002310-00286-ip-10-236-191-2_318221297_4.csv,20000,1345,True,False,0,4.5303022488951683e-07
tier_10k,0_1438042988458.74_20150728002308-00249-ip-10-236-191-2_328699461_4.csv,20000,1343,True,False,0,8.170027285814285e-07
tier_10k,0_1438042988458.74_20150728002308-00166-ip-10-236-191-2_494514030_0.csv,20000,137,True,False,0,8.039642125368118e-07
tier_10k,1_1438042987127.36_20150728002307-00145-ip-10-236-191-2_499439925_0.csv,20000,1096,True,False,0,7.550115697085857e-07
tier_10k,0_1438042988061.16_20150728002308-00215-ip-10-236-191-2_362876303_35.csv,20000,638,True,False,0,6.399932317435741e-07
tier_10k,1_1438042987127.36_20150728002307-00000-ip-10-236-191-2_300770320_2.csv,20000,330,True,False,0,5.990150384604931e-07
tier_10k,0_1438042988061.16_20150728002308-00109-ip-10-236-191-2_681611335_21.csv,20000,1394,True,False,0,7.319613359868526e-07
tier_10k,1_1438042987127.36_20150728002307-00326-ip-10-236-191-2_165468224_3.csv,20000,230,True,False,0,7.59027898311615e-07
tier_10k,1_1438042990112.50_20150728002310-00085-ip-10-236-191-2_403435483_3.csv,20000,469,True,False,0,6.08968548476696e-07
tier_10k,1_1438042987127.36_20150728002307-00182-ip-10-236-191-2_150862475_5.csv,20000,489,True,False,0,6.67001586407423e-07
tier_10k,0_1438042988061.16_20150728002308-00265-ip-10-236-191-2_909292875_28.csv,20000,56,True,False,0,7.470371201634407e-07
tier_10k,1_1438042987127.36_20150728002307-00144-ip-10-236-191-2_676020729_0.csv,20000,374,True,False,0,7.550115697085857e-07
tier_10k,0_1438042988458.74_20150728002308-00103-ip-10-236-191-2_666285279_1.csv,20000,93,True,False,0,6.599584594368935e-07
tier_10k,0_1438042988458.74_20150728002308-00095-ip-10-236-191-2_520943855_0.csv,20000,836,True,False,0,9.399955160915852e-07
tier_10k,1_1438042990112.50_20150728002310-00154-ip-10-236-191-2_303864106_21.csv,20000,1006,True,False,0,6.959890015423298e-07
tier_10k,0_1438042988061.16_20150728002308-00295-ip-10-236-191-2_159128928_26.csv,20000,301,True,False,0,6.829504854977131e-07
tier_10k,1_1438042990112.50_20150728002310-00312-ip-10-236-191-2_3243890_59.csv,20000,900,True,False,0,9.169452823698521e-07
tier_10k,0_1438042988061.16_20150728002308-00194-ip-10-236-191-2_846810834_13.csv,20000,875,True,False,0,5.92030119150877e-07
tier_10k,0_1438042988061.16_20150728002308-00164-ip-10-236-191-2_873456340_3.csv,20000,972,True,False,0,9.409850463271141e-07
tier_10k,1_1438042987127.36_20150728002307-00033-ip-10-236-191-2_482136553_0.csv,20000,465,True,False,0,6.909831427037716e-07
tier_10k,0_1438042988061.16_20150728002308-00299-ip-10-236-191-2_392046213_1.csv,20000,931,True,False,0,7.959897629916668e-07
tier_10k,0_1438042988061.16_20150728002308-00234-ip-10-236-191-2_710361395_1.csv,20000,460,True,False,0,6.879563443362713e-07
tier_10k,1_1438042990112.50_20150728002310-00168-ip-10-236-191-2_306374627_15.csv,20000,590,True,False,0,7.610069587826729e-07
tier_10k,0_1438042988458.74_20150728002308-00046-ip-10-236-191-2_688841822_2.csv,20000,163,True,False,0,9.130453690886497e-07
tier_10k,1_1438042987127.36_20150728002307-00080-ip-10-236-191-2_899463259_102.csv,25000,375,True,False,0,6.130430847406387e-07
tier_10k,1_1438042987127.36_20150728002307-00114-ip-10-236-191-2_902351685_191.csv,25000,377,True,False,0,4.929606802761555e-07
tier_10k,0_1438042988061.16_20150728002308-00282-ip-10-236-191-2_894007386_3.csv,25000,376,True,False,0,7.049529813230038e-07
tier_10k,0_1438042988061.16_20150728002308-00244-ip-10-236-191-2_65898746_2.csv,25000,1172,True,False,0,6.33997842669487e-07
tier_10k,1_1438042990112.50_20150728002310-00139-ip-10-236-191-2_473436377_9.csv,25000,109,True,False,0,8.269562385976315e-07
tier_10k,1_1438042990112.50_20150728002310-00013-ip-10-236-191-2_321346784_4.csv,25000,1172,True,False,0,6.689806468784809e-07
tier_10k,1_1438042990112.50_20150728002310-00286-ip-10-236-191-2_318221297_4.csv,25000,1445,True,False,0,7.229973562061787e-07
tier_10k,0_1438042988458.74_20150728002308-00249-ip-10-236-191-2_328699461_4.csv,25000,1450,True,False,0,8.430215530097485e-07
tier_10k,0_1438042988458.74_20150728002308-00166-ip-10-236-191-2_494514030_0.csv,25000,137,True,False,0,6.270129233598709e-07
tier_10k,1_1438042987127.36_20150728002307-00145-ip-10-236-191-2_499439925_0.csv,25000,1096,True,False,0,4.969770088791847e-07
tier_10k,0_1438042988061.16_20150728002308-00215-ip-10-236-191-2_362876303_35.csv,25000,638,True,False,0,6.610061973333359e-07
tier_10k,1_1438042987127.36_20150728002307-00000-ip-10-236-191-2_300770320_2.csv,25000,330,True,False,0,6.690388545393944e-07
tier_10k,0_1438042988061.16_20150728002308-00109-ip-10-236-191-2_681611335_21.csv,25000,1394,True,False,0,1.5269615687429905e-06
tier_10k,1_1438042987127.36_20150728002307-00326-ip-10-236-191-2_165468224_3.csv,25000,230,True,False,0,1.4560064300894737e-06
tier_10k,1_1438042990112.50_20150728002310-00085-ip-10-236-191-2_403435483_3.csv,25000,469,True,False,0,1.3569951988756657e-06
tier_10k,1_1438042987127.36_20150728002307-00182-ip-10-236-191-2_150862475_5.csv,25000,489,True,False,0,5.640322342514992e-07
tier_10k,0_1438042988061.16_20150728002308-00265-ip-10-236-191-2_909292875_28.csv,25000,56,True,False,0,4.5297201722860336e-07
tier_10k,1_1438042987127.36_20150728002307-00144-ip-10-236-191-2_676020729_0.csv,25000,374,True,False,0,5.740439519286156e-07
tier_10k,0_1438042988458.74_20150728002308-00103-ip-10-236-191-2_666285279_1.csv,25000,93,True,False,0,8.919741958379745e-07
tier_10k,0_1438042988458.74_20150728002308-00095-ip-10-236-191-2_520943855_0.csv,25000,836,True,False,0,6.470363587141037e-07
tier_10k,1_1438042990112.50_20150728002310-00154-ip-10-236-191-2_303864106_21.csv,25000,1006,True,False,0,6.299815140664577e-07
tier_10k,0_1438042988061.16_20150728002308-00295-ip-10-236-191-2_159128928_26.csv,25000,301,True,False,0,8.849892765283585e-07
tier_10k,1_1438042990112.50_20150728002310-00312-ip-10-236-191-2_3243890_59.csv,25000,900,True,False,0,6.629852578043938e-07
tier_10k,0_1438042988061.16_20150728002308-00194-ip-10-236-191-2_846810834_13.csv,25000,875,True,False,0,6.519840098917484e-07
tier_10k,0_1438042988061.16_20150728002308-00164-ip-10-236-191-2_873456340_3.csv,25000,1112,True,False,0,8.110073395073414e-07
tier_10k,1_1438042987127.36_20150728002307-00033-ip-10-236-191-2_482136553_0.csv,25000,465,True,False,0,7.370254024863243e-07
tier_10k,0_1438042988061.16_20150728002308-00299-ip-10-236-191-2_392046213_1.csv,25000,939,True,False,0,8.220085874199867e-07
tier_10k,0_1438042988061.16_20150728002308-00234-ip-10-236-191-2_710361395_1.csv,25000,460,True,False,0,9.74978320300579e-07
tier_10k,1_1438042990112.50_20150728002310-00168-ip-10-236-191-2_306374627_15.csv,25000,590,True,False,0,6.600166670978069e-07
tier_10k,0_1438042988458.74_20150728002308-00046-ip-10-236-191-2_688841822_2.csv,25000,163,True,False,0,5.00993337482214e-07
tier_10k,1_1438042987127.36_20150728002307-00080-ip-10-236-191-2_899463259_102.csv,30000,375,True,False,0,9.880168363451958e-07
tier_10k,1_1438042987127.36_20150728002307-00114-ip-10-236-191-2_902351685_191.csv,30000,377,True,False,0,5.979673005640507e-07
tier_10k,0_1438042988061.16_20150728002308-00282-ip-10-236-191-2_894007386_3.csv,30000,376,True,False,0,5.530309863388538e-07
tier_10k,0_1438042988061.16_20150728002308-00244-ip-10-236-191-2_65898746_2.csv,30000,1172,True,False,0,7.020425982773304e-07
tier_10k,1_1438042990112.50_20150728002310-00139-ip-10-236-191-2_473436377_9.csv,30000,109,True,False,0,8.309725672006607e-07
tier_10k,1_1438042990112.50_20150728002310-00013-ip-10-236-191-2_321346784_4.csv,30000,1172,True,False,0,7.280032150447369e-07
tier_10k,1_1438042990112.50_20150728002310-00286-ip-10-236-191-2_318221297_4.csv,30000,1445,True,False,0,5.640322342514992e-07
tier_10k,0_1438042988458.74_20150728002308-00249-ip-10-236-191-2_328699461_4.csv,30000,1450,True,False,0,5.189795047044754e-07
tier_10k,0_1438042988458.74_20150728002308-00166-ip-10-236-191-2_494514030_0.csv,30000,137,True,False,0,7.690396159887314e-07
tier_10k,1_1438042987127.36_20150728002307-00145-ip-10-236-191-2_499439925_0.csv,30000,1096,True,False,0,5.729962140321732e-07
tier_10k,0_1438042988061.16_20150728002308-00215-ip-10-236-191-2_362876303_35.csv,30000,638,True,False,0,5.289912223815918e-07
tier_10k,1_1438042987127.36_20150728002307-00000-ip-10-236-191-2_300770320_2.csv,30000,330,True,False,0,6.409827619791031e-07
tier_10k,0_1438042988061.16_20150728002308-00109-ip-10-236-191-2_681611335_21.csv,30000,1394,True,False,0,5.039619281888008e-07
tier_10k,1_1438042987127.36_20150728002307-00326-ip-10-236-191-2_165468224_3.csv,30000,230,True,False,0,5.220063030719757e-07
tier_10k,1_1438042990112.50_20150728002310-00085-ip-10-236-191-2_403435483_3.csv,30000,469,True,False,0,4.6798959374427795e-07
tier_10k,1_1438042987127.36_20150728002307-00182-ip-10-236-191-2_150862475_5.csv,30000,489,True,False,0,5.58036845177412e-07
tier_10k,0_1438042988061.16_20150728002308-00265-ip-10-236-191-2_909292875_28.csv,30000,56,True,False,0,5.08967787027359e-07
tier_10k,1_1438042987127.36_20150728002307-00144-ip-10-236-191-2_676020729_0.csv,30000,374,True,False,0,4.739849828183651e-07
tier_10k,0_1438042988458.74_20150728002308-00103-ip-10-236-191-2_666285279_1.csv,30000,93,True,False,0,5.660112947225571e-07
tier_10k,0_1438042988458.74_20150728002308-00095-ip-10-236-191-2_520943855_0.csv,30000,836,True,False,0,8.720089681446552e-07
tier_10k,1_1438042990112.50_20150728002310-00154-ip-10-236-191-2_303864106_21.csv,30000,1006,True,False,0,8.300412446260452e-07
tier_10k,0_1438042988061.16_20150728002308-00295-ip-10-236-191-2_159128928_26.csv,30000,301,True,False,0,6.33997842669487e-07
tier_10k,1_1438042990112.50_20150728002310-00312-ip-10-236-191-2_3243890_59.csv,30000,900,True,False,0,8.959905244410038e-07
tier_10k,0_1438042988061.16_20150728002308-00194-ip-10-236-191-2_846810834_13.csv,30000,875,True,False,0,6.409827619791031e-07
tier_10k,0_1438042988061.16_20150728002308-00164-ip-10-236-191-2_873456340_3.csv,30000,1112,True,False,0,8.459901437163353e-07
tier_10k,1_1438042987127.36_20150728002307-00033-ip-10-236-191-2_482136553_0.csv,30000,465,True,False,0,6.380141712725163e-07
tier_10k,0_1438042988061.16_20150728002308-00299-ip-10-236-191-2_392046213_1.csv,30000,940,True,False,0,7.390044629573822e-07
tier_10k,0_1438042988061.16_20150728002308-00234-ip-10-236-191-2_710361395_1.csv,30000,460,True,False,0,6.830086931586266e-07
tier_10k,1_1438042990112.50_20150728002310-00168-ip-10-236-191-2_306374627_15.csv,30000,590,True,False,0,8.060014806687832e-07
tier_10k,0_1438042988458.74_20150728002308-00046-ip-10-236-191-2_688841822_2.csv,30000,163,True,False,0,9.399955160915852e-07
tier_100k,1_1438042987127.36_20150728002307-00080-ip-10-236-191-2_899463259_102.csv,5000,2517,False,True,1,0.003094632993452251
tier_100k,1_1438042987127.36_20150728002307-00114-ip-10-236-191-2_902351685_191.csv,5000,2504,False,True,1,0.0032178389956243336
tier_100k,0_1438042988061.16_20150728002308-00282-ip-10-236-191-2_894007386_3.csv,5000,2415,True,False,0,9.150244295597076e-07
tier_100k,0_1438042988061.16_20150728002308-00244-ip-10-236-191-2_65898746_2.csv,5000,1624,True,False,0,8.540228009223938e-07
tier_100k,1_1438042990112.50_20150728002310-00139-ip-10-236-191-2_473436377_9.csv,5000,1043,True,False,0,5.289912223815918e-07
tier_100k,1_1438042990112.50_20150728002310-00013-ip-10-236-191-2_321346784_4.csv,5000,984,True,False,0,6.020418368279934e-07
tier_100k,1_1438042990112.50_20150728002310-00286-ip-10-236-191-2_318221297_4.csv,5000,955,True,False,0,6.710179150104523e-07
tier_100k,0_1438042988458.74_20150728002308-00249-ip-10-236-191-2_328699461_4.csv,5000,921,True,False,0,6.080372259020805e-07
tier_100k,0_1438042988458.74_20150728002308-00166-ip-10-236-191-2_494514030_0.csv,5000,1333,True,False,0,5.970359779894352e-07
tier_100k,1_1438042987127.36_20150728002307-00145-ip-10-236-191-2_499439925_0.csv,5000,655,True,False,0,5.869660526514053e-07
tier_100k,0_1438042988061.16_20150728002308-00215-ip-10-236-191-2_362876303_35.csv,5000,640,True,False,0,5.3399708122015e-07
tier_100k,1_1438042987127.36_20150728002307-00000-ip-10-236-191-2_300770320_2.csv,5000,587,True,False,0,8.909846656024456e-07
tier_100k,0_1438042988061.16_20150728002308-00109-ip-10-236-191-2_681611335_21.csv,5000,482,True,False,0,8.029746823012829e-07
tier_100k,1_1438042987127.36_20150728002307-00326-ip-10-236-191-2_165468224_3.csv,5000,458,True,False,0,6.179907359182835e-07
tier_100k,1_1438042990112.50_20150728002310-00085-ip-10-236-191-2_403435483_3.csv,5000,407,True,False,0,6.500049494206905e-07
tier_100k,1_1438042987127.36_20150728002307-00182-ip-10-236-191-2_150862475_5.csv,5000,368,True,False,0,5.540205165743828e-07
tier_100k,0_1438042988061.16_20150728002308-00265-ip-10-236-191-2_909292875_28.csv,5000,366,True,False,0,6.150221452116966e-07
tier_100k,1_1438042987127.36_20150728002307-00144-ip-10-236-191-2_676020729_0.csv,5000,366,True,False,0,5.819601938128471e-07
tier_100k,0_1438042988458.74_20150728002308-00103-ip-10-236-191-2_666285279_1.csv,5000,363,True,False,0,7.08969309926033e-07
tier_100k,0_1438042988458.74_20150728002308-00095-ip-10-236-191-2_520943855_0.csv,5000,350,True,False,0,7.619964890182018e-07
tier_100k,1_1438042990112.50_20150728002310-00154-ip-10-236-191-2_303864106_21.csv,5000,324,True,False,0,5.33007550984621e-07
tier_100k,0_1438042988061.16_20150728002308-00295-ip-10-236-191-2_159128928_26.csv,5000,292,True,False,0,8.159549906849861e-07
tier_100k,1_1438042990112.50_20150728002310-00312-ip-10-236-191-2_3243890_59.csv,5000,282,True,False,0,6.479676812887192e-07
tier_100k,0_1438042988061.16_20150728002308-00194-ip-10-236-191-2_846810834_13.csv,5000,247,True,False,0,6.770133040845394e-07
tier_100k,0_1438042988061.16_20150728002308-00164-ip-10-236-191-2_873456340_3.csv,5000,240,True,False,0,8.119968697428703e-07
tier_100k,1_1438042987127.36_20150728002307-00033-ip-10-236-191-2_482136553_0.csv,5000,216,True,False,0,6.00004568696022e-07
tier_100k,0_1438042988061.16_20150728002308-00299-ip-10-236-191-2_392046213_1.csv,5000,195,True,False,0,8.019851520657539e-07
tier_100k,0_1438042988061.16_20150728002308-00234-ip-10-236-191-2_710361395_1.csv,5000,181,True,False,0,5.789916031062603e-07
tier_100k,1_1438042990112.50_20150728002310-00168-ip-10-236-191-2_306374627_15.csv,5000,183,True,False,0,6.309710443019867e-07
tier_100k,0_1438042988458.74_20150728002308-00046-ip-10-236-191-2_688841822_2.csv,5000,88,True,False,0,6.159534677863121e-07
tier_100k,1_1438042987127.36_20150728002307-00080-ip-10-236-191-2_899463259_102.csv,10000,3717,False,True,1,0.005498901999089867
tier_100k,1_1438042987127.36_20150728002307-00114-ip-10-236-191-2_902351685_191.csv,10000,3698,False,True,1,0.005086552002467215
tier_100k,0_1438042988061.16_20150728002308-00282-ip-10-236-191-2_894007386_3.csv,10000,3724,False,True,1,0.00558845599880442
tier_100k,0_1438042988061.16_20150728002308-00244-ip-10-236-191-2_65898746_2.csv,10000,2181,True,False,0,6.059999577701092e-07
tier_100k,1_1438042990112.50_20150728002310-00139-ip-10-236-191-2_473436377_9.csv,10000,1130,True,False,0,6.119953468441963e-07
tier_100k,1_1438042990112.50_20150728002310-00013-ip-10-236-191-2_321346784_4.csv,10000,1402,True,False,0,7.409835234284401e-07
tier_100k,1_1438042990112.50_20150728002310-00286-ip-10-236-191-2_318221297_4.csv,10000,1346,True,False,0,6.420304998755455e-07
tier_100k,0_1438042988458.74_20150728002308-00249-ip-10-236-191-2_328699461_4.csv,10000,1177,True,False,0,4.3300678953528404e-07
tier_100k,0_1438042988458.74_20150728002308-00166-ip-10-236-191-2_494514030_0.csv,10000,1333,True,False,0,6.500049494206905e-07
tier_100k,1_1438042987127.36_20150728002307-00145-ip-10-236-191-2_499439925_0.csv,10000,1114,True,False,0,7.859780453145504e-07
tier_100k,0_1438042988061.16_20150728002308-00215-ip-10-236-191-2_362876303_35.csv,10000,964,True,False,0,6.539630703628063e-07
tier_100k,1_1438042987127.36_20150728002307-00000-ip-10-236-191-2_300770320_2.csv,10000,1178,True,False,0,8.00995621830225e-07
tier_100k,0_1438042988061.16_20150728002308-00109-ip-10-236-191-2_681611335_21.csv,10000,920,True,False,0,5.110050551593304e-07
tier_100k,1_1438042987127.36_20150728002307-00326-ip-10-236-191-2_165468224_3.csv,10000,794,True,False,0,6.67001586407423e-07
tier_100k,1_1438042990112.50_20150728002310-00085-ip-10-236-191-2_403435483_3.csv,10000,657,True,False,0,8.459901437163353e-07
tier_100k,1_1438042987127.36_20150728002307-00182-ip-10-236-191-2_150862475_5.csv,10000,764,True,False,0,7.289927452802658e-07
tier_100k,0_1438042988061.16_20150728002308-00265-ip-10-236-191-2_909292875_28.csv,10000,369,True,False,0,5.289912223815918e-07
tier_100k,1_1438042987127.36_20150728002307-00144-ip-10-236-191-2_676020729_0.csv,10000,615,True,False,0,5.239853635430336e-07
tier_100k,0_1438042988458.74_20150728002308-00103-ip-10-236-191-2_666285279_1.csv,10000,555,True,False,0,5.469773896038532e-07
tier_100k,0_1438042988458.74_20150728002308-00095-ip-10-236-191-2_520943855_0.csv,10000,723,True,False,0,5.359761416912079e-07
tier_100k,1_1438042990112.50_20150728002310-00154-ip-10-236-191-2_303864106_21.csv,10000,633,True,False,0,6.059999577701092e-07
tier_100k,0_1438042988061.16_20150728002308-00295-ip-10-236-191-2_159128928_26.csv,10000,519,True,False,0,5.869660526514053e-07
tier_100k,1_1438042990112.50_20150728002310-00312-ip-10-236-191-2_3243890_59.csv,10000,563,True,False,0,7.200287654995918e-07
tier_100k,0_1438042988061.16_20150728002308-00194-ip-10-236-191-2_846810834_13.csv,10000,493,True,False,0,6.249756552278996e-07
tier_100k,0_1438042988061.16_20150728002308-00164-ip-10-236-191-2_873456340_3.csv,10000,411,True,False,0,8.399947546422482e-07
tier_100k,1_1438042987127.36_20150728002307-00033-ip-10-236-191-2_482136553_0.csv,10000,460,True,False,0,6.249756552278996e-07
tier_100k,0_1438042988061.16_20150728002308-00299-ip-10-236-191-2_392046213_1.csv,10000,363,True,False,0,5.830079317092896e-07
tier_100k,0_1438042988061.16_20150728002308-00234-ip-10-236-191-2_710361395_1.csv,10000,423,True,False,0,7.639755494892597e-07
tier_100k,1_1438042990112.50_20150728002310-00168-ip-10-236-191-2_306374627_15.csv,10000,363,True,False,0,9.199720807373524e-07
tier_100k,0_1438042988458.74_20150728002308-00046-ip-10-236-191-2_688841822_2.csv,10000,133,True,False,0,5.550100468099117e-07
tier_100k,1_1438042987127.36_20150728002307-00080-ip-10-236-191-2_899463259_102.csv,15000,3726,False,True,1,0.005047377955634147
tier_100k,1_1438042987127.36_20150728002307-00114-ip-10-236-191-2_902351685_191.csv,15000,3725,False,True,1,0.005325971986167133
tier_100k,0_1438042988061.16_20150728002308-00282-ip-10-236-191-2_894007386_3.csv,15000,3742,False,True,1,0.005348893988411874
tier_100k,0_1438042988061.16_20150728002308-00244-ip-10-236-191-2_65898746_2.csv,15000,2416,True,False,0,5.800393410027027e-07
tier_100k,1_1438042990112.50_20150728002310-00139-ip-10-236-191-2_473436377_9.csv,15000,1150,True,False,0,5.67000824958086e-07
tier_100k,1_1438042990112.50_20150728002310-00013-ip-10-236-191-2_321346784_4.csv,15000,1497,True,False,0,5.509937182068825e-07
tier_100k,1_1438042990112.50_20150728002310-00286-ip-10-236-191-2_318221297_4.csv,15000,1410,True,False,0,6.110058166086674e-07
tier_100k,0_1438042988458.74_20150728002308-00249-ip-10-236-191-2_328699461_4.csv,15000,1851,True,False,0,5.280016921460629e-07
tier_100k,0_1438042988458.74_20150728002308-00166-ip-10-236-191-2_494514030_0.csv,15000,1333,True,False,0,7.119961082935333e-07
tier_100k,1_1438042987127.36_20150728002307-00145-ip-10-236-191-2_499439925_0.csv,15000,1547,True,False,0,5.809706635773182e-07
tier_100k,0_1438042988061.16_20150728002308-00215-ip-10-236-191-2_362876303_35.csv,15000,1300,True,False,0,5.390029400587082e-07
tier_100k,1_1438042987127.36_20150728002307-00000-ip-10-236-191-2_300770320_2.csv,15000,1695,True,False,0,5.449983291327953e-07
tier_100k,0_1438042988061.16_20150728002308-00109-ip-10-236-191-2_681611335_21.csv,15000,1303,True,False,0,6.550108082592487e-07
tier_100k,1_1438042987127.36_20150728002307-00326-ip-10-236-191-2_165468224_3.csv,15000,922,True,False,0,6.119953468441963e-07
tier_100k,1_1438042990112.50_20150728002310-00085-ip-10-236-191-2_403435483_3.csv,15000,888,True,False,0,7.649650797247887e-07
tier_100k,1_1438042987127.36_20150728002307-00182-ip-10-236-191-2_150862475_5.csv,15000,1146,True,False,0,7.019843906164169e-07
tier_100k,0_1438042988061.16_20150728002308-00265-ip-10-236-191-2_909292875_28.csv,15000,373,True,False,0,7.760245352983475e-07
tier_100k,1_1438042987127.36_20150728002307-00144-ip-10-236-191-2_676020729_0.csv,15000,877,True,False,0,6.699701771140099e-07
tier_100k,0_1438042988458.74_20150728002308-00103-ip-10-236-191-2_666285279_1.csv,15000,658,True,False,0,5.59026375412941e-07
tier_100k,0_1438042988458.74_20150728002308-00095-ip-10-236-191-2_520943855_0.csv,15000,1044,True,False,0,6.200280040502548e-07
tier_100k,1_1438042990112.50_20150728002310-00154-ip-10-236-191-2_303864106_21.csv,15000,945,True,False,0,6.139744073152542e-07
tier_100k,0_1438042988061.16_20150728002308-00295-ip-10-236-191-2_159128928_26.csv,15000,718,True,False,0,7.629860192537308e-07
tier_100k,1_1438042990112.50_20150728002310-00312-ip-10-236-191-2_3243890_59.csv,15000,788,True,False,0,6.379559636116028e-07
tier_100k,0_1438042988061.16_20150728002308-00194-ip-10-236-191-2_846810834_13.csv,15000,773,True,False,0,5.700276233255863e-07
tier_100k,0_1438042988061.16_20150728002308-00164-ip-10-236-191-2_873456340_3.csv,15000,597,True,False,0,6.830086931586266e-07
tier_100k,1_1438042987127.36_20150728002307-00033-ip-10-236-191-2_482136553_0.csv,15000,815,True,False,0,6.880145519971848e-07
tier_100k,0_1438042988061.16_20150728002308-00299-ip-10-236-191-2_392046213_1.csv,15000,514,True,False,0,6.220070645213127e-07
tier_100k,0_1438042988061.16_20150728002308-00234-ip-10-236-191-2_710361395_1.csv,15000,633,True,False,0,5.850451998412609e-07
tier_100k,1_1438042990112.50_20150728002310-00168-ip-10-236-191-2_306374627_15.csv,15000,568,True,False,0,7.409835234284401e-07
tier_100k,0_1438042988458.74_20150728002308-00046-ip-10-236-191-2_688841822_2.csv,15000,189,True,False,0,6.629852578043938e-07
tier_100k,1_1438042987127.36_20150728002307-00080-ip-10-236-191-2_899463259_102.csv,20000,3738,False,True,1,0.005454924947116524
tier_100k,1_1438042987127.36_20150728002307-00114-ip-10-236-191-2_902351685_191.csv,20000,3732,False,True,1,0.004993503971491009
tier_100k,0_1438042988061.16_20150728002308-00282-ip-10-236-191-2_894007386_3.csv,20000,3756,False,True,1,0.005220505991019309
tier_100k,0_1438042988061.16_20150728002308-00244-ip-10-236-191-2_65898746_2.csv,20000,2628,False,True,2,0.005040093034040183
tier_100k,1_1438042990112.50_20150728002310-00139-ip-10-236-191-2_473436377_9.csv,20000,1157,True,False,0,1.05204526335001e-06
tier_100k,1_1438042990112.50_20150728002310-00013-ip-10-236-191-2_321346784_4.csv,20000,2297,True,False,0,6.029731594026089e-07
tier_100k,1_1438042990112.50_20150728002310-00286-ip-10-236-191-2_318221297_4.csv,20000,2308,True,False,0,9.849900379776955e-07
tier_100k,0_1438042988458.74_20150728002308-00249-ip-10-236-191-2_328699461_4.csv,20000,2289,True,False,0,6.760237738490105e-07
tier_100k,0_1438042988458.74_20150728002308-00166-ip-10-236-191-2_494514030_0.csv,20000,1333,True,False,0,5.770125426352024e-07
tier_100k,1_1438042987127.36_20150728002307-00145-ip-10-236-191-2_499439925_0.csv,20000,1682,True,False,0,6.280024535953999e-07
tier_100k,0_1438042988061.16_20150728002308-00215-ip-10-236-191-2_362876303_35.csv,20000,1605,True,False,0,6.270129233598709e-07
tier_100k,1_1438042987127.36_20150728002307-00000-ip-10-236-191-2_300770320_2.csv,20000,2144,True,False,0,6.039626896381378e-07
tier_100k,0_1438042988061.16_20150728002308-00109-ip-10-236-191-2_681611335_21.csv,20000,1426,True,False,0,6.09958078712225e-07
tier_100k,1_1438042987127.36_20150728002307-00326-ip-10-236-191-2_165468224_3.csv,20000,1037,True,False,0,5.859765224158764e-07
tier_100k,1_1438042990112.50_20150728002310-00085-ip-10-236-191-2_403435483_3.csv,20000,1084,True,False,0,7.120543159544468e-07
tier_100k,1_1438042987127.36_20150728002307-00182-ip-10-236-191-2_150862475_5.csv,20000,1468,True,False,0,6.859772838652134e-07
tier_100k,0_1438042988061.16_20150728002308-00265-ip-10-236-191-2_909292875_28.csv,20000,377,True,False,0,6.659538485109806e-07
tier_100k,1_1438042987127.36_20150728002307-00144-ip-10-236-191-2_676020729_0.csv,20000,1068,True,False,0,6.800401024520397e-07
tier_100k,0_1438042988458.74_20150728002308-00103-ip-10-236-191-2_666285279_1.csv,20000,720,True,False,0,6.949994713068008e-07
tier_100k,0_1438042988458.74_20150728002308-00095-ip-10-236-191-2_520943855_0.csv,20000,1331,True,False,0,5.849869921803474e-07
tier_100k,1_1438042990112.50_20150728002310-00154-ip-10-236-191-2_303864106_21.csv,20000,1271,True,False,0,7.110065780580044e-07
tier_100k,0_1438042988061.16_20150728002308-00295-ip-10-236-191-2_159128928_26.csv,20000,883,True,False,0,1.1289957910776138e-06
tier_100k,1_1438042990112.50_20150728002310-00312-ip-10-236-191-2_3243890_59.csv,20000,1022,True,False,0,5.800393410027027e-07
tier_100k,0_1438042988061.16_20150728002308-00194-ip-10-236-191-2_846810834_13.csv,20000,1103,True,False,0,5.890033207833767e-07
tier_100k,0_1438042988061.16_20150728002308-00164-ip-10-236-191-2_873456340_3.csv,20000,802,True,False,0,5.7596480473876e-07
tier_100k,1_1438042987127.36_20150728002307-00033-ip-10-236-191-2_482136553_0.csv,20000,1029,True,False,0,6.00994098931551e-07
tier_100k,0_1438042988061.16_20150728002308-00299-ip-10-236-191-2_392046213_1.csv,20000,686,True,False,0,5.7596480473876e-07
tier_100k,0_1438042988061.16_20150728002308-00234-ip-10-236-191-2_710361395_1.csv,20000,909,True,False,0,6.25033862888813e-07
tier_100k,1_1438042990112.50_20150728002310-00168-ip-10-236-191-2_306374627_15.csv,20000,772,True,False,0,6.059999577701092e-07
tier_100k,0_1438042988458.74_20150728002308-00046-ip-10-236-191-2_688841822_2.csv,20000,219,True,False,0,8.440110832452774e-07
tier_100k,1_1438042987127.36_20150728002307-00080-ip-10-236-191-2_899463259_102.csv,25000,3748,False,True,1,0.005092712992336601
tier_100k,1_1438042987127.36_20150728002307-00114-ip-10-236-191-2_902351685_191.csv,25000,3735,False,True,1,0.005082536023110151
tier_100k,0_1438042988061.16_20150728002308-00282-ip-10-236-191-2_894007386_3.csv,25000,3768,False,True,1,0.0053772180108353496
tier_100k,0_1438042988061.16_20150728002308-00244-ip-10-236-191-2_65898746_2.csv,25000,2861,False,True,2,0.005631682986859232
tier_100k,1_1438042990112.50_20150728002310-00139-ip-10-236-191-2_473436377_9.csv,25000,1160,True,False,0,8.129863999783993e-07
tier_100k,1_1438042990112.50_20150728002310-00013-ip-10-236-191-2_321346784_4.csv,25000,2604,False,True,2,0.005312560999300331
tier_100k,1_1438042990112.50_20150728002310-00286-ip-10-236-191-2_318221297_4.csv,25000,2605,False,True,2,0.0051087429746985435
tier_100k,0_1438042988458.74_20150728002308-00249-ip-10-236-191-2_328699461_4.csv,25000,2667,False,True,3,0.006409230991266668
tier_100k,0_1438042988458.74_20150728002308-00166-ip-10-236-191-2_494514030_0.csv,25000,1333,True,False,0,8.09959601610899e-07
tier_100k,1_1438042987127.36_20150728002307-00145-ip-10-236-191-2_499439925_0.csv,25000,2142,True,False,0,9.490177035331726e-07
tier_100k,0_1438042988061.16_20150728002308-00215-ip-10-236-191-2_362876303_35.csv,25000,1825,True,False,0,7.549533620476723e-07
tier_100k,1_1438042987127.36_20150728002307-00000-ip-10-236-191-2_300770320_2.csv,25000,2604,False,True,3,0.006786249985452741
tier_100k,0_1438042988061.16_20150728002308-00109-ip-10-236-191-2_681611335_21.csv,25000,2260,True,False,0,8.830102160573006e-07
tier_100k,1_1438042987127.36_20150728002307-00326-ip-10-236-191-2_165468224_3.csv,25000,1151,True,False,0,8.58039129525423e-07
tier_100k,1_1438042990112.50_20150728002310-00085-ip-10-236-191-2_403435483_3.csv,25000,1302,True,False,0,7.509952411055565e-07
tier_100k,1_1438042987127.36_20150728002307-00182-ip-10-236-191-2_150862475_5.csv,25000,1720,True,False,0,6.880145519971848e-07
tier_100k,0_1438042988061.16_20150728002308-00265-ip-10-236-191-2_909292875_28.csv,25000,395,True,False,0,8.33999365568161e-07
tier_100k,1_1438042987127.36_20150728002307-00144-ip-10-236-191-2_676020729_0.csv,25000,1306,True,False,0,7.6700234785676e-07
tier_100k,0_1438042988458.74_20150728002308-00103-ip-10-236-191-2_666285279_1.csv,25000,739,True,False,0,8.179922588169575e-07
tier_100k,0_1438042988458.74_20150728002308-00095-ip-10-236-191-2_520943855_0.csv,25000,1598,True,False,0,6.689806468784809e-07
tier_100k,1_1438042990112.50_20150728002310-00154-ip-10-236-191-2_303864106_21.csv,25000,1762,True,False,0,7.449998520314693e-07
tier_100k,0_1438042988061.16_20150728002308-00295-ip-10-236-191-2_159128928_26.csv,25000,1059,True,False,0,4.2695319280028343e-07
tier_100k,1_1438042990112.50_20150728002310-00312-ip-10-236-191-2_3243890_59.csv,25000,1290,True,False,0,6.370246410369873e-07
tier_100k,0_1438042988061.16_20150728002308-00194-ip-10-236-191-2_846810834_13.csv,25000,1366,True,False,0,5.490146577358246e-07
tier_100k,0_1438042988061.16_20150728002308-00164-ip-10-236-191-2_873456340_3.csv,25000,937,True,False,0,7.970375008881092e-07
tier_100k,1_1438042987127.36_20150728002307-00033-ip-10-236-191-2_482136553_0.csv,25000,1293,True,False,0,7.599592208862305e-07
tier_100k,0_1438042988061.16_20150728002308-00299-ip-10-236-191-2_392046213_1.csv,25000,909,True,False,0,7.079797796905041e-07
tier_100k,0_1438042988061.16_20150728002308-00234-ip-10-236-191-2_710361395_1.csv,25000,1208,True,False,0,1.2239906936883926e-06
tier_100k,1_1438042990112.50_20150728002310-00168-ip-10-236-191-2_306374627_15.csv,25000,1049,True,False,0,5.380134098231792e-07
tier_100k,0_1438042988458.74_20150728002308-00046-ip-10-236-191-2_688841822_2.csv,25000,262,True,False,0,7.179914973676205e-07
tier_100k,1_1438042987127.36_20150728002307-00080-ip-10-236-191-2_899463259_102.csv,30000,3752,False,True,1,0.0055220480426214635
tier_100k,1_1438042987127.36_20150728002307-00114-ip-10-236-191-2_902351685_191.csv,30000,3736,False,True,1,0.005375731969252229
tier_100k,0_1438042988061.16_20150728002308-00282-ip-10-236-191-2_894007386_3.csv,30000,3770,False,True,1,0.005591296998318285
tier_100k,0_1438042988061.16_20150728002308-00244-ip-10-236-191-2_65898746_2.csv,30000,2968,False,True,2,0.006178347975946963
tier_100k,1_1438042990112.50_20150728002310-00139-ip-10-236-191-2_473436377_9.csv,30000,1165,True,False,0,6.310292519629002e-07
tier_100k,1_1438042990112.50_20150728002310-00013-ip-10-236-191-2_321346784_4.csv,30000,3037,False,True,3,0.008366291993297637
tier_100k,1_1438042990112.50_20150728002310-00286-ip-10-236-191-2_318221297_4.csv,30000,3046,False,True,2,0.005921979027334601
tier_100k,0_1438042988458.74_20150728002308-00249-ip-10-236-191-2_328699461_4.csv,30000,3212,False,True,2,0.006613463978283107
tier_100k,0_1438042988458.74_20150728002308-00166-ip-10-236-191-2_494514030_0.csv,30000,1333,True,False,0,8.540228009223938e-07
tier_100k,1_1438042987127.36_20150728002307-00145-ip-10-236-191-2_499439925_0.csv,30000,2626,False,True,2,0.0052994959987699986
tier_100k,0_1438042988061.16_20150728002308-00215-ip-10-236-191-2_362876303_35.csv,30000,2021,True,False,0,7.639755494892597e-07
tier_100k,1_1438042987127.36_20150728002307-00000-ip-10-236-191-2_300770320_2.csv,30000,3046,False,True,3,0.00850379397161305
tier_100k,0_1438042988061.16_20150728002308-00109-ip-10-236-191-2_681611335_21.csv,30000,2617,False,True,3,0.006789859035052359
tier_100k,1_1438042987127.36_20150728002307-00326-ip-10-236-191-2_165468224_3.csv,30000,1231,True,False,0,9.979703463613987e-07
tier_100k,1_1438042990112.50_20150728002310-00085-ip-10-236-191-2_403435483_3.csv,30000,1563,True,False,0,6.430200301110744e-07
tier_100k,1_1438042987127.36_20150728002307-00182-ip-10-236-191-2_150862475_5.csv,30000,1958,True,False,0,7.729977369308472e-07
tier_100k,0_1438042988061.16_20150728002308-00265-ip-10-236-191-2_909292875_28.csv,30000,426,True,False,0,8.200295269489288e-07
tier_100k,1_1438042987127.36_20150728002307-00144-ip-10-236-191-2_676020729_0.csv,30000,1512,True,False,0,9.229988791048527e-07
tier_100k,0_1438042988458.74_20150728002308-00103-ip-10-236-191-2_666285279_1.csv,30000,756,True,False,0,6.140326149761677e-07
tier_100k,0_1438042988458.74_20150728002308-00095-ip-10-236-191-2_520943855_0.csv,30000,1946,True,False,0,5.019828677177429e-07
tier_100k,1_1438042990112.50_20150728002310-00154-ip-10-236-191-2_303864106_21.csv,30000,1935,True,False,0,9.040231816470623e-07
tier_100k,0_1438042988061.16_20150728002308-00295-ip-10-236-191-2_159128928_26.csv,30000,1215,True,False,0,6.440095603466034e-07
tier_100k,1_1438042990112.50_20150728002310-00312-ip-10-236-191-2_3243890_59.csv,30000,1514,True,False,0,6.529735401272774e-07
tier_100k,0_1438042988061.16_20150728002308-00194-ip-10-236-191-2_846810834_13.csv,30000,1912,True,False,0,7.92031642049551e-07
tier_100k,0_1438042988061.16_20150728002308-00164-ip-10-236-191-2_873456340_3.csv,30000,1208,True,False,0,6.289919838309288e-07
tier_100k,1_1438042987127.36_20150728002307-00033-ip-10-236-191-2_482136553_0.csv,30000,1616,True,False,0,7.9302117228508e-07
tier_100k,0_1438042988061.16_20150728002308-00299-ip-10-236-191-2_392046213_1.csv,30000,1128,True,False,0,6.729969754815102e-07
tier_100k,0_1438042988061.16_20150728002308-00234-ip-10-236-191-2_710361395_1.csv,30000,1482,True,False,0,6.039626896381378e-07
tier_100k,1_1438042990112.50_20150728002310-00168-ip-10-236-191-2_306374627_15.csv,30000,1226,True,False,0,7.129856385290623e-07
tier_100k,0_1438042988458.74_20150728002308-00046-ip-10-236-191-2_688841822_2.csv,30000,295,True,False,0,7.459893822669983e-07
tier_1m,1_1438042987127.36_20150728002307-00080-ip-10-236-191-2_899463259_102.csv,5000,3013,False,True,1,0.005742790002841502
tier_1m,1_1438042987127.36_20150728002307-00114-ip-10-236-191-2_902351685_191.csv,5000,3141,False,True,1,0.00689179397886619
tier_1m,0_1438042988061.16_20150728002308-00282-ip-10-236-191-2_894007386_3.csv,5000,2624,False,True,1,0.008731137029826641
tier_1m,0_1438042988061.16_20150728002308-00244-ip-10-236-191-2_65898746_2.csv,5000,2112,True,False,0,9.139766916632652e-07
tier_1m,1_1438042990112.50_20150728002310-00139-ip-10-236-191-2_473436377_9.csv,5000,1246,True,False,0,7.579801604151726e-07
tier_1m,1_1438042990112.50_20150728002310-00013-ip-10-236-191-2_321346784_4.csv,5000,1649,True,False,0,1.0690419003367424e-06
tier_1m,1_1438042990112.50_20150728002310-00286-ip-10-236-191-2_318221297_4.csv,5000,1696,True,False,0,1.2730015441775322e-06
tier_1m,0_1438042988458.74_20150728002308-00249-ip-10-236-191-2_328699461_4.csv,5000,1852,True,False,0,1.09401298686862e-06
tier_1m,0_1438042988458.74_20150728002308-00166-ip-10-236-191-2_494514030_0.csv,5000,5000,False,True,1,0.007667965022847056
tier_1m,1_1438042987127.36_20150728002307-00145-ip-10-236-191-2_499439925_0.csv,5000,974,True,False,0,1.4220131561160088e-06
tier_1m,0_1438042988061.16_20150728002308-00215-ip-10-236-191-2_362876303_35.csv,5000,638,True,False,0,1.4789984561502934e-06
tier_1m,1_1438042987127.36_20150728002307-00000-ip-10-236-191-2_300770320_2.csv,5000,622,True,False,0,1.7370330169796944e-06
tier_1m,0_1438042988061.16_20150728002308-00109-ip-10-236-191-2_681611335_21.csv,5000,301,True,False,0,7.129856385290623e-07
tier_1m,1_1438042987127.36_20150728002307-00326-ip-10-236-191-2_165468224_3.csv,5000,475,True,False,0,9.619980119168758e-07
tier_1m,1_1438042990112.50_20150728002310-00085-ip-10-236-191-2_403435483_3.csv,5000,770,True,False,0,1.1390075087547302e-06
tier_1m,1_1438042987127.36_20150728002307-00182-ip-10-236-191-2_150862475_5.csv,5000,261,True,False,0,1.1149677447974682e-06
tier_1m,0_1438042988061.16_20150728002308-00265-ip-10-236-191-2_909292875_28.csv,5000,522,True,False,0,5.689798854291439e-07
tier_1m,1_1438042987127.36_20150728002307-00144-ip-10-236-191-2_676020729_0.csv,5000,478,True,False,0,1.3709650374948978e-06
tier_1m,0_1438042988458.74_20150728002308-00103-ip-10-236-191-2_666285279_1.csv,5000,8,True,False,0,6.42961822450161e-07
tier_1m,0_1438042988458.74_20150728002308-00095-ip-10-236-191-2_520943855_0.csv,5000,309,True,False,0,1.1189840734004974e-06
tier_1m,1_1438042990112.50_20150728002310-00154-ip-10-236-191-2_303864106_21.csv,5000,323,True,False,0,9.519862942397594e-07
tier_1m,0_1438042988061.16_20150728002308-00295-ip-10-236-191-2_159128928_26.csv,5000,148,True,False,0,8.410424925386906e-07
tier_1m,1_1438042990112.50_20150728002310-00312-ip-10-236-191-2_3243890_59.csv,5000,296,True,False,0,1.108972355723381e-06
tier_1m,0_1438042988061.16_20150728002308-00194-ip-10-236-191-2_846810834_13.csv,5000,122,True,False,0,8.740462362766266e-07
tier_1m,0_1438042988061.16_20150728002308-00164-ip-10-236-191-2_873456340_3.csv,5000,781,True,False,0,1.1430238373577595e-06
tier_1m,1_1438042987127.36_20150728002307-00033-ip-10-236-191-2_482136553_0.csv,5000,687,True,False,0,1.701992005109787e-06
tier_1m,0_1438042988061.16_20150728002308-00299-ip-10-236-191-2_392046213_1.csv,5000,547,True,False,0,8.879578672349453e-07
tier_1m,0_1438042988061.16_20150728002308-00234-ip-10-236-191-2_710361395_1.csv,5000,99,True,False,0,1.1110096238553524e-06
tier_1m,1_1438042990112.50_20150728002310-00168-ip-10-236-191-2_306374627_15.csv,5000,229,True,False,0,1.443957444280386e-06
tier_1m,0_1438042988458.74_20150728002308-00046-ip-10-236-191-2_688841822_2.csv,5000,144,True,False,0,7.280032150447369e-07
tier_1m,1_1438042987127.36_20150728002307-00080-ip-10-236-191-2_899463259_102.csv,10000,5725,False,True,1,0.009886234998703003
tier_1m,1_1438042987127.36_20150728002307-00114-ip-10-236-191-2_902351685_191.csv,10000,6277,False,True,1,0.010684131004381925
tier_1m,0_1438042988061.16_20150728002308-00282-ip-10-236-191-2_894007386_3.csv,10000,5083,False,True,1,0.008402605017181486
tier_1m,0_1438042988061.16_20150728002308-00244-ip-10-236-191-2_65898746_2.csv,10000,2112,True,False,0,1.1560041457414627e-06
tier_1m,1_1438042990112.50_20150728002310-00139-ip-10-236-191-2_473436377_9.csv,10000,2506,False,True,2,0.005203102016821504
tier_1m,1_1438042990112.50_20150728002310-00013-ip-10-236-191-2_321346784_4.csv,10000,3199,False,True,1,0.004765645018778741
tier_1m,1_1438042990112.50_20150728002310-00286-ip-10-236-191-2_318221297_4.csv,10000,3285,False,True,1,0.0046772820060141385
tier_1m,0_1438042988458.74_20150728002308-00249-ip-10-236-191-2_328699461_4.csv,10000,3406,False,True,1,0.005135561979841441
tier_1m,0_1438042988458.74_20150728002308-00166-ip-10-236-191-2_494514030_0.csv,10000,10000,False,True,1,0.016419113031588495
tier_1m,1_1438042987127.36_20150728002307-00145-ip-10-236-191-2_499439925_0.csv,10000,1735,True,False,0,1.334992703050375e-06
tier_1m,0_1438042988061.16_20150728002308-00215-ip-10-236-191-2_362876303_35.csv,10000,1392,True,False,0,1.244945451617241e-06
tier_1m,1_1438042987127.36_20150728002307-00000-ip-10-236-191-2_300770320_2.csv,10000,1164,True,False,0,9.469804354012012e-07
tier_1m,0_1438042988061.16_20150728002308-00109-ip-10-236-191-2_681611335_21.csv,10000,792,True,False,0,1.0859803296625614e-06
tier_1m,1_1438042987127.36_20150728002307-00326-ip-10-236-191-2_165468224_3.csv,10000,944,True,False,0,8.67992639541626e-07
tier_1m,1_1438042990112.50_20150728002310-00085-ip-10-236-191-2_403435483_3.csv,10000,1290,True,False,0,8.540228009223938e-07
tier_1m,1_1438042987127.36_20150728002307-00182-ip-10-236-191-2_150862475_5.csv,10000,598,True,False,0,1.2420350685715675e-06
tier_1m,0_1438042988061.16_20150728002308-00265-ip-10-236-191-2_909292875_28.csv,10000,980,True,False,0,5.650217644870281e-07
tier_1m,1_1438042987127.36_20150728002307-00144-ip-10-236-191-2_676020729_0.csv,10000,780,True,False,0,1.2450036592781544e-06
tier_1m,0_1438042988458.74_20150728002308-00103-ip-10-236-191-2_666285279_1.csv,10000,23,True,False,0,7.519847713410854e-07
tier_1m,0_1438042988458.74_20150728002308-00095-ip-10-236-191-2_520943855_0.csv,10000,707,True,False,0,9.849900379776955e-07
tier_1m,1_1438042990112.50_20150728002310-00154-ip-10-236-191-2_303864106_21.csv,10000,658,True,False,0,9.789946489036083e-07
tier_1m,0_1438042988061.16_20150728002308-00295-ip-10-236-191-2_159128928_26.csv,10000,328,True,False,0,9.490177035331726e-07
tier_1m,1_1438042990112.50_20150728002310-00312-ip-10-236-191-2_3243890_59.csv,10000,590,True,False,0,1.0409858077764511e-06
tier_1m,0_1438042988061.16_20150728002308-00194-ip-10-236-191-2_846810834_13.csv,10000,415,True,False,0,6.08968548476696e-07
tier_1m,0_1438042988061.16_20150728002308-00164-ip-10-236-191-2_873456340_3.csv,10000,923,True,False,0,1.7909915186464787e-06
tier_1m,1_1438042987127.36_20150728002307-00033-ip-10-236-191-2_482136553_0.csv,10000,800,True,False,0,1.0860385373234749e-06
tier_1m,0_1438042988061.16_20150728002308-00299-ip-10-236-191-2_392046213_1.csv,10000,901,True,False,0,9.489594958722591e-07
tier_1m,0_1438042988061.16_20150728002308-00234-ip-10-236-191-2_710361395_1.csv,10000,190,True,False,0,5.630427040159702e-07
tier_1m,1_1438042990112.50_20150728002310-00168-ip-10-236-191-2_306374627_15.csv,10000,454,True,False,0,9.380164556205273e-07
tier_1m,0_1438042988458.74_20150728002308-00046-ip-10-236-191-2_688841822_2.csv,10000,179,True,False,0,8.189817890524864e-07
tier_1m,1_1438042987127.36_20150728002307-00080-ip-10-236-191-2_899463259_102.csv,15000,8355,False,True,1,0.014976624981500208
tier_1m,1_1438042987127.36_20150728002307-00114-ip-10-236-191-2_902351685_191.csv,15000,9265,False,True,1,0.017382758029270917
tier_1m,0_1438042988061.16_20150728002308-00282-ip-10-236-191-2_894007386_3.csv,15000,7524,False,True,1,0.013114836998283863
tier_1m,0_1438042988061.16_20150728002308-00244-ip-10-236-191-2_65898746_2.csv,15000,1875,True,False,0,1.2130476534366608e-06
tier_1m,1_1438042990112.50_20150728002310-00139-ip-10-236-191-2_473436377_9.csv,15000,3675,False,True,2,0.010960421001072973
tier_1m,1_1438042990112.50_20150728002310-00013-ip-10-236-191-2_321346784_4.csv,15000,5072,False,True,1,0.008173213980626315
tier_1m,1_1438042990112.50_20150728002310-00286-ip-10-236-191-2_318221297_4.csv,15000,4944,False,True,1,0.0077248719753697515
tier_1m,0_1438042988458.74_20150728002308-00249-ip-10-236-191-2_328699461_4.csv,15000,4997,False,True,1,0.007783174980431795
tier_1m,0_1438042988458.74_20150728002308-00166-ip-10-236-191-2_494514030_0.csv,15000,12841,False,True,1,0.022690088022500277
tier_1m,1_1438042987127.36_20150728002307-00145-ip-10-236-191-2_499439925_0.csv,15000,2351,True,False,0,1.6199774108827114e-06
tier_1m,0_1438042988061.16_20150728002308-00215-ip-10-236-191-2_362876303_35.csv,15000,2144,True,False,0,9.830109775066376e-07
tier_1m,1_1438042987127.36_20150728002307-00000-ip-10-236-191-2_300770320_2.csv,15000,1752,True,False,0,1.1100200936198235e-06
tier_1m,0_1438042988061.16_20150728002308-00109-ip-10-236-191-2_681611335_21.csv,15000,1197,True,False,0,1.4459947124123573e-06
tier_1m,1_1438042987127.36_20150728002307-00326-ip-10-236-191-2_165468224_3.csv,15000,1364,True,False,0,1.0450021363794804e-06
tier_1m,1_1438042990112.50_20150728002310-00085-ip-10-236-191-2_403435483_3.csv,15000,2856,False,True,2,0.006527425022795796
tier_1m,1_1438042987127.36_20150728002307-00182-ip-10-236-191-2_150862475_5.csv,15000,930,True,False,0,1.0950025171041489e-06
tier_1m,0_1438042988061.16_20150728002308-00265-ip-10-236-191-2_909292875_28.csv,15000,1487,True,False,0,6.659538485109806e-07
tier_1m,1_1438042987127.36_20150728002307-00144-ip-10-236-191-2_676020729_0.csv,15000,1095,True,False,0,1.093023456633091e-06
tier_1m,0_1438042988458.74_20150728002308-00103-ip-10-236-191-2_666285279_1.csv,15000,31,True,False,0,5.880137905478477e-07
tier_1m,0_1438042988458.74_20150728002308-00095-ip-10-236-191-2_520943855_0.csv,15000,1110,True,False,0,1.13598071038723e-06
tier_1m,1_1438042990112.50_20150728002310-00154-ip-10-236-191-2_303864106_21.csv,15000,979,True,False,0,1.592037733644247e-06
tier_1m,0_1438042988061.16_20150728002308-00295-ip-10-236-191-2_159128928_26.csv,15000,593,True,False,0,1.2090313248336315e-06
tier_1m,1_1438042990112.50_20150728002310-00312-ip-10-236-191-2_3243890_59.csv,15000,811,True,False,0,1.32701825350523e-06
tier_1m,0_1438042988061.16_20150728002308-00194-ip-10-236-191-2_846810834_13.csv,15000,681,True,False,0,1.2430245988070965e-06
tier_1m,0_1438042988061.16_20150728002308-00164-ip-10-236-191-2_873456340_3.csv,15000,1198,True,False,0,1.1199736036360264e-06
tier_1m,1_1438042987127.36_20150728002307-00033-ip-10-236-191-2_482136553_0.csv,15000,916,True,False,0,1.1160154826939106e-06
tier_1m,0_1438042988061.16_20150728002308-00299-ip-10-236-191-2_392046213_1.csv,15000,1032,True,False,0,1.2699747458100319e-06
tier_1m,0_1438042988061.16_20150728002308-00234-ip-10-236-191-2_710361395_1.csv,15000,322,True,False,0,9.870273061096668e-07
tier_1m,1_1438042990112.50_20150728002310-00168-ip-10-236-191-2_306374627_15.csv,15000,644,True,False,0,1.0209623724222183e-06
tier_1m,0_1438042988458.74_20150728002308-00046-ip-10-236-191-2_688841822_2.csv,15000,207,True,False,0,1.0579824447631836e-06
tier_1m,1_1438042987127.36_20150728002307-00080-ip-10-236-191-2_899463259_102.csv,20000,10905,False,True,1,0.020659793983213603
tier_1m,1_1438042987127.36_20150728002307-00114-ip-10-236-191-2_902351685_191.csv,20000,11965,False,True,1,0.023186256003100425
tier_1m,0_1438042988061.16_20150728002308-00282-ip-10-236-191-2_894007386_3.csv,20000,9962,False,True,1,0.01825904700672254
tier_1m,0_1438042988061.16_20150728002308-00244-ip-10-236-191-2_65898746_2.csv,20000,2112,True,False,0,1.374981366097927e-06
tier_1m,1_1438042990112.50_20150728002310-00139-ip-10-236-191-2_473436377_9.csv,20000,4772,False,True,2,0.010796930000651628
tier_1m,1_1438042990112.50_20150728002310-00013-ip-10-236-191-2_321346784_4.csv,20000,6826,False,True,1,0.010998126992490143
tier_1m,1_1438042990112.50_20150728002310-00286-ip-10-236-191-2_318221297_4.csv,20000,6431,False,True,1,0.011198517982847989
tier_1m,0_1438042988458.74_20150728002308-00249-ip-10-236-191-2_328699461_4.csv,20000,6674,False,True,1,0.01069050800288096
tier_1m,0_1438042988458.74_20150728002308-00166-ip-10-236-191-2_494514030_0.csv,20000,12841,False,True,1,0.02211642498150468
tier_1m,1_1438042987127.36_20150728002307-00145-ip-10-236-191-2_499439925_0.csv,20000,2980,False,True,2,0.006553270970471203
tier_1m,0_1438042988061.16_20150728002308-00215-ip-10-236-191-2_362876303_35.csv,20000,2900,False,True,1,0.005694154009688646
tier_1m,1_1438042987127.36_20150728002307-00000-ip-10-236-191-2_300770320_2.csv,20000,2366,True,False,0,1.4379620552062988e-06
tier_1m,0_1438042988061.16_20150728002308-00109-ip-10-236-191-2_681611335_21.csv,20000,1644,True,False,0,9.310315363109112e-07
tier_1m,1_1438042987127.36_20150728002307-00326-ip-10-236-191-2_165468224_3.csv,20000,1834,True,False,0,1.0489602573215961e-06
tier_1m,1_1438042990112.50_20150728002310-00085-ip-10-236-191-2_403435483_3.csv,20000,3117,False,True,2,0.006955447024665773
tier_1m,1_1438042987127.36_20150728002307-00182-ip-10-236-191-2_150862475_5.csv,20000,1287,True,False,0,1.060019712895155e-06
tier_1m,0_1438042988061.16_20150728002308-00265-ip-10-236-191-2_909292875_28.csv,20000,2006,True,False,0,6.67001586407423e-07
tier_1m,1_1438042987127.36_20150728002307-00144-ip-10-236-191-2_676020729_0.csv,20000,1443,True,False,0,1.02602643892169e-06
tier_1m,0_1438042988458.74_20150728002308-00103-ip-10-236-191-2_666285279_1.csv,20000,178,True,False,0,7.579801604151726e-07
tier_1m,0_1438042988458.74_20150728002308-00095-ip-10-236-191-2_520943855_0.csv,20000,1461,True,False,0,9.649666026234627e-07
tier_1m,1_1438042990112.50_20150728002310-00154-ip-10-236-191-2_303864106_21.csv,20000,1292,True,False,0,1.0909861885011196e-06
tier_1m,0_1438042988061.16_20150728002308-00295-ip-10-236-191-2_159128928_26.csv,20000,843,True,False,0,7.179914973676205e-07
tier_1m,1_1438042990112.50_20150728002310-00312-ip-10-236-191-2_3243890_59.csv,20000,1025,True,False,0,9.370269253849983e-07
tier_1m,0_1438042988061.16_20150728002308-00194-ip-10-236-191-2_846810834_13.csv,20000,928,True,False,0,1.4709657989442348e-06
tier_1m,0_1438042988061.16_20150728002308-00164-ip-10-236-191-2_873456340_3.csv,20000,1396,True,False,0,1.2459931895136833e-06
tier_1m,1_1438042987127.36_20150728002307-00033-ip-10-236-191-2_482136553_0.csv,20000,1038,True,False,0,1.1450028978288174e-06
tier_1m,0_1438042988061.16_20150728002308-00299-ip-10-236-191-2_392046213_1.csv,20000,1133,True,False,0,1.3150274753570557e-06
tier_1m,0_1438042988061.16_20150728002308-00234-ip-10-236-191-2_710361395_1.csv,20000,465,True,False,0,1.1039664968848228e-06
tier_1m,1_1438042990112.50_20150728002310-00168-ip-10-236-191-2_306374627_15.csv,20000,840,True,False,0,1.2179953046143055e-06
tier_1m,0_1438042988458.74_20150728002308-00046-ip-10-236-191-2_688841822_2.csv,20000,246,True,False,0,8.299830369651318e-07
tier_1m,1_1438042987127.36_20150728002307-00080-ip-10-236-191-2_899463259_102.csv,25000,13355,False,True,1,0.02598974498687312
tier_1m,1_1438042987127.36_20150728002307-00114-ip-10-236-191-2_902351685_191.csv,25000,14359,False,True,1,0.028121209994424134
tier_1m,0_1438042988061.16_20150728002308-00282-ip-10-236-191-2_894007386_3.csv,25000,12351,False,True,1,0.024943672004155815
tier_1m,0_1438042988061.16_20150728002308-00244-ip-10-236-191-2_65898746_2.csv,25000,1562,True,False,0,9.629875421524048e-07
tier_1m,1_1438042990112.50_20150728002310-00139-ip-10-236-191-2_473436377_9.csv,25000,5791,False,True,3,0.017171760031487793
tier_1m,1_1438042990112.50_20150728002310-00013-ip-10-236-191-2_321346784_4.csv,25000,7928,False,True,1,0.012475123978219926
tier_1m,1_1438042990112.50_20150728002310-00286-ip-10-236-191-2_318221297_4.csv,25000,8164,False,True,1,0.013342620979528874
tier_1m,0_1438042988458.74_20150728002308-00249-ip-10-236-191-2_328699461_4.csv,25000,8160,False,True,1,0.013626346015371382
tier_1m,0_1438042988458.74_20150728002308-00166-ip-10-236-191-2_494514030_0.csv,25000,12841,False,True,1,0.022902776952832937
tier_1m,1_1438042987127.36_20150728002307-00145-ip-10-236-191-2_499439925_0.csv,25000,3323,False,True,3,0.009283625055104494
tier_1m,0_1438042988061.16_20150728002308-00215-ip-10-236-191-2_362876303_35.csv,25000,3640,False,True,2,0.0090701489825733
tier_1m,1_1438042987127.36_20150728002307-00000-ip-10-236-191-2_300770320_2.csv,25000,2996,False,True,3,0.009707201970741153
tier_1m,0_1438042988061.16_20150728002308-00109-ip-10-236-191-2_681611335_21.csv,25000,2060,True,False,0,1.3540266081690788e-06
tier_1m,1_1438042987127.36_20150728002307-00326-ip-10-236-191-2_165468224_3.csv,25000,2297,True,False,0,6.449990905821323e-07
tier_1m,1_1438042990112.50_20150728002310-00085-ip-10-236-191-2_403435483_3.csv,25000,3357,False,True,2,0.00764565501594916
tier_1m,1_1438042987127.36_20150728002307-00182-ip-10-236-191-2_150862475_5.csv,25000,1664,True,False,0,9.780051186680794e-07
tier_1m,0_1438042988061.16_20150728002308-00265-ip-10-236-191-2_909292875_28.csv,25000,2510,False,True,1,0.0037039529997855425
tier_1m,1_1438042987127.36_20150728002307-00144-ip-10-236-191-2_676020729_0.csv,25000,1770,True,False,0,1.1710217222571373e-06
tier_1m,0_1438042988458.74_20150728002308-00103-ip-10-236-191-2_666285279_1.csv,25000,794,True,False,0,5.110050551593304e-07
tier_1m,0_1438042988458.74_20150728002308-00095-ip-10-236-191-2_520943855_0.csv,25000,1832,True,False,0,1.6490230336785316e-06
tier_1m,1_1438042990112.50_20150728002310-00154-ip-10-236-191-2_303864106_21.csv,25000,1620,True,False,0,1.1119991540908813e-06
tier_1m,0_1438042988061.16_20150728002308-00295-ip-10-236-191-2_159128928_26.csv,25000,1368,True,False,0,1.5269615687429905e-06
tier_1m,1_1438042990112.50_20150728002310-00312-ip-10-236-191-2_3243890_59.csv,25000,1317,True,False,0,1.0950025171041489e-06
tier_1m,0_1438042988061.16_20150728002308-00194-ip-10-236-191-2_846810834_13.csv,25000,1155,True,False,0,1.0639778338372707e-06
tier_1m,0_1438042988061.16_20150728002308-00164-ip-10-236-191-2_873456340_3.csv,25000,1568,True,False,0,9.699724614620209e-07
tier_1m,1_1438042987127.36_20150728002307-00033-ip-10-236-191-2_482136553_0.csv,25000,1158,True,False,0,1.2650270946323872e-06
tier_1m,0_1438042988061.16_20150728002308-00299-ip-10-236-191-2_392046213_1.csv,25000,1267,True,False,0,1.402979250997305e-06
tier_1m,0_1438042988061.16_20150728002308-00234-ip-10-236-191-2_710361395_1.csv,25000,635,True,False,0,1.1789961718022823e-06
tier_1m,1_1438042990112.50_20150728002310-00168-ip-10-236-191-2_306374627_15.csv,25000,1015,True,False,0,1.1209631338715553e-06
tier_1m,0_1438042988458.74_20150728002308-00046-ip-10-236-191-2_688841822_2.csv,25000,299,True,False,0,8.689821697771549e-07
tier_1m,1_1438042987127.36_20150728002307-00080-ip-10-236-191-2_899463259_102.csv,30000,15820,False,True,1,0.03862785699311644
tier_1m,1_1438042987127.36_20150728002307-00114-ip-10-236-191-2_902351685_191.csv,30000,16714,False,True,1,0.04129372403258458
tier_1m,0_1438042988061.16_20150728002308-00282-ip-10-236-191-2_894007386_3.csv,30000,14749,False,True,1,0.03454432700527832
tier_1m,0_1438042988061.16_20150728002308-00244-ip-10-236-191-2_65898746_2.csv,30000,1875,True,False,0,1.4269608072936535e-06
tier_1m,1_1438042990112.50_20150728002310-00139-ip-10-236-191-2_473436377_9.csv,30000,6937,False,True,2,0.020557409967295825
tier_1m,1_1438042990112.50_20150728002310-00013-ip-10-236-191-2_321346784_4.csv,30000,8353,False,True,2,0.02429839299293235
tier_1m,1_1438042990112.50_20150728002310-00286-ip-10-236-191-2_318221297_4.csv,30000,8273,False,True,2,0.0275972590316087
tier_1m,0_1438042988458.74_20150728002308-00249-ip-10-236-191-2_328699461_4.csv,30000,8271,False,True,2,0.02404365100665018
tier_1m,0_1438042988458.74_20150728002308-00166-ip-10-236-191-2_494514030_0.csv,30000,13392,False,True,1,0.02828644501278177
tier_1m,1_1438042987127.36_20150728002307-00145-ip-10-236-191-2_499439925_0.csv,30000,3354,False,True,3,0.011783524008933455
tier_1m,0_1438042988061.16_20150728002308-00215-ip-10-236-191-2_362876303_35.csv,30000,4366,False,True,2,0.013688822975382209
tier_1m,1_1438042987127.36_20150728002307-00000-ip-10-236-191-2_300770320_2.csv,30000,3625,False,True,3,0.013428993988782167
tier_1m,0_1438042988061.16_20150728002308-00109-ip-10-236-191-2_681611335_21.csv,30000,2419,True,False,0,1.394015271216631e-06
tier_1m,1_1438042987127.36_20150728002307-00326-ip-10-236-191-2_165468224_3.csv,30000,2770,False,True,1,0.005677281005773693
tier_1m,1_1438042990112.50_20150728002310-00085-ip-10-236-191-2_403435483_3.csv,30000,3602,False,True,2,0.010057453997433186
tier_1m,1_1438042987127.36_20150728002307-00182-ip-10-236-191-2_150862475_5.csv,30000,2033,True,False,0,1.602980773895979e-06
tier_1m,0_1438042988061.16_20150728002308-00265-ip-10-236-191-2_909292875_28.csv,30000,2995,False,True,1,0.0046487050130963326
tier_1m,1_1438042987127.36_20150728002307-00144-ip-10-236-191-2_676020729_0.csv,30000,2107,True,False,0,1.5060068108141422e-06
tier_1m,0_1438042988458.74_20150728002308-00103-ip-10-236-191-2_666285279_1.csv,30000,1931,True,False,0,1.3239914551377296e-06
tier_1m,0_1438042988458.74_20150728002308-00095-ip-10-236-191-2_520943855_0.csv,30000,2154,True,False,0,1.0699732229113579e-06
tier_1m,1_1438042990112.50_20150728002310-00154-ip-10-236-191-2_303864106_21.csv,30000,1936,True,False,0,1.6390113160014153e-06
tier_1m,0_1438042988061.16_20150728002308-00295-ip-10-236-191-2_159128928_26.csv,30000,1626,True,False,0,1.035979948937893e-06
tier_1m,1_1438042990112.50_20150728002310-00312-ip-10-236-191-2_3243890_59.csv,30000,1550,True,False,0,1.4320248737931252e-06
tier_1m,0_1438042988061.16_20150728002308-00194-ip-10-236-191-2_846810834_13.csv,30000,1389,True,False,0,6.889458745718002e-07
tier_1m,0_1438042988061.16_20150728002308-00164-ip-10-236-191-2_873456340_3.csv,30000,1746,True,False,0,1.0450021363794804e-06
tier_1m,1_1438042987127.36_20150728002307-00033-ip-10-236-191-2_482136553_0.csv,30000,1284,True,False,0,7.509952411055565e-07
tier_1m,0_1438042988061.16_20150728002308-00299-ip-10-236-191-2_392046213_1.csv,30000,1355,True,False,0,1.4730030670762062e-06
tier_1m,0_1438042988061.16_20150728002308-00234-ip-10-236-191-2_710361395_1.csv,30000,831,True,False,0,9.500072337687016e-07
tier_1m,1_1438042990112.50_20150728002310-00168-ip-10-236-191-2_306374627_15.csv,30000,1183,True,False,0,1.1720112524926662e-06
tier_1m,0_1438042988458.74_20150728002308-00046-ip-10-236-191-2_688841822_2.csv,30000,339,True,False,0,9.890063665807247e-07
